bootstrap_iteration,auroc,auprc,brier,sensitivity,specificity,ppv,npv,f1,calibration_intercept,calibration_slope
0,0.899671052631579,0.8489956067401869,0.1485266814135409,0.9078947368421053,0.8194444444444444,0.7263157894736842,0.944,0.8070175438596491,-0.9605148124747461,1.9531764729681478
1,0.8778439869989165,0.8189128607648851,0.1639311573279727,0.8205128205128205,0.7816901408450704,0.6736842105263158,0.888,0.7398843930635838,-0.9218265182728727,1.6563033978740216
2,0.9438888304032004,0.8782660715202896,0.15648760233325454,0.9322033898305084,0.7453416149068323,0.5729166666666666,0.967741935483871,0.7096774193548387,-2.2438724933051875,2.7744451635711873
3,0.9115430024520933,0.8972095899105637,0.15011947897350908,0.9090909090909091,0.8041958041958042,0.7142857142857143,0.9426229508196722,0.8,-1.2842602455314516,2.013620620923033
4,0.897673439309401,0.7647898342229773,0.1665842157265409,0.9152542372881356,0.7391304347826086,0.5625,0.9596774193548387,0.6967741935483871,-1.6063958982979734,1.8343874380342724
5,0.9317906336088154,0.8221931337517889,0.15318335468048636,0.9272727272727272,0.7636363636363637,0.5666666666666667,0.9692307692307692,0.7034482758620689,-1.920586364504771,2.222722201911554
6,0.9303225806451614,0.8366924559058558,0.1462112925347,0.9230769230769231,0.7935483870967742,0.6521739130434783,0.9609375,0.7643312101910829,-1.533332724849279,2.3371318952855575
7,0.9365687526607067,0.8656497875984812,0.16831863823868182,0.9482758620689655,0.7037037037037037,0.5339805825242718,0.9743589743589743,0.6832298136645962,-2.3472024917988055,2.7007181646696714
8,0.9098051878161661,0.8181121688506793,0.1549293984238909,0.8947368421052632,0.7975460122699386,0.6071428571428571,0.9558823529411765,0.723404255319149,-1.6411936868222397,2.005213039148983
9,0.8827083333333333,0.8346479251855856,0.1530965736785682,0.8333333333333334,0.8125,0.625,0.9285714285714286,0.7142857142857143,-1.315690813248699,1.7860269168605476
10,0.9413333333333334,0.8707997661480377,0.14044639563241365,0.9285714285714286,0.8,0.6842105263157895,0.96,0.7878787878787878,-1.6169244432404835,2.345920352778395
11,0.894095238095238,0.8205035090657414,0.15850395422945454,0.9142857142857143,0.7533333333333333,0.6336633663366337,0.9495798319327731,0.7485380116959064,-1.226696536907308,1.740932521077503
12,0.9191861023130818,0.8738421339709402,0.14649171118540907,0.9420289855072463,0.8079470198675497,0.6914893617021277,0.9682539682539683,0.7975460122699386,-1.4715808604360998,2.053616445151313
13,0.9136193492657644,0.8782359347749489,0.14186669452975909,0.8840579710144928,0.8145695364238411,0.6853932584269663,0.9389312977099237,0.7721518987341772,-1.2191791761096245,2.0263231932617694
14,0.8786599099099099,0.8119242937578608,0.16048684921444548,0.8472222222222222,0.777027027027027,0.648936170212766,0.9126984126984127,0.7349397590361446,-1.0858191227883707,1.6500088601672025
15,0.8783952394663597,0.7753815910544124,0.16742612664388185,0.8840579710144928,0.7152317880794702,0.5865384615384616,0.9310344827586207,0.7052023121387283,-1.2999192212425523,1.713366570840525
16,0.9280397022332506,0.842689472457078,0.14779413743868638,0.9692307692307692,0.7870967741935484,0.65625,0.9838709677419355,0.782608695652174,-1.5854145526455157,2.3291632598163416
17,0.89375,0.7843422241847297,0.1649630009238591,0.8833333333333333,0.775,0.5955056179775281,0.9465648854961832,0.7114093959731543,-1.479233665512397,1.7414259901766813
18,0.9395238095238095,0.8996838513437408,0.1359561365308682,0.9571428571428572,0.8133333333333334,0.7052631578947368,0.976,0.8121212121212121,-1.674624581871603,2.360284720627245
19,0.9170812603648424,0.820645533126852,0.15341664772593636,0.9104477611940298,0.7712418300653595,0.6354166666666666,0.9516129032258065,0.7484662576687117,-1.577120788962622,2.1064113923305348
20,0.924922600619195,0.8566058049193133,0.15139028212964548,0.9264705882352942,0.7631578947368421,0.6363636363636364,0.9586776859504132,0.7544910179640718,-1.5087267312756205,2.055242943464073
21,0.9427167029019756,0.9058501831949703,0.13565006858856818,0.8873239436619719,0.7785234899328859,0.65625,0.9354838709677419,0.7544910179640718,-1.5558800141672957,2.5031041413735586
22,0.9244756804997769,0.8554783459087391,0.14709658683482274,0.8888888888888888,0.7650602409638554,0.5517241379310345,0.9548872180451128,0.6808510638297872,-1.7240372811147733,2.2304667140633505
23,0.9075167256985439,0.8399346287600625,0.15041206229877727,0.9090909090909091,0.7597402597402597,0.6185567010309279,0.9512195121951219,0.7361963190184049,-1.2767646163414588,2.0785031303518835
24,0.8897142857142857,0.8192433633229537,0.16668393469927725,0.9,0.72,0.6,0.9391304347826087,0.72,-1.4832822700665067,1.7150888279946903
25,0.8982683982683983,0.8165600135491604,0.17197306801112727,0.9090909090909091,0.7012987012987013,0.5660377358490566,0.9473684210526315,0.6976744186046512,-1.6612561837589364,1.9614867293169689
26,0.8894035353057945,0.8356191912715693,0.15613471625733186,0.9014084507042254,0.7718120805369127,0.6530612244897959,0.9426229508196722,0.757396449704142,-1.1886876736514949,1.7176040809009436
27,0.9137153277665803,0.8557121512556857,0.15157291984870908,0.8985507246376812,0.7682119205298014,0.6391752577319587,0.943089430894309,0.7469879518072289,-1.3667974427073213,2.1366883874764877
28,0.8916103603603603,0.8196211549703795,0.15432794388990004,0.875,0.7837837837837838,0.6631578947368421,0.928,0.7544910179640718,-1.2402768242683047,1.6168672530888613
29,0.9063467492260061,0.8121179797360375,0.1562803285108273,0.9117647058823529,0.7697368421052632,0.6391752577319587,0.9512195121951219,0.7515151515151515,-1.3883619239100082,1.8717779453573347
30,0.8988362596978359,0.8267231222693094,0.16370834830260453,0.8870967741935484,0.740506329113924,0.5729166666666666,0.9435483870967742,0.6962025316455697,-1.549480935513266,1.8308649218816262
31,0.9115990990990991,0.8467340607545317,0.14280932692158635,0.8472222222222222,0.8108108108108109,0.6853932584269663,0.916030534351145,0.7577639751552795,-1.0229448453471075,1.9988151907797342
32,0.9135233707649487,0.8393278493030141,0.15797742268635,0.9130434782608695,0.7218543046357616,0.6,0.9478260869565217,0.7241379310344828,-1.5654777679668537,2.0140716106928025
33,0.8934791021671827,0.7838318506844286,0.16649234797834545,0.8823529411764706,0.756578947368421,0.6185567010309279,0.9349593495934959,0.7272727272727273,-1.3566555348063267,1.8808198576219537
34,0.8827668128654971,0.8322904814633121,0.16460091840202729,0.9078947368421053,0.7430555555555556,0.6509433962264151,0.9385964912280702,0.7582417582417582,-1.169819238208652,1.724280158860666
35,0.93128067826863,0.8352820322632264,0.16028558844218638,0.9629629629629629,0.7469879518072289,0.5531914893617021,0.9841269841269841,0.7027027027027027,-2.205371845376448,2.3073456182431387
36,0.9062784349408552,0.8386802780097524,0.16490878709661363,0.9523809523809523,0.7579617834394905,0.6122448979591837,0.9754098360655737,0.7453416149068323,-1.6705710898606663,2.031686467681108
37,0.8892227564102565,0.7879971706240378,0.16543678135683634,0.890625,0.7435897435897436,0.5876288659793815,0.943089430894309,0.7080745341614907,-1.4108205272492336,1.7445268434876164
38,0.8569895619939519,0.7550687542254462,0.16895846872943637,0.8208955223880597,0.7647058823529411,0.6043956043956044,0.9069767441860465,0.6962025316455697,-1.089775186259753,1.5065664164554626
39,0.8976183111660996,0.7909960197292917,0.17422822426189088,0.9180327868852459,0.7421383647798742,0.5773195876288659,0.959349593495935,0.7088607594936709,-1.6741811446481893,2.047061224907853
40,0.8628011433238056,0.7625504473986356,0.1691750537023591,0.8225806451612904,0.7658227848101266,0.5795454545454546,0.9166666666666666,0.68,-1.240022109361642,1.5592811814011471
41,0.8950415833245606,0.7964587768501543,0.16662475571881818,0.8813559322033898,0.7577639751552795,0.5714285714285714,0.9457364341085271,0.6933333333333334,-1.5733004264898227,1.8728553938234127
42,0.9312793934158748,0.8465628727823569,0.14801226214671362,0.9420289855072463,0.7615894039735099,0.6435643564356436,0.9663865546218487,0.7647058823529411,-1.6925664422378623,2.4759234483521215
43,0.8680276662204373,0.7295174151939677,0.17196327837290457,0.8518518518518519,0.7590361445783133,0.5348837209302325,0.9402985074626866,0.6571428571428571,-1.4595348456283117,1.5189041121227593
44,0.8941461935092507,0.8422182826421032,0.16444554376060908,0.8571428571428571,0.7452229299363057,0.574468085106383,0.9285714285714286,0.6878980891719745,-1.6030826719096323,1.7804966241105844
45,0.9343337590464027,0.8584518207505172,0.16279852350841817,0.9655172413793104,0.7345679012345679,0.5656565656565656,0.9834710743801653,0.7133757961783439,-2.2047439525885975,2.72237130930359
46,0.9389731998708428,0.8350467740236003,0.15309635937138638,0.9298245614035088,0.754601226993865,0.5698924731182796,0.968503937007874,0.7066666666666667,-2.0112141362063607,2.524881633883781
47,0.938125568698817,0.8817436465799402,0.14741434840642723,0.9365079365079365,0.8152866242038217,0.6704545454545454,0.9696969696969697,0.7814569536423841,-1.9134573594528403,2.1811097469006997
48,0.8935627185934398,0.8474432465596493,0.15822315362428638,0.8591549295774648,0.7785234899328859,0.648936170212766,0.9206349206349206,0.7393939393939394,-1.2055283281020728,1.8225137541499552
49,0.9064183760279799,0.8745012814112799,0.1513437048462909,0.8591549295774648,0.7986577181208053,0.6703296703296703,0.9224806201550387,0.7530864197530864,-1.2974317243678568,2.0244375438149014
50,0.9289617486338797,0.8657046306780101,0.1480125383169227,0.9344262295081968,0.8050314465408805,0.6477272727272727,0.9696969696969697,0.7651006711409396,-1.7448649050070042,2.1610496780629367
51,0.8809523809523809,0.8210575017715633,0.15961572946499544,0.8714285714285714,0.7866666666666666,0.6559139784946236,0.9291338582677166,0.7484662576687117,-1.1603651165880615,1.6922709976057426
52,0.8601872780109784,0.766294928130406,0.17191230314637276,0.8245614035087719,0.7730061349693251,0.5595238095238095,0.9264705882352942,0.6666666666666666,-1.3300344351477609,1.7069985295229766
53,0.9159375000000001,0.8293022340694167,0.15831999487478182,0.9166666666666666,0.74375,0.5729166666666666,0.9596774193548387,0.7051282051282052,-1.724969407209162,1.8855174164477375
54,0.8875416512402814,0.8577760096523005,0.15436730608227275,0.8783783783783784,0.7876712328767124,0.6770833333333334,0.9274193548387096,0.7647058823529411,-1.0381666693682434,1.676606588842957
55,0.9221514508138713,0.881790307660148,0.14676824707277275,0.9047619047619048,0.7898089171974523,0.6333333333333333,0.9538461538461539,0.7450980392156863,-1.5222411852144075,2.1772008638656395
56,0.9222574143391881,0.8538387378297262,0.14629284409717727,0.9420289855072463,0.7947019867549668,0.6770833333333334,0.967741935483871,0.7878787878787878,-1.352849748536553,2.1661628002332716
57,0.9162298850574713,0.8662181957623083,0.15880158812283182,0.92,0.7310344827586207,0.6388888888888888,0.9464285714285714,0.7540983606557377,-1.4868786079333987,2.339790616787494
58,0.911906275542639,0.8882462042285161,0.14435321517632727,0.8961038961038961,0.7692307692307693,0.6764705882352942,0.9322033898305084,0.770949720670391,-1.1784314955411623,1.9197439392686266
59,0.9103502097356356,0.857700970771962,0.15687055105881817,0.9253731343283582,0.7647058823529411,0.6326530612244898,0.9590163934426229,0.7515151515151515,-1.3834980992396326,2.2102810352636446
60,0.9263977353149326,0.8380066457653066,0.1611168442815091,0.9206349206349206,0.7643312101910829,0.6105263157894737,0.96,0.7341772151898734,-1.7695823253044076,2.4239367978105313
61,0.9085826111266424,0.868502945383073,0.1462908828409364,0.8904109589041096,0.7959183673469388,0.6842105263157895,0.936,0.7738095238095238,-1.1171322573879194,1.9484953363848
62,0.8806249999999999,0.7578346514638797,0.17341241536733634,0.8833333333333333,0.73125,0.5520833333333334,0.9435483870967742,0.6794871794871795,-1.514305851791498,1.7459243350835798
63,0.8923277243589743,0.8284602450279629,0.17056677550541363,0.890625,0.6987179487179487,0.5480769230769231,0.9396551724137931,0.6785714285714286,-1.5841465205195369,1.7905549844631008
64,0.8870471464019852,0.8005189587683413,0.16703804822685456,0.8769230769230769,0.7290322580645161,0.5757575757575758,0.9338842975206612,0.6951219512195121,-1.4587062074749597,1.7494430027752215
65,0.9384203480589024,0.8546767723929354,0.15274858332527272,0.9629629629629629,0.7530120481927711,0.5591397849462365,0.984251968503937,0.7074829931972789,-2.1167686689582994,2.421431295353184
66,0.8708333333333332,0.7999385169972033,0.17138866409792272,0.9,0.78125,0.6067415730337079,0.9541984732824428,0.7248322147651006,-1.4679014903860714,1.510635859284796
67,0.9119877147518957,0.8526000863703419,0.15235651791808183,0.855072463768116,0.7814569536423841,0.6413043478260869,0.921875,0.7329192546583851,-1.3826313883401888,2.008308030909169
68,0.9129528535980148,0.8539229821864496,0.15475608267115906,0.8923076923076924,0.8258064516129032,0.6823529411764706,0.9481481481481482,0.7733333333333333,-1.431964901550521,2.1470328826554685
69,0.8924010217113665,0.8121592788801193,0.15942577548930004,0.8793103448275862,0.7654320987654321,0.5730337078651685,0.9465648854961832,0.6938775510204082,-1.4280441546213074,1.806983539270904
70,0.9202029070334602,0.8490056146225439,0.14778562778119547,0.9104477611940298,0.7777777777777778,0.6421052631578947,0.952,0.7530864197530864,-1.29867707257483,2.2780488684220868
71,0.9495277449822905,0.9025241581255437,0.13810370977758638,0.9242424242424242,0.7922077922077922,0.6559139784946236,0.9606299212598425,0.7672955974842768,-1.6518219121571251,2.904195783230884
72,0.9056757860351163,0.822037461615646,0.15754098052715,0.9032258064516129,0.7784810126582279,0.6153846153846154,0.9534883720930233,0.7320261437908496,-1.5603647382378096,1.997324797606768
73,0.8990384615384616,0.7933753493218365,0.16459518147021363,0.890625,0.75,0.59375,0.9435483870967742,0.7125,-1.4752500005811975,1.8861127268564772
74,0.9082093663911845,0.8397018971121529,0.15374673706449998,0.8727272727272727,0.793939393939394,0.5853658536585366,0.9492753623188406,0.7007299270072993,-1.5754400712617798,2.0551971211927254
75,0.8923809523809524,0.8408723575802609,0.15912299438860456,0.8571428571428571,0.7866666666666666,0.6521739130434783,0.921875,0.7407407407407407,-1.236817028841862,1.7547003832439985
76,0.8480589022757696,0.7355231714389867,0.18209569149823182,0.7777777777777778,0.7349397590361446,0.4883720930232558,0.9104477611940298,0.6,-1.5231441334011715,1.3837779584280585
77,0.9486896551724138,0.9121695315791409,0.12997629824785004,0.9066666666666666,0.8344827586206897,0.7391304347826086,0.9453125,0.8143712574850299,-1.4165439969491762,2.785696651976005
78,0.8595753205128205,0.783430374445685,0.17854595600962272,0.890625,0.7628205128205128,0.6063829787234043,0.9444444444444444,0.7215189873417721,-1.331103466303715,1.6257712208927895
79,0.8704212454212454,0.7654743022867544,0.16337605024263638,0.8653846153846154,0.7738095238095238,0.5421686746987951,0.948905109489051,0.6666666666666666,-1.4395497660795562,1.5221828286562051
80,0.9332291666666667,0.8584383896223823,0.16196569934693633,0.9666666666666667,0.73125,0.5742574257425742,0.9831932773109243,0.7204968944099379,-2.2966740226107656,2.395641180943646
81,0.8559622195985832,0.7610912094237378,0.18029239638568637,0.8333333333333334,0.6818181818181818,0.5288461538461539,0.9051724137931034,0.6470588235294118,-1.2809423896045977,1.517819443441459
82,0.8899961300309598,0.8268871801880481,0.16632777690488634,0.9117647058823529,0.7368421052631579,0.6078431372549019,0.9491525423728814,0.7294117647058823,-1.4038732873432953,1.7090773459411714
83,0.9473078030521164,0.9086878006024238,0.1363621941957773,0.9420289855072463,0.8013245033112583,0.6842105263157895,0.968,0.7926829268292683,-1.6044972473786139,2.6996484841189106
84,0.9067408057750463,0.836585333819079,0.15749314876694093,0.9253731343283582,0.7516339869281046,0.62,0.9583333333333334,0.7425149700598802,-1.4889887143483398,1.916970191491148
85,0.870213963963964,0.820505769575392,0.17447984498039093,0.8888888888888888,0.7432432432432432,0.6274509803921569,0.9322033898305084,0.735632183908046,-1.319218660146968,1.4718557729226929
86,0.9244665012406948,0.8650267031469066,0.15830314203328635,0.9538461538461539,0.7419354838709677,0.6078431372549019,0.9745762711864406,0.7425149700598802,-1.7619418753261833,2.4344736588423705
87,0.9314117647058824,0.8037323810347353,0.16167803876725453,0.92,0.7588235294117647,0.5287356321839081,0.9699248120300752,0.6715328467153284,-2.013275104993676,2.612502111461216
88,0.9349415204678362,0.8964810662234747,0.1396105900145273,0.9078947368421053,0.8194444444444444,0.7263157894736842,0.944,0.8070175438596491,-1.3045624966132403,2.285834327027068
89,0.951219512195122,0.8537015821522375,0.14909738356289998,0.9821428571428571,0.7987804878048781,0.625,0.9924242424242424,0.7638888888888888,-2.1244179277748305,2.7294488291287817
90,0.899547422274695,0.8148961740327201,0.15735853637619088,0.9090909090909091,0.7857142857142857,0.6451612903225806,0.952755905511811,0.7547169811320755,-1.3417278442895597,1.7273396174742028
91,0.8716475095785441,0.799301808948708,0.17131237578982728,0.8448275862068966,0.7716049382716049,0.5697674418604651,0.9328358208955224,0.6805555555555556,-1.4756829989724496,1.5702006341829067
92,0.8997955010224948,0.7759206728837782,0.16452039408135002,0.8947368421052632,0.7300613496932515,0.5368421052631579,0.952,0.6710526315789473,-1.609483496168524,2.080233878880786
93,0.8922161435838373,0.8205511583477597,0.16923921141074094,0.8985507246376812,0.7284768211920529,0.6019417475728155,0.9401709401709402,0.7209302325581395,-1.4505347938502702,1.6993292913554015
94,0.84618993993994,0.7506313095399447,0.18034860913015907,0.8611111111111112,0.6959459459459459,0.5794392523364486,0.911504424778761,0.6927374301675978,-1.0615518077646633,1.5200335840157668
95,0.9268364062042728,0.862944839908315,0.15095962591576362,0.9253731343283582,0.7647058823529411,0.6326530612244898,0.9590163934426229,0.7515151515151515,-1.6225844034057042,2.2176152332653984
96,0.8804000412413651,0.7695063148985395,0.16805087971364546,0.8852459016393442,0.7610062893081762,0.5869565217391305,0.9453125,0.7058823529411765,-1.347392900786943,1.9658391684374859
97,0.9016738604063586,0.8046640455481407,0.16374866481374545,0.9152542372881356,0.7515527950310559,0.574468085106383,0.9603174603174603,0.7058823529411765,-1.680243642007832,1.9132782448673682
98,0.9613071191309812,0.9291198501278205,0.13545417124631365,0.9746835443037974,0.7730496453900709,0.7064220183486238,0.9819819819819819,0.8191489361702128,-2.041405816167204,3.0732029627908575
99,0.9318859088974031,0.8457292407856667,0.1615823633188727,0.9482758620689655,0.7407407407407407,0.5670103092783505,0.975609756097561,0.7096774193548387,-2.0250488169440253,2.1229446883598806
100,0.868232224396608,0.8214824186774043,0.16727099848645452,0.8356164383561644,0.7755102040816326,0.648936170212766,0.9047619047619048,0.7305389221556886,-1.0402365271733365,1.7500952174397675
101,0.9092689968037942,0.8382682168587946,0.16574127353546367,0.9344262295081968,0.7169811320754716,0.5588235294117647,0.9661016949152542,0.6993865030674846,-1.7550720914361957,2.1797383179495573
102,0.9408773045136681,0.9005562210267831,0.13899410714860452,0.948051948051948,0.7972027972027972,0.7156862745098039,0.9661016949152542,0.8156424581005587,-1.6043855693555282,2.7891233227348486
103,0.8763781135157208,0.7865844010759142,0.16895318758350455,0.8548387096774194,0.7278481012658228,0.5520833333333334,0.9274193548387096,0.6708860759493671,-1.399582265378079,1.6164367025511583
104,0.9176670762832027,0.8493035498668988,0.1569111121309318,0.9295774647887324,0.7449664429530202,0.6346153846153846,0.9568965517241379,0.7542857142857143,-1.522963480425046,2.230007406796278
105,0.9025939080830911,0.8118264017747193,0.15390928104576362,0.8421052631578947,0.803680981595092,0.6,0.9357142857142857,0.7007299270072993,-1.3867790992169156,1.9381033689296512
106,0.9198261045394803,0.8474620872822809,0.1656006398070091,0.9047619047619048,0.7388535031847133,0.5816326530612245,0.9508196721311475,0.7080745341614907,-1.9804189054181547,1.9657287901471783
107,0.9127745128363749,0.8049578042487084,0.1657463752115,0.9508196721311475,0.7232704402515723,0.5686274509803921,0.9745762711864406,0.7116564417177914,-1.8530644437524866,2.098799568970213
108,0.8861780318497345,0.8210473907467207,0.16495019750062728,0.8548387096774194,0.7848101265822784,0.6091954022988506,0.9323308270676691,0.7114093959731543,-1.4128637833533737,1.7437017912239396
109,0.8779091591591592,0.8223510457456491,0.1680197251082,0.875,0.6959459459459459,0.5833333333333334,0.9196428571428571,0.7,-1.224141849552026,1.7149854953354537
110,0.9445960974623394,0.8970755174409717,0.1345101871024136,0.9523809523809523,0.8407643312101911,0.7058823529411765,0.9777777777777777,0.8108108108108109,-1.5899347075159467,2.482814194741117
111,0.9088833746898262,0.8468435804331702,0.16249776076541367,0.9384615384615385,0.7419354838709677,0.6039603960396039,0.9663865546218487,0.7349397590361446,-1.7070735502820569,1.9609892042636112
112,0.9447520054231161,0.851860460108187,0.15881200359759998,0.9622641509433962,0.7485029940119761,0.5483870967741935,0.984251968503937,0.6986301369863014,-2.376070917602656,2.7921517281116235
113,0.894112795133519,0.8140532303156138,0.15024978282194093,0.9016393442622951,0.8050314465408805,0.6395348837209303,0.9552238805970149,0.7482993197278912,-1.2943729757921971,1.73467714391155
114,0.9049482806821358,0.8346253657221234,0.1584741771848773,0.9178082191780822,0.7755102040816326,0.67,0.95,0.7745664739884393,-1.1903331054448705,2.0851295649306874
115,0.9032861078315624,0.8408687642249792,0.15695891978773183,0.8484848484848485,0.7857142857142857,0.6292134831460674,0.9236641221374046,0.7225806451612903,-1.316047961315318,2.0117463589994036
116,0.8762851655180205,0.7405322384368263,0.18501370640902273,0.8867924528301887,0.688622754491018,0.47474747474747475,0.9504132231404959,0.618421052631579,-1.7703174407990263,1.6803273041392481
117,0.9324919871794872,0.8598398392594637,0.14753522745299547,0.9375,0.7371794871794872,0.594059405940594,0.9663865546218487,0.7272727272727273,-1.8019234141431866,2.2629751100865563
118,0.8959779501837485,0.8315741082504238,0.16468277591189545,0.8709677419354839,0.7151898734177216,0.5454545454545454,0.9338842975206612,0.6708074534161491,-1.536692384368018,1.9093766866376578
119,0.9157298474945534,0.9107797768935968,0.1392956313863591,0.9058823529411765,0.8296296296296296,0.77,0.9333333333333333,0.8324324324324325,-1.0418693864300759,2.080425723314945
120,0.8729528535980149,0.8287173910248853,0.16688877207520453,0.8461538461538461,0.7354838709677419,0.5729166666666666,0.9193548387096774,0.6832298136645962,-1.3614037664112282,1.560835777977421
121,0.9372845028422327,0.8876902649979093,0.13867706572250907,0.9041095890410958,0.7687074829931972,0.66,0.9416666666666667,0.7630057803468208,-1.4583775245598547,2.3974046797140915
122,0.88109520123839,0.842348744933217,0.1532744714368727,0.8529411764705882,0.7894736842105263,0.6444444444444445,0.9230769230769231,0.7341772151898734,-1.1308551760317247,1.6048032061743718
123,0.9428374655647382,0.8907278631184037,0.1338504355226,0.9090909090909091,0.7792207792207793,0.6382978723404256,0.9523809523809523,0.75,-1.4573773534145142,2.6503867377716883
124,0.8544057756386524,0.8007237653357719,0.17160386932771365,0.8513513513513513,0.7191780821917808,0.6057692307692307,0.9051724137931034,0.7078651685393258,-1.007527423670223,1.4402928371935497
125,0.8963749883515049,0.8690502589469962,0.15658079848900003,0.8493150684931506,0.7346938775510204,0.6138613861386139,0.907563025210084,0.7126436781609196,-1.2334092731910797,1.8893748604849978
126,0.9299321924443009,0.8584287272744571,0.15275033365859547,0.9298245614035088,0.7607361963190185,0.5760869565217391,0.96875,0.7114093959731543,-1.8249096730352357,2.132365906700789
127,0.8939552152221836,0.7557398066012686,0.16555679694251363,0.9215686274509803,0.7514792899408284,0.5280898876404494,0.9694656488549618,0.6714285714285714,-1.6780975970217074,1.6832529309003137
128,0.9267388547458785,0.8445146967106408,0.14795217244473183,0.9104477611940298,0.7581699346405228,0.6224489795918368,0.9508196721311475,0.7393939393939394,-1.458594537366068,2.509512301437959
129,0.9381121515445054,0.8735019260212581,0.15250560704976815,0.9122807017543859,0.754601226993865,0.5652173913043478,0.9609375,0.697986577181208,-2.0244450285952302,2.4964422943268185
130,0.9479047619047619,0.8994437502611675,0.1426736545234591,0.9714285714285714,0.8,0.6938775510204082,0.9836065573770492,0.8095238095238095,-1.7467075794124152,2.6779930578057156
131,0.884074177616252,0.8511048147850565,0.1576875503830318,0.8904109589041096,0.7551020408163265,0.6435643564356436,0.9327731092436975,0.7471264367816092,-1.1326419126949545,1.6984743811472003
132,0.8980945362669754,0.8234979264955736,0.15903691339331366,0.8983050847457628,0.7888198757763976,0.6091954022988506,0.9548872180451128,0.726027397260274,-1.4152555451871913,1.8408461740337376
133,0.8799919118390456,0.7933769762943352,0.17162267997494549,0.873015873015873,0.7515923566878981,0.5851063829787234,0.9365079365079365,0.7006369426751592,-1.3759427740637404,1.790561512152621
134,0.9430088141025641,0.8751744688046561,0.14442668579351364,0.96875,0.7692307692307693,0.6326530612244898,0.9836065573770492,0.7654320987654321,-1.7906142043225144,2.584446691064822
135,0.915389527458493,0.8277987487473967,0.16520443816513183,0.9137931034482759,0.7716049382716049,0.5888888888888889,0.9615384615384616,0.7162162162162162,-1.9164019699003818,1.9601421970434085
136,0.9074074074074074,0.7645239493643228,0.17515069123866822,0.9259259259259259,0.7289156626506024,0.5263157894736842,0.968,0.6711409395973155,-1.9840254711898409,1.9868059135254812
137,0.9133613782051282,0.8645681756654818,0.15010852876805908,0.921875,0.782051282051282,0.6344086021505376,0.9606299212598425,0.7515923566878981,-1.5399573613257147,1.9747944398448416
138,0.8579270261543428,0.7284780735791843,0.1760342260815091,0.8070175438596491,0.7423312883435583,0.5227272727272727,0.9166666666666666,0.6344827586206897,-1.3726764440016839,1.603033706333637
139,0.9278092334494773,0.8372289823066359,0.16048023740543635,0.9107142857142857,0.75,0.5543478260869565,0.9609375,0.6891891891891891,-1.9654423328172448,2.5510863440259297
140,0.930095818815331,0.8466898338703387,0.15430311377249542,0.9285714285714286,0.7804878048780488,0.5909090909090909,0.9696969696969697,0.7222222222222222,-1.8434202392731167,2.3310119952679313
141,0.9183126550868487,0.8540578772084355,0.14497584383919998,0.9230769230769231,0.7935483870967742,0.6521739130434783,0.9609375,0.7643312101910829,-1.345339226886463,2.1346589408641865
142,0.9304748062015503,0.8220198757380562,0.1631067347291909,0.9166666666666666,0.7441860465116279,0.5,0.9696969696969697,0.6470588235294118,-2.22543024803136,2.2749727487766376
143,0.9082857142857144,0.8488005714160555,0.16061343829938182,0.9285714285714286,0.7333333333333333,0.6190476190476191,0.9565217391304348,0.7428571428571429,-1.5316526363517355,2.0080459309939402
144,0.9006410256410258,0.8163595233328972,0.16668541260530909,0.921875,0.7243589743589743,0.5784313725490197,0.9576271186440678,0.7108433734939759,-1.6082706636145063,2.0857565688970374
145,0.9234713622291021,0.8578852672299414,0.1552718928059818,0.9264705882352942,0.7697368421052632,0.6428571428571429,0.9590163934426229,0.7590361445783133,-1.5966576889614812,2.05086323919577
146,0.8913428385052651,0.8357922174408651,0.16547359100865003,0.9041095890410958,0.7687074829931972,0.66,0.9416666666666667,0.7630057803468208,-1.3382059042112635,1.688290909634732
147,0.9213426347184309,0.8799410300303481,0.14892107747825908,0.873015873015873,0.7898089171974523,0.625,0.9393939393939394,0.7284768211920529,-1.6137808312407247,2.1267370295702124
148,0.9187545107743067,0.8277780671058388,0.15729549692342729,0.9508196721311475,0.779874213836478,0.6236559139784946,0.9763779527559056,0.7532467532467533,-1.7401060405703344,2.236891109335983
149,0.9016438107347198,0.8510253898234481,0.15403341131318635,0.9090909090909091,0.8041958041958042,0.7142857142857143,0.9426229508196722,0.8,-1.2631015201730142,1.6998279724818037
150,0.8862841478400604,0.8168890789590972,0.1648014996672591,0.8873239436619719,0.738255033557047,0.6176470588235294,0.9322033898305084,0.7283236994219653,-1.283510631877552,1.7393654901506603
151,0.9150125803746155,0.8867846067272706,0.15258315374106815,0.9178082191780822,0.7551020408163265,0.6504854368932039,0.9487179487179487,0.7613636363636364,-1.3345991689044587,2.121709743213555
152,0.9000112981584002,0.8161922231765317,0.1759373835370864,0.8867924528301887,0.7125748502994012,0.49473684210526314,0.952,0.6351351351351351,-1.9407424808655036,1.924658188710431
153,0.9195590036749692,0.8485201452423725,0.15433039682244998,0.9354838709677419,0.7531645569620253,0.5979381443298969,0.967479674796748,0.7295597484276729,-1.6685617267758837,2.2090541413018654
154,0.8878205128205129,0.8095339443788527,0.16196896972624547,0.875,0.7756410256410257,0.6153846153846154,0.937984496124031,0.7225806451612903,-1.369016489727614,1.7329715126343603
155,0.8775000000000001,0.7843907096543311,0.17788728853879088,0.8833333333333333,0.7,0.5247524752475248,0.9411764705882353,0.6583850931677019,-1.5320659910398473,1.6912251073597273
156,0.9155844155844156,0.8274345308809744,0.15443436255950455,0.9242424242424242,0.7597402597402597,0.6224489795918368,0.9590163934426229,0.7439024390243902,-1.48847690745056,2.0387680104063297
157,0.9205729166666666,0.870229684411382,0.14515103260942272,0.890625,0.7884615384615384,0.6333333333333333,0.9461538461538461,0.7402597402597403,-1.5429426351640603,1.9702899551929092
158,0.9294772656974948,0.8546297531664291,0.1506868416393091,0.9180327868852459,0.7924528301886793,0.6292134831460674,0.9618320610687023,0.7466666666666667,-1.7323397895434371,2.2645972534266754
159,0.9275214373213557,0.8573571792325516,0.1520566322357727,0.9354838709677419,0.7531645569620253,0.5979381443298969,0.967479674796748,0.7295597484276729,-1.8611597626333405,2.257613668989036
160,0.8624107142857144,0.7986599834059627,0.16880388400314092,0.8625,0.7571428571428571,0.6699029126213593,0.905982905982906,0.7540983606557377,-0.9682573397652408,1.6050346067565018
161,0.9140027984070606,0.8117091561993651,0.16557183847643636,0.8771929824561403,0.7423312883435583,0.5434782608695652,0.9453125,0.6711409395973155,-1.7910437327229383,2.0741428226792697
162,0.9340547162106982,0.8688559925940302,0.14012960377347727,0.9193548387096774,0.8291139240506329,0.6785714285714286,0.9632352941176471,0.7808219178082192,-1.4417162473854148,2.2441254973145957
163,0.9216964285714286,0.9122665171085924,0.13858904675980452,0.9,0.7785714285714286,0.6990291262135923,0.9316239316239316,0.7868852459016393,-1.210545848677726,2.074978648099688
164,0.9336788559362703,0.8806468722121932,0.1453942464211636,0.9420289855072463,0.8079470198675497,0.6914893617021277,0.9682539682539683,0.7975460122699386,-1.633573673224715,2.2978889563007816
165,0.9336875245966155,0.8656164236788032,0.14816186888151364,0.9545454545454546,0.7597402597402597,0.63,0.975,0.7590361445783133,-1.6471860941659966,2.4970964571119305
166,0.9061347953492769,0.8457932837779683,0.14194631052272724,0.8591549295774648,0.825503355704698,0.7011494252873564,0.924812030075188,0.7721518987341772,-0.9559842100324683,1.8594222604116615
167,0.9454879542670477,0.9018908361796525,0.1484167715498909,0.9354838709677419,0.7658227848101266,0.6105263157894737,0.968,0.7388535031847133,-1.998206125560026,2.8281187940518553
168,0.8489535003608619,0.7452854659814717,0.17524677549638182,0.8032786885245902,0.7484276729559748,0.550561797752809,0.9083969465648855,0.6533333333333333,-1.2667921921231504,1.4156409041260505
169,0.8332845576041361,0.7357223279729106,0.19735565090752272,0.8656716417910447,0.673202614379085,0.5370370370370371,0.9196428571428571,0.6628571428571428,-1.322065249270988,1.412646816947026
170,0.8926818384649711,0.7491610526780259,0.16704995963899547,0.9074074074074074,0.7469879518072289,0.5384615384615384,0.9612403100775194,0.6758620689655173,-1.6169145231951516,1.8788711833004077
171,0.9298568111455108,0.8827528113630453,0.1490436934492409,0.9117647058823529,0.7631578947368421,0.6326530612244898,0.9508196721311475,0.7469879518072289,-1.7294076804697556,2.139912747878425
172,0.9193599326244868,0.8158059240779686,0.16434929899557732,0.9491525423728814,0.7453416149068323,0.5773195876288659,0.975609756097561,0.717948717948718,-1.8203091227324104,2.1764631582984686
173,0.9488833746898263,0.8677673922838636,0.13580807297795455,0.9384615384615385,0.8129032258064516,0.6777777777777778,0.9692307692307692,0.7870967741935484,-1.5642188598693085,2.6628076289090994
174,0.8991472786609117,0.8012910222191911,0.16051009639769087,0.8813559322033898,0.7950310559006211,0.611764705882353,0.9481481481481482,0.7222222222222222,-1.3981521834961907,1.9077221593879994
175,0.9500512533780635,0.9023108862568302,0.1521944263222409,0.9863013698630136,0.7482993197278912,0.6605504587155964,0.990990990990991,0.7912087912087912,-2.1623101874079675,3.083107924305772
176,0.9012345679012345,0.8133102113000287,0.15380836954483637,0.8793103448275862,0.808641975308642,0.6219512195121951,0.9492753623188406,0.7285714285714285,-1.412786601110187,1.956221208122302
177,0.8744909292854499,0.8217533967005696,0.17174669453504998,0.8783783783783784,0.7465753424657534,0.6372549019607843,0.923728813559322,0.7386363636363636,-1.2339770671192505,1.6386379548495928
178,0.8905547226386806,0.7246572417776411,0.17106451656549546,0.8913043478260869,0.7241379310344828,0.4606741573033708,0.9618320610687023,0.6074074074074074,-1.8828777561571055,1.7312571602243216
179,0.9208275862068966,0.8691956453222816,0.15101325124561818,0.92,0.7448275862068966,0.6509433962264151,0.9473684210526315,0.7624309392265194,-1.5495652374850843,2.117597944375348
180,0.9173996562531594,0.8278667702783173,0.16025938320742272,0.9206349206349206,0.732484076433121,0.58,0.9583333333333334,0.7116564417177914,-1.7541823591395218,2.0738813572347503
181,0.8797814207650274,0.7802043467833187,0.1691773744235318,0.9180327868852459,0.7547169811320755,0.5894736842105263,0.96,0.717948717948718,-1.4182976241977991,1.7030075853092297
182,0.9127288207747978,0.7999908848545005,0.15637815720227272,0.9137931034482759,0.7962962962962963,0.6162790697674418,0.9626865671641791,0.7361111111111112,-1.5875684672963464,2.066356675279622
183,0.9163069796820719,0.8311024909217783,0.15396990675017727,0.8813559322033898,0.7888198757763976,0.6046511627906976,0.9477611940298507,0.7172413793103448,-1.5898690897778118,2.048817224070806
184,0.9533483054307881,0.8908782946464694,0.14595237699457728,0.9354838709677419,0.8037974683544303,0.651685393258427,0.9694656488549618,0.7682119205298014,-2.149321709827318,2.7232546609503707
185,0.9148038423556872,0.8734485580360679,0.14829301361850455,0.9240506329113924,0.7872340425531915,0.7087378640776699,0.9487179487179487,0.8021978021978022,-1.1581036297495586,2.0514781043145205
186,0.9234159779614325,0.8353440089358979,0.1547150122895727,0.9090909090909091,0.7636363636363637,0.5617977528089888,0.9618320610687023,0.6944444444444444,-1.6525264841407252,2.273678956004076
187,0.9116586538461539,0.8424909075172002,0.16027873256623637,0.921875,0.7628205128205128,0.6145833333333334,0.9596774193548387,0.7375,-1.4395441007340146,2.214653708477322
188,0.9156798693344222,0.8787329760779656,0.15500999015368636,0.9032258064516129,0.7658227848101266,0.6021505376344086,0.952755905511811,0.7225806451612903,-1.7162936311707122,1.9736435382263946
189,0.902423788105947,0.7305751518369072,0.16530469807645454,0.9130434782608695,0.7988505747126436,0.5454545454545454,0.972027972027972,0.6829268292682927,-1.745137735605975,1.7421085023739507
190,0.9218732782369146,0.7916295816106647,0.16202003790714545,0.9272727272727272,0.7696969696969697,0.5730337078651685,0.9694656488549618,0.7083333333333334,-1.893729881976875,2.252807392833327
191,0.9086037812152461,0.8363277992992626,0.15447330175226823,0.8888888888888888,0.7834394904458599,0.6222222222222222,0.9461538461538461,0.7320261437908496,-1.5051380319190641,2.0081360558756853
192,0.9339944903581268,0.8054353284619904,0.16131711023679093,0.9818181818181818,0.7515151515151515,0.5684210526315789,0.992,0.72,-2.130668186905303,2.665790679308708
193,0.9052197802197803,0.7987910507061284,0.15444920196425455,0.9038461538461539,0.7916666666666666,0.573170731707317,0.9637681159420289,0.7014925373134329,-1.5028226141305465,2.1550004924255526
194,0.9118007349938752,0.8234166354762146,0.16467831498688634,0.9193548387096774,0.7658227848101266,0.6063829787234043,0.9603174603174603,0.7307692307692307,-1.6983913052756436,2.0830791642381565
195,0.9152644230769231,0.8776283657297251,0.15462219876805908,0.90625,0.7948717948717948,0.6444444444444445,0.9538461538461539,0.7532467532467533,-1.6293161394069653,2.064021730317097
196,0.9088760752434067,0.8537982506426299,0.16277270228076363,0.9295774647887324,0.7248322147651006,0.616822429906542,0.9557522123893806,0.7415730337078652,-1.6031995826867314,1.8041377581353821
197,0.9214351995051037,0.852758550235355,0.1421693067789591,0.8688524590163934,0.8301886792452831,0.6625,0.9428571428571428,0.75177304964539,-1.3411250141746835,2.315511726469124
198,0.9031682284694332,0.7816293273282117,0.16413867935800455,0.9444444444444444,0.7349397590361446,0.5368421052631579,0.976,0.6845637583892618,-1.784601841453917,2.1090444711234237
199,0.9054541705330448,0.831743916674568,0.160853041951,0.9180327868852459,0.7987421383647799,0.6363636363636364,0.9621212121212122,0.7516778523489933,-1.5287698483167922,1.9111902117291013
200,0.9020347394540943,0.8252104990001428,0.16988601592963185,0.8923076923076924,0.7225806451612903,0.5742574257425742,0.9411764705882353,0.6987951807228916,-1.5948816539484276,1.9691578460886412
201,0.887988209285188,0.82865986045396,0.1636856485719818,0.864406779661017,0.7391304347826086,0.5483870967741935,0.937007874015748,0.6710526315789473,-1.5192278114003495,1.778817220611497
202,0.9286786786786786,0.8963685507286631,0.15002620379855908,0.9166666666666666,0.7905405405405406,0.6804123711340206,0.9512195121951219,0.7810650887573964,-1.5142270120779722,2.44123382155462
203,0.9115078222478165,0.8432457743627843,0.15508364042714545,0.8985507246376812,0.7682119205298014,0.6391752577319587,0.943089430894309,0.7469879518072289,-1.4314996383089327,2.133098816680131
204,0.9158325261005273,0.8261754420230633,0.15137465493740002,0.8947368421052632,0.7852760736196319,0.5930232558139535,0.9552238805970149,0.7132867132867133,-1.5796731545175482,2.174438124768249
205,0.9191298409911229,0.8540043829197852,0.15969404083085456,0.9402985074626866,0.6993464052287581,0.5779816513761468,0.963963963963964,0.7159090909090909,-1.7995197272571024,2.1539542843943953
206,0.8669698142414861,0.747135821004591,0.17134134863953637,0.8676470588235294,0.743421052631579,0.6020408163265306,0.9262295081967213,0.7108433734939759,-1.1703729432848042,1.594819081805718
207,0.8664939053651982,0.8099636375580673,0.16265111354701364,0.8115942028985508,0.7814569536423841,0.6292134831460674,0.9007633587786259,0.7088607594936709,-1.015885145252153,1.6207671767169478
208,0.918314314766693,0.8260279103856093,0.15663690881129091,0.9245283018867925,0.7784431137724551,0.5697674418604651,0.9701492537313433,0.7050359712230215,-1.9234906395773634,2.107091842339413
209,0.9032889988658623,0.8268789454926024,0.16220721717294548,0.9016393442622951,0.7358490566037735,0.5670103092783505,0.9512195121951219,0.6962025316455697,-1.5863672393235173,1.91135129126482
210,0.8844404003639673,0.8059124528798698,0.16176793293312275,0.8571428571428571,0.7707006369426752,0.6,0.9307692307692308,0.7058823529411765,-1.3795220946965874,1.6765602683477983
211,0.9048355500567069,0.8194646428918309,0.16818124755472727,0.9344262295081968,0.710691823899371,0.5533980582524272,0.9658119658119658,0.6951219512195121,-1.7693173843005257,1.9233963345043588
212,0.9152892561983471,0.8352589154030834,0.15131311443078638,0.8939393939393939,0.7727272727272727,0.6276595744680851,0.9444444444444444,0.7375,-1.5790326271094224,2.0423596394085646
213,0.925521448248721,0.8339533404362812,0.15245994742323635,0.9545454545454546,0.7857142857142857,0.65625,0.9758064516129032,0.7777777777777778,-1.4634445170158181,2.2165985140983424
214,0.911816091954023,0.8695797660424479,0.15684882912603185,0.9333333333333333,0.7103448275862069,0.625,0.9537037037037037,0.7486631016042781,-1.4745282732680907,2.008851567024349
215,0.9010281324144165,0.7816118199133613,0.17611634354677724,0.9056603773584906,0.7544910179640718,0.5393258426966292,0.9618320610687023,0.676056338028169,-1.8870138562052259,1.9619912328707005
216,0.9309375,0.8531981044824561,0.1376540701293909,0.9166666666666666,0.8125,0.6470588235294118,0.9629629629629629,0.7586206896551724,-1.4773103158134668,2.2385046507106727
217,0.9361747928102465,0.8766234473374505,0.14848587258298634,0.8947368421052632,0.7668711656441718,0.5730337078651685,0.9541984732824428,0.6986301369863014,-1.8195452076155674,2.572313682035997
218,0.9437886996904024,0.8801321467601416,0.1517743553682,0.9705882352941176,0.7171052631578947,0.6055045871559633,0.9819819819819819,0.7457627118644068,-2.1101279389741685,2.928979520512521
219,0.9289398884093064,0.8648264250397278,0.14984493501435,0.9152542372881356,0.7888198757763976,0.6136363636363636,0.9621212121212122,0.7346938775510204,-1.7100705197346622,2.2738273551519046
220,0.9097343079243532,0.7637906784257744,0.16824867606837268,0.9607843137254902,0.7337278106508875,0.5212765957446809,0.9841269841269841,0.6758620689655173,-1.929395807238851,1.9922169084167314
221,0.9182284694332887,0.8118829562959375,0.16286821874551818,0.9074074074074074,0.7650602409638554,0.5568181818181818,0.9621212121212122,0.6901408450704225,-1.8108407880825756,2.072568884763811
222,0.893529411764706,0.7621533928651691,0.1566806840217727,0.86,0.8117647058823529,0.5733333333333334,0.9517241379310345,0.688,-1.5371460085959183,1.7933440519807375
223,0.8344634592616511,0.7061278856539617,0.18020347340048182,0.8421052631578947,0.7607361963190185,0.5517241379310345,0.9323308270676691,0.6666666666666666,-1.2425538854807165,1.2618353950037817
224,0.8865143699336773,0.7767303630409811,0.17245165832148637,0.8983050847457628,0.7267080745341615,0.5463917525773195,0.9512195121951219,0.6794871794871795,-1.5724562693489856,1.7666743249685164
225,0.9247619047619047,0.8693582428642539,0.15031407324314547,0.9428571428571428,0.7733333333333333,0.66,0.9666666666666667,0.7764705882352941,-1.4012110406873792,2.2378899824515646
226,0.8733108108108107,0.7899288738757004,0.17450547311757272,0.8888888888888888,0.7027027027027027,0.5925925925925926,0.9285714285714286,0.7111111111111111,-1.2629836037590811,1.7377333382563904
227,0.893425888117599,0.8027581022078558,0.1667736640948818,0.8709677419354839,0.7341772151898734,0.5625,0.9354838709677419,0.6835443037974683,-1.5382942580044703,1.818267147618118
228,0.90868993993994,0.8453712340469793,0.16111327641946818,0.9305555555555556,0.7297297297297297,0.6261682242990654,0.9557522123893806,0.7486033519553073,-1.4466188683133312,2.1701606135000953
229,0.9090485509272203,0.8809621062498717,0.14465179100822725,0.8904109589041096,0.8095238095238095,0.6989247311827957,0.937007874015748,0.7831325301204819,-1.194970491897459,1.9077842718548037
230,0.9435177055896986,0.8768188309301037,0.14433786547485455,0.9701492537313433,0.7777777777777778,0.6565656565656566,0.9834710743801653,0.7831325301204819,-1.7444962851092083,2.647644968545075
231,0.8925280448717948,0.8133042578970278,0.16037392903210454,0.84375,0.7371794871794872,0.5684210526315789,0.92,0.6792452830188679,-1.3537101498468198,1.9194898242867546
232,0.9077266922094508,0.8278896715731088,0.1531722402587182,0.9137931034482759,0.7777777777777778,0.5955056179775281,0.9618320610687023,0.7210884353741497,-1.5741860837797133,2.066465387030156
233,0.9438546345447122,0.8933298261790698,0.1426460016718,0.9516129032258065,0.7721518987341772,0.6210526315789474,0.976,0.7515923566878981,-1.9380834772453481,2.676201948693917
234,0.9288586452211569,0.8755487046988543,0.1490815831327591,0.9180327868852459,0.7735849056603774,0.6086956521739131,0.9609375,0.7320261437908496,-1.7812911704813157,2.3650682006620025
235,0.9094752036292401,0.8177579039839159,0.14870177816295455,0.9180327868852459,0.7987421383647799,0.6363636363636364,0.9621212121212122,0.7516778523489933,-1.386923124108664,2.0270375842480073
236,0.9140059599829714,0.8158577658700954,0.16052110889212728,0.896551724137931,0.7469135802469136,0.5591397849462365,0.952755905511811,0.6887417218543046,-1.7944235083081546,2.12914006879019
237,0.8610889066524557,0.803906605995175,0.17841947891036367,0.8148148148148148,0.7050359712230215,0.616822429906542,0.8672566371681416,0.7021276595744681,-1.0878419379882318,1.499422056199628
238,0.8592249463337477,0.7166174129934735,0.17943459668138179,0.8490566037735849,0.6946107784431138,0.46875,0.9354838709677419,0.6040268456375839,-1.5604430024829157,1.576421221692614
239,0.9432784415025293,0.8538018543886716,0.14439597557371361,0.9649122807017544,0.7975460122699386,0.625,0.9848484848484849,0.7586206896551724,-1.9547082598432683,2.393558455846642
240,0.9154552015671718,0.8409580997382439,0.16229056521919547,0.9508196721311475,0.7295597484276729,0.5742574257425742,0.9747899159663865,0.7160493827160493,-1.9683680871352516,2.1631321346460313
241,0.9168861574480539,0.8261961814426193,0.15786856326964543,0.9253731343283582,0.7581699346405228,0.6262626262626263,0.9586776859504132,0.7469879518072289,-1.3980331232338203,2.108304334833183
242,0.8671633126934983,0.7682247436743039,0.1674488305719864,0.8823529411764706,0.7631578947368421,0.625,0.9354838709677419,0.7317073170731707,-1.1391209737181294,1.564093524522622
243,0.8761314443132625,0.8112318134663478,0.1689819407929909,0.8484848484848485,0.7597402597402597,0.6021505376344086,0.9212598425196851,0.7044025157232704,-1.3176240375368204,1.597318861253983
244,0.9075077399380804,0.8417814057955139,0.15962518102450457,0.9117647058823529,0.7828947368421053,0.6526315789473685,0.952,0.7607361963190185,-1.4084151841004233,1.9596582945232721
245,0.8869458360903677,0.8473485909376843,0.1582729878707182,0.8732394366197183,0.7449664429530202,0.62,0.925,0.7251461988304093,-1.2213738041391224,1.7832610379958869
246,0.8851494252873564,0.8516100166438557,0.15741702196364546,0.88,0.7724137931034483,0.6666666666666666,0.9256198347107438,0.7586206896551724,-1.024206099523689,1.7892499863670022
247,0.8817676324261047,0.7698154521979793,0.17047637441160451,0.8805970149253731,0.7320261437908496,0.59,0.9333333333333333,0.7065868263473054,-1.4124946269038965,1.825041074001942
248,0.8906547997457088,0.8286447645507059,0.1638354856174773,0.922077922077922,0.7692307692307693,0.6826923076923077,0.9482758620689655,0.7845303867403315,-1.168163505448964,1.80736618804147
249,0.8895833333333334,0.8148798422371745,0.14655518907203635,0.8333333333333334,0.8375,0.6578947368421053,0.9305555555555556,0.7352941176470589,-1.0204757120466075,1.8464522411453876
250,0.9458615864815413,0.8916669428925359,0.14663534596047728,0.9298245614035088,0.8098159509202454,0.6309523809523809,0.9705882352941176,0.75177304964539,-1.8455622870565576,2.67767468648615
251,0.9056718228692751,0.8294525321283106,0.15980935182347272,0.8888888888888888,0.7643312101910829,0.6021505376344086,0.9448818897637795,0.717948717948718,-1.5660291439189413,2.074806581904055
252,0.9132767534874646,0.8408365856894545,0.14786097835466364,0.8656716417910447,0.8235294117647058,0.6823529411764706,0.9333333333333333,0.7631578947368421,-1.3077007100197264,1.9908661628425608
253,0.9172569854388035,0.8473212886988061,0.1596545913022818,0.9545454545454546,0.7337662337662337,0.6057692307692307,0.9741379310344828,0.7411764705882353,-1.7090465207034653,2.071271786878091
254,0.9268361848946025,0.8718737780200354,0.15727864166612726,0.9577464788732394,0.7583892617449665,0.6538461538461539,0.9741379310344828,0.7771428571428571,-1.7197926541186792,2.3807981638010425
255,0.8886181691611555,0.7623024105807015,0.16077961775422273,0.8823529411764706,0.7928994082840237,0.5625,0.9571428571428572,0.6870229007633588,-1.6349795576661592,1.6440840078652046
256,0.9344454199590284,0.8756020724112749,0.14005693403033184,0.9253731343283582,0.7973856209150327,0.6666666666666666,0.9606299212598425,0.775,-1.3517955413237237,2.4997740171314735
257,0.8962436766763534,0.7907991016432571,0.1569977760015545,0.8596491228070176,0.7730061349693251,0.5697674418604651,0.9402985074626866,0.6853146853146853,-1.478384965686019,1.7390525922918663
258,0.8843672456575683,0.767466299979068,0.1681477990971318,0.8615384615384616,0.7354838709677419,0.5773195876288659,0.926829268292683,0.691358024691358,-1.3882450298962001,1.8914545273786778
259,0.8711207340962986,0.7617386323888651,0.17599517314745913,0.8524590163934426,0.7044025157232704,0.5252525252525253,0.9256198347107438,0.65,-1.482390505954913,1.6518421043970535
260,0.924375695076332,0.8706898868115316,0.14799033159702726,0.8888888888888888,0.7770700636942676,0.6153846153846154,0.9457364341085271,0.7272727272727273,-1.5767948036476107,2.1506626197883856
261,0.9026185816792471,0.8418765970148283,0.15942045640248637,0.9178082191780822,0.7414965986394558,0.638095238095238,0.9478260869565217,0.7528089887640449,-1.3414863910313746,1.9939331478039009
262,0.9302391530390395,0.9065581820638754,0.1364874755315273,0.9014084507042254,0.825503355704698,0.7111111111111111,0.9461538461538461,0.7950310559006211,-1.3474195168809378,2.2064935655949904
263,0.9093231162196679,0.8470121805092414,0.16206958308395908,0.9137931034482759,0.7962962962962963,0.6162790697674418,0.9626865671641791,0.7361111111111112,-1.7229555060191517,2.1055331310869674
264,0.9253048780487805,0.8265975675118504,0.16060629225583634,0.9464285714285714,0.75,0.5638297872340425,0.9761904761904762,0.7066666666666667,-1.9593035276391664,2.478694952089481
265,0.8676702810822191,0.8017067860381392,0.1636187218636091,0.8135593220338984,0.8260869565217391,0.631578947368421,0.9236111111111112,0.7111111111111111,-1.3173945672721528,1.5155230787076917
266,0.8468749999999999,0.7314449460896939,0.18080306756016815,0.8333333333333334,0.75,0.5555555555555556,0.9230769230769231,0.6666666666666666,-1.3026707600401213,1.488486782333199
267,0.9339950372208436,0.8552520700976994,0.14853690251612273,0.9076923076923077,0.7935483870967742,0.6483516483516484,0.9534883720930233,0.7564102564102564,-1.6331974217542364,2.3883124563751617
268,0.9345429714174227,0.8881264207822103,0.14831238943843184,0.9701492537313433,0.7647058823529411,0.6435643564356436,0.9831932773109243,0.7738095238095238,-1.7807442877019068,2.2687243181164374
269,0.9010473094980136,0.8468148379146562,0.15904641920832271,0.9230769230769231,0.7253521126760564,0.6486486486486487,0.944954128440367,0.7619047619047619,-1.2429003508603784,2.012225086093324
270,0.9166910545312652,0.8748313078575519,0.1453867241350091,0.8805970149253731,0.8104575163398693,0.6704545454545454,0.9393939393939394,0.7612903225806451,-1.3132758075433648,2.207562847518941
271,0.8924765902486277,0.773395800972992,0.16554685362327273,0.9122807017543859,0.7484662576687117,0.5591397849462365,0.9606299212598425,0.6933333333333334,-1.636861320415262,1.8320724501522616
272,0.8785329426221761,0.7869360171413917,0.16904776036066815,0.9014084507042254,0.7516778523489933,0.6336633663366337,0.9411764705882353,0.7441860465116279,-1.3006891165102503,1.7466275574481573
273,0.8855172413793103,0.8394827166273446,0.15615144905333184,0.88,0.8,0.6947368421052632,0.928,0.7764705882352941,-1.0719680261985323,1.642660996613453
274,0.9147636217948718,0.8485621451863087,0.16164879594008638,0.921875,0.7243589743589743,0.5784313725490197,0.9576271186440678,0.7108433734939759,-1.6728711703364523,1.9382257047420877
275,0.8878571428571429,0.8482057976209787,0.1646714386965864,0.9125,0.7214285714285714,0.6517857142857143,0.9351851851851852,0.7604166666666666,-1.2112591957119647,1.829242842396428
276,0.9171874999999999,0.8443802722900428,0.14963186820740002,0.8833333333333333,0.75625,0.5760869565217391,0.9453125,0.6973684210526315,-1.5812744409489081,2.028740169283051
277,0.9326052735143644,0.8483025800509775,0.15870764939121818,0.9696969696969697,0.7337662337662337,0.6095238095238096,0.9826086956521739,0.7485380116959064,-1.9785768594805933,2.459141913938321
278,0.8792380952380952,0.8304916922568538,0.1635381589544682,0.8571428571428571,0.74,0.6060606060606061,0.9173553719008265,0.7100591715976331,-1.1920813206503553,1.8052590262982846
279,0.8722186904005085,0.848701072321425,0.15607601744679095,0.8701298701298701,0.7832167832167832,0.6836734693877551,0.9180327868852459,0.7657142857142857,-0.9304569268212749,1.5801415631365638
280,0.8703703703703703,0.7676985701959184,0.17188550915068185,0.896551724137931,0.7592592592592593,0.5714285714285714,0.9534883720930233,0.697986577181208,-1.4383657640728453,1.5857300538148333
281,0.889495500960469,0.8031926839300727,0.16191956109329095,0.8888888888888888,0.7898089171974523,0.6292134831460674,0.9465648854961832,0.7368421052631579,-1.290470479083837,1.7006428356647607
282,0.8545210846479019,0.7234594704924522,0.18315009153928638,0.9016393442622951,0.6981132075471698,0.5339805825242718,0.9487179487179487,0.6707317073170732,-1.4438002452356686,1.4419806477414567
283,0.9349908513615326,0.8774055299654298,0.14817314297313183,0.9298245614035088,0.7730061349693251,0.5888888888888889,0.9692307692307692,0.7210884353741497,-1.9411268588015125,2.4945465641349487
284,0.9113924050632912,0.858765478928306,0.15450430214822275,0.9193548387096774,0.810126582278481,0.6551724137931034,0.9624060150375939,0.7651006711409396,-1.5631860436567493,2.174802551752943
285,0.9249829284947809,0.8732026993298955,0.1510062646854773,0.9402985074626866,0.7712418300653595,0.6428571428571429,0.9672131147540983,0.7636363636363637,-1.717327305046722,2.101623645664434
286,0.8831651003596706,0.7400669992361143,0.16961680407580002,0.8823529411764706,0.757396449704142,0.5232558139534884,0.9552238805970149,0.656934306569343,-1.66111009935315,1.774796204160226
287,0.8941904761904762,0.8112320059383452,0.15849392930930908,0.8857142857142857,0.8,0.6739130434782609,0.9375,0.7654320987654321,-1.2387365963854706,1.9746428313127693
288,0.9277994732540187,0.8897037063738644,0.14833132476221364,0.948051948051948,0.7412587412587412,0.6636363636363637,0.9636363636363636,0.7807486631016043,-1.513918685368933,2.361211682755541
289,0.9286524383957109,0.8391392353115439,0.1609989406083682,0.9344262295081968,0.7358490566037735,0.5757575757575758,0.9669421487603306,0.7125,-1.972760557927763,2.4272372804707953
290,0.9035983091040314,0.7815743221955379,0.16169340948536365,0.9180327868852459,0.7610062893081762,0.5957446808510638,0.9603174603174603,0.7225806451612903,-1.6131505918544178,1.9942209944565046
291,0.9255831173639394,0.882790319880958,0.1413389984215091,0.9054054054054054,0.7876712328767124,0.6836734693877551,0.9426229508196722,0.7790697674418605,-1.3045653569465108,2.0145692805836313
292,0.8981562774363475,0.8219785610289719,0.14876195653894092,0.8656716417910447,0.803921568627451,0.6590909090909091,0.9318181818181818,0.7483870967741936,-1.1056265992528564,1.7988469966142324
293,0.8725002438786459,0.8139779370324534,0.1704925060512227,0.8656716417910447,0.738562091503268,0.5918367346938775,0.9262295081967213,0.703030303030303,-1.2896267585023817,1.6297159773633316
294,0.9360923423423423,0.8917206918964419,0.12991746459662273,0.9166666666666666,0.8378378378378378,0.7333333333333333,0.9538461538461539,0.8148148148148148,-1.111869509693406,2.53477609730971
295,0.8809094551282052,0.809240456943797,0.1688951366200909,0.890625,0.7371794871794872,0.5816326530612245,0.9426229508196722,0.7037037037037037,-1.3577019718864998,1.7136881361865821
296,0.9063505999414692,0.8746942138263947,0.15829799401837272,0.8955223880597015,0.7777777777777778,0.6382978723404256,0.9444444444444444,0.7453416149068323,-1.5022603371653909,1.891186598731781
297,0.888709503820902,0.8018897452928624,0.16297247877848184,0.8771929824561403,0.7484662576687117,0.5494505494505495,0.9457364341085271,0.6756756756756757,-1.5340221708703818,1.8478568791174719
298,0.8572635135135136,0.7936745917077532,0.17570110329578179,0.875,0.7162162162162162,0.6,0.9217391304347826,0.711864406779661,-1.1276203590571579,1.5310945258396198
299,0.8932579226142383,0.8282665236844102,0.15741915762399092,0.8734177215189873,0.7092198581560284,0.6272727272727273,0.9090909090909091,0.7301587301587301,-1.2084530552235178,1.6926753969410906
300,0.9224411951684678,0.8682731206975136,0.14450982895064546,0.8571428571428571,0.8181818181818182,0.717391304347826,0.9140625,0.7810650887573964,-1.138413489405667,2.240328210609521
301,0.8494082564532663,0.7783629204559862,0.1712676061788182,0.8767123287671232,0.7755102040816326,0.6597938144329897,0.926829268292683,0.7529411764705882,-0.9932876510265711,1.4350173602703344
302,0.900735294117647,0.8341957160103166,0.15727506582415457,0.8382352941176471,0.75,0.6,0.912,0.6993865030674846,-1.2582774458154806,2.080588314206059
303,0.9258194976585782,0.8661363651990919,0.1428147286329,0.8793103448275862,0.7839506172839507,0.5930232558139535,0.9477611940298507,0.7083333333333334,-1.6267754118934823,2.0682685430239607
304,0.9209128911987345,0.8575000500228706,0.15040906203830454,0.9245283018867925,0.8083832335329342,0.6049382716049383,0.9712230215827338,0.7313432835820896,-1.6994895857377756,2.365035739066845
305,0.8872871517027864,0.8129550973893492,0.1750797362390409,0.9411764705882353,0.7105263157894737,0.5925925925925926,0.9642857142857143,0.7272727272727273,-1.520564474555053,1.6729707741198927
306,0.8659976387249115,0.8145304238803134,0.1664724965859773,0.8636363636363636,0.7532467532467533,0.6,0.928,0.7080745341614907,-1.2126499146093344,1.5533287811809624
307,0.9271922272783175,0.7475173060534709,0.16894587315191362,0.9787234042553191,0.7572254335260116,0.5227272727272727,0.9924242424242424,0.6814814814814815,-2.2363559495643295,2.3563699745082882
308,0.9204777460187831,0.8213329012433206,0.15425505666529093,0.9516129032258065,0.7911392405063291,0.6413043478260869,0.9765625,0.7662337662337663,-1.6640581564099368,2.2725390520967395
309,0.8922393420928254,0.8351068322324426,0.15801711957040454,0.9014084507042254,0.825503355704698,0.7111111111111111,0.9461538461538461,0.7950310559006211,-1.2296620933884794,1.7489577405031547
310,0.9065402476780186,0.8476494482020298,0.1598937980767909,0.9117647058823529,0.7697368421052632,0.6391752577319587,0.9512195121951219,0.7515151515151515,-1.5486836371210948,2.0489033948415996
311,0.9193162020905924,0.8174662887217924,0.15532190762513184,0.9107142857142857,0.7682926829268293,0.5730337078651685,0.9618320610687023,0.7034482758620689,-1.7921249614702726,2.0764188617400263
312,0.894163763066202,0.7900081104780451,0.1588693036310591,0.8928571428571429,0.774390243902439,0.5747126436781609,0.9548872180451128,0.6993006993006993,-1.5211936418472498,1.7276299954785639
313,0.8994034981296127,0.8300783127680653,0.1576007894141909,0.9206349206349206,0.7707006369426752,0.6170212765957447,0.9603174603174603,0.7388535031847133,-1.4845576183202789,1.86806451323803
314,0.9185647700290211,0.8968949345563909,0.14834493676024998,0.927710843373494,0.7664233576642335,0.7064220183486238,0.9459459459459459,0.8020833333333334,-1.2994440544048136,2.148948309864423
315,0.9064481513998635,0.8516117458074817,0.15788943540302727,0.9104477611940298,0.7647058823529411,0.6288659793814433,0.9512195121951219,0.7439024390243902,-1.507498616801165,2.015801582449112
316,0.8978999883977259,0.8102256886920729,0.17214713861176362,0.8627450980392157,0.7337278106508875,0.4943820224719101,0.9465648854961832,0.6285714285714286,-1.9622440443023799,1.718190220939432
317,0.8991265956425761,0.7987025558993236,0.1579521899727864,0.9130434782608695,0.7350993377483444,0.6116504854368932,0.9487179487179487,0.7325581395348837,-1.410635768771007,1.9656332734373945
318,0.8963809523809524,0.842342031254311,0.15340816015300912,0.8571428571428571,0.8333333333333334,0.7058823529411765,0.9259259259259259,0.7741935483870968,-1.1508054901372236,1.9743997952275232
319,0.9497716894977168,0.902840531220175,0.13371366252258182,0.9452054794520548,0.8027210884353742,0.7040816326530612,0.9672131147540983,0.8070175438596491,-1.6370921348115064,2.5907284723132573
320,0.8803031898094537,0.8122497758254965,0.15802352623600907,0.864406779661017,0.7888198757763976,0.6,0.9407407407407408,0.7083333333333334,-1.3446491148755002,1.605509718564569
321,0.9156626506024097,0.8245548064753246,0.15522485747410003,0.9259259259259259,0.7710843373493976,0.5681818181818182,0.9696969696969697,0.704225352112676,-1.7999376980251098,2.092894800823317
322,0.9308360159984392,0.8833976859009963,0.14577422256161363,0.8955223880597015,0.8104575163398693,0.6741573033707865,0.9465648854961832,0.7692307692307693,-1.5838615750631317,2.3650329660205607
323,0.9518610421836229,0.8947772446302141,0.14332600837735002,0.9692307692307692,0.7290322580645161,0.6,0.9826086956521739,0.7411764705882353,-2.012437116746144,3.01685784193287
324,0.8548883374689827,0.7866543855322564,0.1742207942817182,0.8615384615384616,0.7548387096774194,0.5957446808510638,0.9285714285714286,0.7044025157232704,-1.2169087149198978,1.528407286766897
325,0.9177029622889494,0.8578597093005556,0.15194929758812273,0.9365079365079365,0.7707006369426752,0.6210526315789474,0.968,0.7468354430379747,-1.546518919396872,2.2311033117976184
326,0.9123159303882195,0.8459873577813282,0.16112437411482725,0.9074074074074074,0.7590361445783133,0.550561797752809,0.9618320610687023,0.6853146853146853,-1.8717405784424002,2.2468781014224897
327,0.9300503095975231,0.852228136025688,0.1468567397330091,0.9411764705882353,0.7894736842105263,0.6666666666666666,0.967741935483871,0.7804878048780488,-1.6342886966327927,2.132317939005162
328,0.9294957608210621,0.8403090955145153,0.14920281820847273,0.9259259259259259,0.7590361445783133,0.5555555555555556,0.9692307692307692,0.6944444444444444,-1.8803574186002108,2.3107751893963453
329,0.938362282878412,0.8791539191832978,0.1420726178025318,0.8923076923076924,0.7806451612903226,0.6304347826086957,0.9453125,0.7388535031847133,-1.6118474740449835,2.6786377916446065
330,0.929904761904762,0.8810743218236686,0.14468500666590003,0.8857142857142857,0.7866666666666666,0.6595744680851063,0.9365079365079365,0.7560975609756098,-1.337588189122722,2.511482449632844
331,0.8925662439426746,0.804972135592548,0.16523571571167273,0.9016393442622951,0.7421383647798742,0.5729166666666666,0.9516129032258065,0.7006369426751592,-1.522431336751153,1.8761679248609848
332,0.9081070444706809,0.8481275322020595,0.15446154664138181,0.9242424242424242,0.7922077922077922,0.6559139784946236,0.9606299212598425,0.7672955974842768,-1.4644008872764402,1.9687744733486119
333,0.9137468982630272,0.875420557333639,0.1484380974286591,0.8923076923076924,0.7870967741935484,0.6373626373626373,0.9457364341085271,0.7435897435897436,-1.505138859176276,1.9052454583427116
334,0.9035759897828863,0.8056021274660126,0.15690523455911362,0.8793103448275862,0.7716049382716049,0.5795454545454546,0.946969696969697,0.6986301369863014,-1.4785222343562676,1.8198702296855984
335,0.9240074139108381,0.8729618784765054,0.14977804402833184,0.9253731343283582,0.7777777777777778,0.6458333333333334,0.9596774193548387,0.7607361963190185,-1.5180816504682668,2.26905857635001
336,0.8695189442315879,0.7580906152121254,0.1910937490695909,0.8793103448275862,0.6666666666666666,0.4857142857142857,0.9391304347826087,0.6257668711656442,-1.755774908266193,1.567722325669549
337,0.921474358974359,0.8245738457767323,0.14793334765713637,0.90625,0.8012820512820513,0.651685393258427,0.9541984732824428,0.7581699346405228,-1.452538417572838,2.2358328302695827
338,0.8686899038461539,0.8036080112435432,0.1652738039000273,0.84375,0.7628205128205128,0.5934065934065934,0.9224806201550387,0.6967741935483871,-1.1881215383799961,1.5071131389050656
339,0.9098051878161661,0.826004575069126,0.1732601979392182,0.8947368421052632,0.7361963190184049,0.5425531914893617,0.9523809523809523,0.6754966887417219,-2.049793583219642,2.036205345623392
340,0.8983809523809524,0.8327730241191087,0.17213951992130458,0.9,0.72,0.6,0.9391304347826087,0.72,-1.6008631654055003,1.9396715658386359
341,0.9182342376406089,0.8725679499460652,0.14185026205394544,0.8732394366197183,0.7919463087248322,0.6666666666666666,0.9291338582677166,0.7560975609756098,-1.2242018042958196,2.1503416841562712
342,0.8985559894650803,0.8456213744074527,0.16071930718560906,0.8831168831168831,0.7272727272727273,0.6355140186915887,0.9203539823008849,0.7391304347826086,-1.298788817102345,1.7253751536306634
343,0.8834134615384616,0.7780142948877476,0.17631234556048178,0.921875,0.6858974358974359,0.5462962962962963,0.9553571428571429,0.686046511627907,-1.5892067728753798,1.7150126642237782
344,0.8935713588918154,0.8348481333022986,0.16141010212654547,0.8656716417910447,0.7581699346405228,0.6105263157894737,0.928,0.7160493827160493,-1.338242745612237,1.6776924285710706
345,0.9034346846846848,0.8445158555315104,0.14836696677525,0.9166666666666666,0.7905405405405406,0.6804123711340206,0.9512195121951219,0.7810650887573964,-1.2251246556383244,1.861608101402713
346,0.9622889495500961,0.9074658847922319,0.13513101003545455,0.9523809523809523,0.8152866242038217,0.6741573033707865,0.9770992366412213,0.7894736842105263,-1.8627093851554914,3.0712629985377182
347,0.9124095359727543,0.8156273083346972,0.15711836773727725,0.9137931034482759,0.7654320987654321,0.5824175824175825,0.9612403100775194,0.7114093959731543,-1.663494663279755,2.03217767367352
348,0.9308954794126116,0.870187988140482,0.1533726740335318,0.927536231884058,0.7615894039735099,0.64,0.9583333333333334,0.757396449704142,-1.606672118062742,2.5222828434459417
349,0.9359496482784154,0.8820771172340613,0.1452416834615182,0.9324324324324325,0.7945205479452054,0.696969696969697,0.9586776859504132,0.7976878612716763,-1.5019433266656619,2.3463730305585604
350,0.9080317558511187,0.8145042298190799,0.16040185340449997,0.9344262295081968,0.7484276729559748,0.5876288659793815,0.967479674796748,0.7215189873417721,-1.5712297437981615,2.16723127025351
351,0.9079999999999999,0.841054494229434,0.15330529175912727,0.9,0.7733333333333333,0.6494845360824743,0.943089430894309,0.7544910179640718,-1.2268720932404755,2.085346235132292
352,0.8710397144132084,0.7825350457244007,0.1721273211923182,0.8703703703703703,0.7289156626506024,0.5108695652173914,0.9453125,0.6438356164383562,-1.5919424457516445,1.6285927486740523
353,0.9498229043683589,0.8929970633706439,0.13319123621691817,0.9393939393939394,0.8116883116883117,0.6813186813186813,0.9689922480620154,0.7898089171974523,-1.6349859389957841,2.6808267349955592
354,0.9302903626708846,0.8045984892375191,0.16372246300067728,0.9811320754716981,0.7544910179640718,0.5591397849462365,0.9921259842519685,0.7123287671232876,-2.042753055451168,2.4039628515699736
355,0.9205139372822301,0.7822364590294051,0.16375245477611364,0.9642857142857143,0.7439024390243902,0.5625,0.9838709677419355,0.7105263157894737,-1.9096690326894958,2.199468488164102
356,0.9101994517440211,0.8619727158609287,0.15544956710851365,0.9014084507042254,0.7583892617449665,0.64,0.9416666666666667,0.7485380116959064,-1.456651241952701,1.8406440809873652
357,0.9108155479946386,0.8412777935772999,0.16728415976956815,0.8852459016393442,0.7358490566037735,0.5625,0.9435483870967742,0.6878980891719745,-1.823021953257317,2.0812235052769807
358,0.9437525520620661,0.883914375140641,0.1445113444172091,0.9516129032258065,0.810126582278481,0.6629213483146067,0.9770992366412213,0.7814569536423841,-1.7438265936177717,2.4568112817429713
359,0.8705495356037151,0.8212863894741886,0.16884043991520453,0.8382352941176471,0.743421052631579,0.59375,0.9112903225806451,0.6951219512195121,-1.2741166611908568,1.491808103349962
360,0.9157820240622787,0.8625205316465818,0.14788047204532728,0.8888888888888888,0.8089171974522293,0.6511627906976745,0.9477611940298507,0.7516778523489933,-1.3785202453674077,2.1316190390376604
361,0.9254496319075575,0.8731198453703366,0.1537608124116409,0.9178082191780822,0.7687074829931972,0.6633663366336634,0.9495798319327731,0.7701149425287356,-1.5089303089278696,2.0571965076226806
362,0.9172451790633609,0.8267890684949212,0.16610242695223634,0.9454545454545454,0.7272727272727273,0.5360824742268041,0.975609756097561,0.6842105263157895,-2.0552846947283827,1.9862448065927845
363,0.9190279417552145,0.8680281559255384,0.1510682190284773,0.9242424242424242,0.7857142857142857,0.648936170212766,0.9603174603174603,0.7625,-1.6225729192144298,2.167123098667878
364,0.913109756097561,0.7999401569962525,0.17083332370399998,0.9285714285714286,0.725609756097561,0.5360824742268041,0.967479674796748,0.6797385620915033,-1.9154081202413127,2.0343948670033
365,0.9116190476190476,0.8569046254725905,0.15052453080616363,0.8857142857142857,0.8,0.6739130434782609,0.9375,0.7654320987654321,-1.296303890513955,1.9586881127819495
366,0.892124613003096,0.8293231493763884,0.16062900661208185,0.8823529411764706,0.7631578947368421,0.625,0.9354838709677419,0.7317073170731707,-1.253143827182752,1.7664323896081462
367,0.8775040064102564,0.7683202480706193,0.16373118331663183,0.890625,0.7884615384615384,0.6333333333333333,0.9461538461538461,0.7402597402597403,-1.2576091113865095,1.6209806228078525
368,0.9123498498498499,0.8530618088266768,0.14968389228356366,0.9027777777777778,0.7837837837837838,0.6701030927835051,0.943089430894309,0.7692307692307693,-1.2928164778363154,1.8832792824815054
369,0.9255809294871796,0.8517270665479408,0.15718910065037728,0.9375,0.7756410256410257,0.631578947368421,0.968,0.7547169811320755,-1.7391350150999905,2.2798424700082873
370,0.9114346375492872,0.8180358302848313,0.15744184761093183,0.9047619047619048,0.7707006369426752,0.6129032258064516,0.952755905511811,0.7307692307692307,-1.5315890202853397,2.037631017832431
371,0.9403044871794872,0.8699346622833556,0.1446161575391182,0.90625,0.8141025641025641,0.6666666666666666,0.9548872180451128,0.7682119205298014,-1.677410024448944,2.2688765516745977
372,0.8897916666666666,0.8102886586502598,0.17126715095534545,0.8833333333333333,0.74375,0.5638297872340425,0.9444444444444444,0.6883116883116883,-1.6114111007077565,1.7419905532485305
373,0.9244388544891641,0.8402027275912372,0.1511293344497818,0.9411764705882353,0.7697368421052632,0.6464646464646465,0.9669421487603306,0.7664670658682635,-1.647114394671211,1.976890330276129
374,0.8533766702780786,0.8072318853561858,0.17200590696465912,0.8076923076923077,0.7394366197183099,0.63,0.875,0.7078651685393258,-0.9035798601612752,1.4412113738197623
375,0.9290540540540542,0.8914837785525349,0.14843726907033178,0.9166666666666666,0.75,0.6407766990291263,0.9487179487179487,0.7542857142857143,-1.6013619095381915,2.2491573342542184
376,0.918251877865574,0.857217088993491,0.15660435937697725,0.9253731343283582,0.7777777777777778,0.6458333333333334,0.9596774193548387,0.7607361963190185,-1.5336854347151607,2.040047801619899
377,0.9182620120120121,0.8875010023044975,0.14301099160105454,0.875,0.8175675675675675,0.7,0.9307692307692308,0.7777777777777778,-1.24036358895736,2.02810892126731
378,0.9290800897473417,0.8561868383827717,0.14999705305414543,0.9253731343283582,0.7712418300653595,0.6391752577319587,0.959349593495935,0.7560975609756098,-1.6353373656306045,2.359818039375779
379,0.9368112425437266,0.8754469941754228,0.14037664271254546,0.9206349206349206,0.7961783439490446,0.6444444444444445,0.9615384615384616,0.7581699346405228,-1.6668672328922383,2.2473224822735096
380,0.9030617141760247,0.8426374676680792,0.15700102709919092,0.855072463768116,0.7549668874172185,0.6145833333333334,0.9193548387096774,0.7151515151515152,-1.3622502716898328,1.841935387712002
381,0.9281153250773994,0.8362579116037577,0.15235270398064546,0.9558823529411765,0.7763157894736842,0.6565656565656566,0.9752066115702479,0.7784431137724551,-1.6709212591641385,2.449625281347588
382,0.9484863523573202,0.8742472438168853,0.14478763822909546,0.9846153846153847,0.7548387096774194,0.6274509803921569,0.9915254237288136,0.7664670658682635,-2.1310188166277864,2.6944185093848825
383,0.906875,0.8248782628330448,0.15555942594127273,0.9333333333333333,0.7625,0.5957446808510638,0.9682539682539683,0.7272727272727273,-1.492848534536255,1.874933400423468
384,0.9129951869677897,0.8744884937730703,0.1444835096396409,0.8783783783783784,0.8082191780821918,0.6989247311827957,0.9291338582677166,0.7784431137724551,-1.2712928808996842,2.0272228087065485
385,0.8964883625969783,0.8237503383887467,0.16447580985783639,0.9032258064516129,0.7151898734177216,0.5544554455445545,0.9495798319327731,0.6871165644171779,-1.6172014143356412,1.7267387900588214
386,0.9104194556001786,0.7823184775347568,0.16514872713587272,0.9259259259259259,0.7650602409638554,0.5617977528089888,0.9694656488549618,0.6993006993006993,-1.8480786036607901,2.0400044490992797
387,0.910712643678161,0.8554180269051616,0.16316726722825453,0.96,0.696551724137931,0.6206896551724138,0.9711538461538461,0.7539267015706806,-1.5919236978233073,1.9917004871984276
388,0.9128215598203349,0.8196176572274632,0.15574137131040908,0.8870967741935484,0.7784810126582279,0.6111111111111112,0.9461538461538461,0.7236842105263158,-1.4100948454893227,2.1983591891857968
389,0.8803490990990991,0.8136391405156186,0.162881421153,0.8611111111111112,0.75,0.6262626262626263,0.9173553719008265,0.7251461988304093,-1.1629230233184722,1.5478713183378352
390,0.8793781975600157,0.8198474682615984,0.15840890050115,0.8484848484848485,0.7727272727272727,0.6153846153846154,0.9224806201550387,0.7133757961783439,-1.1738282923595227,1.5893194820993377
391,0.9441608819926501,0.8615172052450568,0.13618139375706365,0.9354838709677419,0.8354430379746836,0.6904761904761905,0.9705882352941176,0.7945205479452054,-1.7678503446705085,2.7242566456382957
392,0.8979747386759581,0.7306891313426574,0.1605662164268227,0.9107142857142857,0.7378048780487805,0.5425531914893617,0.9603174603174603,0.68,-1.4986146643774176,1.8509304783732077
393,0.9024641715640787,0.8501474150354031,0.17198280278577727,0.8852459016393442,0.710691823899371,0.54,0.9416666666666667,0.6708074534161491,-1.7960284381380767,2.0032399195794963
394,0.9176682692307692,0.8072137162506723,0.1545879511648,0.921875,0.7564102564102564,0.6082474226804123,0.959349593495935,0.7329192546583851,-1.5122391826232497,2.0730277701301048
395,0.8994726079001183,0.7810803065164198,0.16501460130896364,0.8947368421052632,0.754601226993865,0.5604395604395604,0.9534883720930233,0.6891891891891891,-1.6237002746435722,1.8056441820816729
396,0.9387593052109181,0.8778570726859862,0.15652556191895908,0.9384615384615385,0.7419354838709677,0.6039603960396039,0.9663865546218487,0.7349397590361446,-2.0069035921457523,2.7646296479557186
397,0.8936190476190476,0.8482540398061068,0.16041427702373634,0.8285714285714286,0.72,0.58,0.9,0.6823529411764706,-1.2803368070138121,1.8421733128553008
398,0.9316129032258065,0.8483742750178502,0.14834838089264546,0.9692307692307692,0.7806451612903226,0.6494845360824743,0.983739837398374,0.7777777777777778,-1.6179596768154036,2.324503639618961
399,0.9315015479876161,0.8605819725914694,0.15199105905150453,0.9705882352941176,0.7894736842105263,0.673469387755102,0.9836065573770492,0.7951807228915663,-1.512871822838941,2.2801536364765393
400,0.9061935716865294,0.8401641475558195,0.16014000897100453,0.9358974358974359,0.7464788732394366,0.6697247706422018,0.954954954954955,0.7807486631016043,-1.3449613928592898,2.0093432771668676
401,0.9121787303605485,0.8529676151814236,0.1463460992628182,0.9090909090909091,0.7902097902097902,0.7,0.9416666666666667,0.7909604519774012,-1.08275642713007,1.9554496316996506
402,0.9349548038393439,0.891981769252038,0.14982597042673182,0.9452054794520548,0.7755102040816326,0.6764705882352942,0.9661016949152542,0.7885714285714286,-1.6928517440015494,2.360169295972361
403,0.8823529411764706,0.8139857336816553,0.1626765201320182,0.8955223880597015,0.7647058823529411,0.625,0.9435483870967742,0.7361963190184049,-1.311855473321304,1.641286939338793
404,0.9249407155376843,0.8604007087139941,0.1583473899073091,0.9508196721311475,0.7924528301886793,0.6373626373626373,0.9767441860465116,0.7631578947368421,-1.799793753731103,2.1151168115837407
405,0.9143665958952583,0.79561129932631,0.16499802520019544,0.9523809523809523,0.7388535031847133,0.594059405940594,0.9747899159663865,0.7317073170731707,-1.795467182678627,2.1921102388819462
406,0.9013157894736842,0.8474366395512216,0.15238597816057728,0.9264705882352942,0.7763157894736842,0.6494845360824743,0.959349593495935,0.7636363636363637,-1.252580633591806,1.9082770218995297
407,0.8366800535475234,0.7086861524945853,0.18000224984255,0.8148148148148148,0.7710843373493976,0.5365853658536586,0.927536231884058,0.6470588235294118,-1.3994857627061401,1.496474641001833
408,0.9162534435261709,0.8440763755610721,0.16148632692629547,0.9272727272727272,0.7393939393939394,0.5425531914893617,0.9682539682539683,0.6845637583892618,-1.9046539208980007,1.9579938141692628
409,0.9251469223631302,0.8545266734073803,0.15349938166867275,0.9180327868852459,0.7672955974842768,0.6021505376344086,0.9606299212598425,0.7272727272727273,-1.8586566921919252,2.3100001045396263
410,0.9174193548387097,0.8363694978330674,0.16421722274032727,0.9230769230769231,0.7225806451612903,0.5825242718446602,0.9572649572649573,0.7142857142857143,-1.9192562716089112,2.06737144913795
411,0.9130257247856268,0.8364741172332097,0.15665210004884092,0.9193548387096774,0.7658227848101266,0.6063829787234043,0.9603174603174603,0.7307692307692307,-1.6596875755221798,1.964058500973125
412,0.9173393606716176,0.8202979125754164,0.16733257143417274,0.9649122807017544,0.7423312883435583,0.5670103092783505,0.983739837398374,0.7142857142857143,-1.9826824202977693,2.028848697876757
413,0.8923958333333333,0.8114836214348503,0.15824301606393637,0.8833333333333333,0.79375,0.6162790697674418,0.9477611940298507,0.726027397260274,-1.4553627127076953,1.8970212479193975
414,0.8965625,0.8282217870221597,0.1673400424069,0.8833333333333333,0.7625,0.5824175824175825,0.9457364341085271,0.7019867549668874,-1.662654321886097,1.910097406408195
415,0.8711105645062108,0.6732367635073182,0.1675636556379818,0.8085106382978723,0.7687861271676301,0.48717948717948717,0.9366197183098591,0.608,-1.5475302290243198,1.5262227460907385
416,0.9358922008983259,0.857003418693429,0.14320965547617728,0.8870967741935484,0.7974683544303798,0.632183908045977,0.9473684210526315,0.738255033557047,-1.568866766334535,2.254682718218515
417,0.9024767801857585,0.818602454730201,0.16443216804819094,0.8823529411764706,0.7302631578947368,0.594059405940594,0.9327731092436975,0.7100591715976331,-1.4785168505505233,1.8758673315832
418,0.9426175958188153,0.8821787447919311,0.14648616801616363,0.9107142857142857,0.7987804878048781,0.6071428571428571,0.9632352941176471,0.7285714285714285,-1.951663641703407,2.4777026085982863
419,0.9127745128363749,0.8059047042633171,0.16610934578752273,0.9180327868852459,0.7421383647798742,0.5773195876288659,0.959349593495935,0.7088607594936709,-1.7276887657762443,1.9367705268025628
420,0.9276869269307118,0.8713742159521334,0.15340942709773187,0.9295774647887324,0.7449664429530202,0.6346153846153846,0.9568965517241379,0.7542857142857143,-1.7284058543091971,2.392182362251444
421,0.9412092815707274,0.8697065725622534,0.15154014900394092,0.9444444444444444,0.7831325301204819,0.5862068965517241,0.9774436090225563,0.723404255319149,-1.9944432351341803,2.6039774445566812
422,0.9332774205572639,0.8735902298686776,0.15109410988630453,0.9452054794520548,0.7346938775510204,0.6388888888888888,0.9642857142857143,0.7624309392265194,-1.857962384295512,2.5039359794597824
423,0.9405716868150492,0.8326487428407188,0.15393922317722727,0.9245283018867925,0.7784431137724551,0.5697674418604651,0.9701492537313433,0.7050359712230215,-2.0816328216381073,2.4025300849824056
424,0.9009150326797385,0.8583852482048236,0.15037352725228637,0.9176470588235294,0.7185185185185186,0.6724137931034483,0.9326923076923077,0.7761194029850746,-1.0691776140532359,1.8108420108419754
425,0.9138943248532291,0.8848486272272648,0.1471963381246364,0.8767123287671232,0.8027210884353742,0.6881720430107527,0.9291338582677166,0.7710843373493976,-1.1665127631406549,2.2526269771117096
426,0.9037780401416766,0.8265424914652938,0.16037323974161363,0.8939393939393939,0.7792207792207793,0.6344086021505376,0.9448818897637795,0.7421383647798742,-1.446415419957677,2.0824423677044437
427,0.9099804305283757,0.8579193439935485,0.15983877377301364,0.9452054794520548,0.7210884353741497,0.6272727272727273,0.9636363636363636,0.7540983606557377,-1.49685197486072,1.9565370688450694
428,0.9092876820149548,0.8355560131668613,0.1549169667998318,0.8939393939393939,0.8116883116883117,0.6704545454545454,0.946969696969697,0.7662337662337663,-1.4285227614645406,1.9637131425105996
429,0.9097159033464766,0.8375938541596337,0.15353583448891364,0.8888888888888888,0.7707006369426752,0.6086956521739131,0.9453125,0.7225806451612903,-1.5214861818458238,1.8797691759009763
430,0.9294765840220386,0.8452017461709835,0.1621320805863727,0.9636363636363636,0.7393939393939394,0.5520833333333334,0.9838709677419355,0.7019867549668874,-2.1766397329815024,2.2058603931966565
431,0.8608492683364753,0.7854898721001513,0.16800472444195,0.8987341772151899,0.7375886524822695,0.6574074074074074,0.9285714285714286,0.7593582887700535,-0.9670997964934005,1.4680017726661545
432,0.9315393339519539,0.8614901216202381,0.1472502246000909,0.9180327868852459,0.8050314465408805,0.6436781609195402,0.9624060150375939,0.7567567567567568,-1.6983501554157823,2.23035519848649
433,0.9204338228236875,0.8677930636656741,0.15246443508337273,0.9420289855072463,0.7350993377483444,0.6190476190476191,0.9652173913043478,0.7471264367816092,-1.7071419598015156,2.113717584232481
434,0.9372294372294372,0.8734541278890632,0.14099979301039545,0.9545454545454546,0.8051948051948052,0.6774193548387096,0.9763779527559056,0.7924528301886793,-1.6114423152049517,2.2407641208994153
435,0.9375,0.8909698383059402,0.14323264776747727,0.921875,0.7884615384615384,0.6413043478260869,0.9609375,0.7564102564102564,-1.8195409682935655,2.221517504893847
436,0.9274839743589743,0.8688394676789288,0.14699419437358632,0.90625,0.8076923076923077,0.6590909090909091,0.9545454545454546,0.7631578947368421,-1.646772561713241,2.1561704807388757
437,0.8924765902486277,0.7592436484546073,0.16961579944134092,0.8947368421052632,0.7423312883435583,0.5483870967741935,0.952755905511811,0.68,-1.5931241383168098,1.882271606192723
438,0.9315666240953597,0.8356373904027494,0.1583109335478818,0.9482758620689655,0.7407407407407407,0.5670103092783505,0.975609756097561,0.7096774193548387,-2.151882706576561,2.379561081359105
439,0.9152715394038384,0.8265291716434137,0.16438635661258635,0.9516129032258065,0.7468354430379747,0.5959595959595959,0.9752066115702479,0.7329192546583851,-1.674859742649699,2.195145331897331
440,0.8907984246330111,0.6760982512344134,0.17699889562132276,0.9183673469387755,0.7426900584795322,0.5056179775280899,0.9694656488549618,0.6521739130434783,-1.7055591722216956,1.7937767095791282
441,0.8944313262495082,0.7908715443753038,0.16257655660158635,0.9393939393939394,0.7597402597402597,0.6262626262626263,0.9669421487603306,0.7515151515151515,-1.4199169735400368,1.8963412353504638
442,0.9069816943380161,0.7891989538181842,0.1601901178733591,0.9655172413793104,0.7654320987654321,0.5957446808510638,0.9841269841269841,0.7368421052631579,-1.5920901966047654,2.0844073315407066
443,0.9190161271609235,0.7963073245476265,0.15145415606609544,0.8627450980392157,0.7810650887573964,0.5432098765432098,0.9496402877697842,0.6666666666666666,-1.6905514040130243,2.0159690832733905
444,0.9077685950413223,0.8236041979208106,0.15507494489274545,0.8909090909090909,0.7878787878787878,0.5833333333333334,0.9558823529411765,0.7050359712230215,-1.6555175920751088,1.9888163828255776
445,0.8935416666666666,0.7745425354379443,0.17301639169459548,0.9,0.725,0.5510204081632653,0.9508196721311475,0.6835443037974683,-1.686252811758933,1.8440748510114726
446,0.8959080459770115,0.8569473818626182,0.15645282711033637,0.9066666666666666,0.7724137931034483,0.6732673267326733,0.9411764705882353,0.7727272727272727,-1.1952822852408829,1.8561457081796051
447,0.9290103034313263,0.8902205146887777,0.14786351669148184,0.9295774647887324,0.7986577181208053,0.6875,0.9596774193548387,0.7904191616766467,-1.57028335831622,2.2269019063338673
448,0.8892927033827229,0.8155608800340747,0.15793029246848184,0.863013698630137,0.7755102040816326,0.65625,0.9193548387096774,0.7455621301775148,-1.082943362274152,1.6781456547153302
449,0.9142654938833283,0.8352823788071833,0.15999640218338634,0.9365079365079365,0.7261146496815286,0.5784313725490197,0.9661016949152542,0.7151515151515152,-1.7819358124386162,2.061184210350381
450,0.9226234340456889,0.8420310131488448,0.1539610569252818,0.9152542372881356,0.7639751552795031,0.5869565217391305,0.9609375,0.7152317880794702,-1.7992042614578327,2.329390554384597
451,0.9258086188693734,0.8631424116391879,0.14598326891556365,0.8985507246376812,0.8013245033112583,0.6739130434782609,0.9453125,0.7701863354037267,-1.489375741108543,2.195738270071843
452,0.8922008983258473,0.837684044563727,0.17212589239258635,0.9032258064516129,0.7341772151898734,0.5714285714285714,0.9508196721311475,0.7,-1.661302376750467,1.7238460938759184
453,0.9348713760718661,0.8597883689715416,0.15336005029717273,0.9516129032258065,0.7468354430379747,0.5959595959595959,0.9752066115702479,0.7329192546583851,-1.9661364098353267,2.444928302856054
454,0.9638107021342406,0.9051113525207316,0.13806684616240453,0.9836065573770492,0.8176100628930818,0.6741573033707865,0.9923664122137404,0.8,-2.0671785575667765,3.086860387234796
455,0.9243220950613467,0.839136820316414,0.15688114455345,0.9508196721311475,0.779874213836478,0.6236559139784946,0.9763779527559056,0.7532467532467533,-1.70901564643474,2.0434969230264466
456,0.8697806086341118,0.7523608337882228,0.17674535708343636,0.8888888888888888,0.732484076433121,0.5714285714285714,0.9426229508196722,0.6956521739130435,-1.3919379131995215,1.460624579040404
457,0.8876041666666666,0.8120976607255986,0.1687097741670364,0.8833333333333333,0.74375,0.5638297872340425,0.9444444444444444,0.6883116883116883,-1.6015084225806138,1.7747164052310873
458,0.9085166859669439,0.8417023966076649,0.1532139874636182,0.8813559322033898,0.8012422360248447,0.6190476190476191,0.9485294117647058,0.7272727272727273,-1.503993807038751,2.1726505644040617
459,0.9305749697139128,0.9032550079276329,0.1346343941328182,0.9178082191780822,0.8163265306122449,0.7127659574468085,0.9523809523809523,0.8023952095808383,-1.2966159386488876,2.1278364756086585
460,0.8998865862460048,0.8092174770959578,0.16759205676249997,0.9016393442622951,0.6918238993710691,0.5288461538461539,0.9482758620689655,0.6666666666666666,-1.6835477140222102,1.8444669764722272
461,0.9327068105348648,0.8416477503330344,0.1542990569597364,0.9607843137254902,0.7751479289940828,0.5632183908045977,0.9849624060150376,0.7101449275362319,-2.0760210611795737,2.2677369248152544
462,0.9314583333333334,0.8450690673462857,0.1562611070905818,0.95,0.78125,0.6195652173913043,0.9765625,0.75,-1.8304512079353836,2.5543242142810985
463,0.9444949954504094,0.8702489638278342,0.1573901597739682,0.9682539682539683,0.7643312101910829,0.6224489795918368,0.9836065573770492,0.7577639751552795,-2.003044543969834,2.6985389729430644
464,0.9061458718992965,0.8424753961186925,0.16077424650484543,0.9054054054054054,0.7465753424657534,0.6442307692307693,0.9396551724137931,0.7528089887640449,-1.3275668985842743,2.2409221780613344
465,0.9247382920110193,0.8228001372540478,0.14714430353942728,0.9454545454545454,0.8121212121212121,0.6265060240963856,0.9781021897810219,0.7536231884057971,-1.6608238723132474,2.158417159552934
466,0.9018731375053214,0.834104544466564,0.1539968613138318,0.8620689655172413,0.7901234567901234,0.5952380952380952,0.9411764705882353,0.704225352112676,-1.4857940799594767,2.0167231684050004
467,0.8963346908552389,0.8410882867979405,0.16464675822337274,0.9054054054054054,0.7328767123287672,0.6320754716981132,0.9385964912280702,0.7444444444444445,-1.4528473620196436,1.7824359992444365
468,0.8708927307653422,0.805813165946309,0.17158962609612272,0.8412698412698413,0.7643312101910829,0.5888888888888889,0.9230769230769231,0.6928104575163399,-1.38224046467809,1.649849941930623
469,0.8919557614141224,0.8514016178871306,0.15112816404630003,0.8591549295774648,0.7986577181208053,0.6703296703296703,0.9224806201550387,0.7530864197530864,-1.0224478567946822,1.7706894289650499
470,0.9349875930521092,0.8663474397060056,0.15283341659419092,0.9538461538461539,0.7354838709677419,0.6019417475728155,0.9743589743589743,0.7380952380952381,-1.9335523231798355,2.4959756136320177
471,0.9499724517906336,0.8734175208108635,0.14794737938004546,0.9272727272727272,0.7878787878787878,0.5930232558139535,0.9701492537313433,0.723404255319149,-2.0441855769580735,2.5333262046723144
472,0.8617142857142857,0.7989423577523268,0.17230977931842723,0.9,0.7466666666666667,0.6237623762376238,0.9411764705882353,0.7368421052631579,-1.1820473847913808,1.533746672167479
473,0.9116625310173697,0.8231865688708392,0.16069924940532276,0.9230769230769231,0.7548387096774194,0.6122448979591837,0.9590163934426229,0.7361963190184049,-1.743029175618393,2.0539375984614994
474,0.9069052278445625,0.8598716655003836,0.15248572179639094,0.8767123287671232,0.7755102040816326,0.6597938144329897,0.926829268292683,0.7529411764705882,-1.3160472165806232,2.0380984129219604
475,0.8717198322114916,0.7796498340127951,0.16992996835378177,0.8656716417910447,0.7581699346405228,0.6105263157894737,0.928,0.7160493827160493,-1.208723025533457,1.6153017342903913
476,0.9255077030812325,0.898959893938953,0.1500246086384273,0.9166666666666666,0.7647058823529411,0.7064220183486238,0.9369369369369369,0.7979274611398963,-1.27974320125593,2.2932359536190865
477,0.8976608187134503,0.8553455496918047,0.16028381540112727,0.9078947368421053,0.7638888888888888,0.6699029126213593,0.9401709401709402,0.770949720670391,-1.3468758489635186,1.8359531594676537
478,0.8842034805890228,0.7568909450897269,0.18473205657277725,0.8703703703703703,0.7048192771084337,0.4895833333333333,0.9435483870967742,0.6266666666666667,-1.8257460752566832,1.863082216648752
479,0.8770223325062035,0.7996254162256384,0.16478982890704544,0.8307692307692308,0.7677419354838709,0.6,0.9153846153846154,0.6967741935483871,-1.2277705287697387,1.746684251276851
480,0.9019896831245394,0.8409509247622466,0.1612555796375818,0.847457627118644,0.7515527950310559,0.5555555555555556,0.9307692307692308,0.6711409395973155,-1.566674700032505,2.0579828259821307
481,0.850968567251462,0.8189927714217192,0.16738490904266815,0.8026315789473685,0.7777777777777778,0.6559139784946236,0.8818897637795275,0.7218934911242604,-0.8990298059549797,1.391305138927198
482,0.9437128085064872,0.8838787131269824,0.13977837433279547,0.9850746268656716,0.8169934640522876,0.7021276595744681,0.9920634920634921,0.8198757763975155,-1.6675467537556705,2.5396742172772706
483,0.9288212496455243,0.8533914587776656,0.15623314445854997,0.971830985915493,0.7181208053691275,0.6216216216216216,0.981651376146789,0.7582417582417582,-1.6950923873909278,2.177133195685201
484,0.9286858974358975,0.8775388318522904,0.15200757740231366,0.90625,0.75,0.5979381443298969,0.9512195121951219,0.7204968944099379,-1.7857458594495126,2.2018492058791614
485,0.9592379736057898,0.895578828398222,0.13111471057734544,0.9310344827586207,0.8580246913580247,0.7012987012987013,0.972027972027972,0.8,-1.6271101506280856,2.70905811172062
486,0.913475975975976,0.8563032783033195,0.14693819277114548,0.9305555555555556,0.7972972972972973,0.6907216494845361,0.959349593495935,0.7928994082840237,-1.3079500959155805,1.9122034343378134
487,0.8929360985366881,0.8295292179824815,0.16576818369185908,0.864406779661017,0.7515527950310559,0.5604395604395604,0.937984496124031,0.68,-1.5665371874192209,1.971476568874593
488,0.9161184210526315,0.850729635720145,0.15231275239840456,0.9078947368421053,0.7569444444444444,0.6634615384615384,0.9396551724137931,0.7666666666666667,-1.2937792962173982,2.0818376420729665
489,0.8827866528027223,0.821088145998891,0.16767971191884093,0.8873239436619719,0.738255033557047,0.6176470588235294,0.9322033898305084,0.7283236994219653,-1.279421241958706,1.6892223698901625
490,0.9296875000000001,0.8597678113853782,0.14293204341412274,0.921875,0.782051282051282,0.6344086021505376,0.9606299212598425,0.7515923566878981,-1.624231180671672,2.188130928155518
491,0.9175696594427245,0.8660221116427257,0.15446074086960457,0.9264705882352942,0.75,0.6237623762376238,0.957983193277311,0.7455621301775148,-1.5943606442458482,1.954707901389751
492,0.9431702632470907,0.8832940983336208,0.14921171803723635,0.9245283018867925,0.7844311377245509,0.5764705882352941,0.9703703703703703,0.7101449275362319,-2.0698117655295576,2.5191454235126556
493,0.9020733061828952,0.842587530082418,0.1548686361971909,0.918918918918919,0.7671232876712328,0.6666666666666666,0.9491525423728814,0.7727272727272727,-1.324295427410243,1.8670570641528974
494,0.920301061965151,0.8569172734192984,0.15032179140297727,0.9180327868852459,0.8050314465408805,0.6436781609195402,0.9624060150375939,0.7567567567567568,-1.614600984534024,2.129876497471994
495,0.8860562865497076,0.8452547975030917,0.15932922350668635,0.8552631578947368,0.7430555555555556,0.6372549019607843,0.9067796610169492,0.7303370786516854,-1.10269648448269,1.6499855916215018
496,0.8881249999999999,0.7691818690252014,0.16932968999050457,0.85,0.75625,0.5666666666666667,0.9307692307692308,0.68,-1.4382725457940801,2.05183068615483
497,0.8768595834533065,0.7677406376106732,0.16997810769315455,0.9420289855072463,0.7019867549668874,0.5909090909090909,0.9636363636363636,0.7262569832402235,-1.3109819031963685,1.8783309143829974
498,0.8782155982033483,0.774431956964391,0.1818587358995955,0.9193548387096774,0.7278481012658228,0.57,0.9583333333333334,0.7037037037037037,-1.629275428445064,1.785611734817999
499,0.9235051348497937,0.8702201026605928,0.1455755555225864,0.8985507246376812,0.8344370860927153,0.7126436781609196,0.9473684210526315,0.7948717948717948,-1.3749182440851417,2.062312067947971
500,0.9139899380804953,0.8622652314883651,0.16395819571721362,0.9558823529411765,0.743421052631579,0.625,0.9741379310344828,0.7558139534883721,-1.745547493551275,1.9729373721373695
501,0.8816071428571429,0.8473536063515673,0.1620278267057773,0.8875,0.7357142857142858,0.6574074074074074,0.9196428571428571,0.7553191489361702,-1.1473633204734262,1.5867693231260271
502,0.9609367501679624,0.9208312240726992,0.12646369632302726,0.9130434782608695,0.8675496688741722,0.7590361445783133,0.9562043795620438,0.8289473684210527,-1.4584101394629603,2.972592090987886
503,0.877303685897436,0.7825973254828557,0.16676541901921815,0.859375,0.782051282051282,0.6179775280898876,0.9312977099236641,0.7189542483660131,-1.3261869922732121,1.5978267694193573
504,0.9060665362035225,0.8222079144058052,0.1570490964675091,0.9178082191780822,0.782312925170068,0.6767676767676768,0.9504132231404959,0.7790697674418605,-1.281204812211534,1.9797027370869995
505,0.9487612612612613,0.9045621647699786,0.1468387011481727,0.9583333333333334,0.7094594594594594,0.6160714285714286,0.9722222222222222,0.75,-2.123889225555606,2.7410245594503158
506,0.9256360078277887,0.8708510232602594,0.1419331507839682,0.9178082191780822,0.7482993197278912,0.6442307692307693,0.9482758620689655,0.7570621468926554,-1.2602226484299068,2.426153823081447
507,0.9342928039702234,0.8473958884952137,0.1544133394780455,0.9538461538461539,0.7612903225806451,0.6262626262626263,0.9752066115702479,0.7560975609756098,-1.8587355705486541,2.3798005435893033
508,0.8652083333333334,0.7790470303000832,0.18308061428022268,0.8666666666666667,0.73125,0.5473684210526316,0.936,0.6709677419354839,-1.550063073272194,1.5805667530784115
509,0.9262027581850721,0.8634357800761341,0.15568974314297274,0.9491525423728814,0.7950310559006211,0.6292134831460674,0.9770992366412213,0.7567567567567568,-1.854558042706085,2.5685171406563185
510,0.882450492634865,0.8084865398503264,0.1658376566583318,0.835820895522388,0.7450980392156863,0.5894736842105263,0.912,0.691358024691358,-1.3174394790766943,1.732818262711072
511,0.898219814241486,0.8151698718813439,0.1609651507488682,0.8823529411764706,0.756578947368421,0.6185567010309279,0.9349593495934959,0.7272727272727273,-1.3375191580923893,1.7982125976277086
512,0.9075575435653713,0.8538343847487659,0.1463289794845727,0.8904109589041096,0.8163265306122449,0.7065217391304348,0.9375,0.7878787878787878,-1.1022700374255838,1.9283870849691318
513,0.8956713696132066,0.8137598086941537,0.16790478290599092,0.8985507246376812,0.7086092715231788,0.5849056603773585,0.9385964912280702,0.7085714285714285,-1.4569964999128164,2.0410193752584007
514,0.9059174116645381,0.7968294364955728,0.1678767048357682,0.9482758620689655,0.7654320987654321,0.5913978494623656,0.9763779527559056,0.7284768211920529,-1.7533907242195206,2.039475275925108
515,0.9346334416756952,0.8924037992467491,0.1427829197130591,0.9230769230769231,0.7746478873239436,0.6923076923076923,0.9482758620689655,0.7912087912087912,-1.4041449138679547,2.466790688761182
516,0.8854166666666667,0.8132228884133118,0.15420226051451819,0.8611111111111112,0.8040540540540541,0.6813186813186813,0.9224806201550387,0.7607361963190185,-1.0977651557417216,1.6443557410306324
517,0.9079216006533279,0.7941723759947414,0.15764264354238638,0.9193548387096774,0.7721518987341772,0.6129032258064516,0.9606299212598425,0.7354838709677419,-1.488527115038954,2.0550840899543696
518,0.9516736626843182,0.8612826510235752,0.13708081566616367,0.9649122807017544,0.8098159509202454,0.6395348837209303,0.9850746268656716,0.7692307692307693,-1.9378074224913904,2.5889699548298473
519,0.9487179487179488,0.925570492543129,0.12942185570825,0.9666666666666667,0.7769230769230769,0.75,0.9711538461538461,0.8446601941747572,-1.3633638999704571,2.6471003594094205
520,0.9120696038504258,0.8692199705907009,0.14536215017986362,0.9054054054054054,0.821917808219178,0.7204301075268817,0.9448818897637795,0.8023952095808383,-1.2110187071321987,1.8571786947048228
521,0.8810401094852089,0.758779625737683,0.17023737673403183,0.8983050847457628,0.7639751552795031,0.5824175824175825,0.9534883720930233,0.7066666666666667,-1.4955657745193391,1.5934536332674623
522,0.8959686565625322,0.8560018395621699,0.16283736651445,0.8688524590163934,0.7358490566037735,0.5578947368421052,0.936,0.6794871794871795,-1.5677585728886845,1.8720496022027813
523,0.8863346104725415,0.8116053186405005,0.16643248633398636,0.8620689655172413,0.7654320987654321,0.5681818181818182,0.9393939393939394,0.684931506849315,-1.5349201366910314,1.6311694038143556
524,0.8551682692307693,0.7455553638690515,0.16949033309640907,0.859375,0.7243589743589743,0.5612244897959183,0.9262295081967213,0.6790123456790124,-1.0927803004051933,1.5053959068836247
525,0.9458521021021021,0.897541043642617,0.14112629783789546,0.9722222222222222,0.777027027027027,0.6796116504854369,0.9829059829059829,0.8,-1.8555018050346719,2.8678215921919192
526,0.9412740220466297,0.8824922861024277,0.14605078190636814,0.9402985074626866,0.7516339869281046,0.6237623762376238,0.9663865546218487,0.75,-1.8389810028802076,2.4602898553360197
527,0.9051535087719299,0.8480583430873485,0.1505520279736818,0.8947368421052632,0.7708333333333334,0.6732673267326733,0.9327731092436975,0.768361581920904,-1.1135238826548188,2.0458753158753518
528,0.8726953467954346,0.7771924985554978,0.16505329301836819,0.8656716417910447,0.7450980392156863,0.5979381443298969,0.926829268292683,0.7073170731707317,-1.1890993326564139,1.5085952194345917
529,0.9253980007404665,0.8988567381116512,0.15284708285645002,0.9324324324324325,0.773972602739726,0.6764705882352942,0.9576271186440678,0.7840909090909091,-1.626465018730538,2.1133862286262155
530,0.9461515949663447,0.8963087882675038,0.14051811168507727,0.9402985074626866,0.7843137254901961,0.65625,0.967741935483871,0.7730061349693251,-1.8279621714258532,2.274819169357778
531,0.9200952380952381,0.8589997444712059,0.14610576272206363,0.9142857142857143,0.7933333333333333,0.6736842105263158,0.952,0.7757575757575758,-1.3397971673265807,2.1332266812380984
532,0.9343847942574057,0.8686753333379317,0.1436489966706591,0.8888888888888888,0.821656050955414,0.6666666666666666,0.9485294117647058,0.7619047619047619,-1.6854624061872554,2.446364551259055
533,0.9263844898742682,0.8664625501435439,0.15734860653201363,0.9855072463768116,0.7483443708609272,0.6415094339622641,0.9912280701754386,0.7771428571428571,-1.8478960946709113,2.2014063396639574
534,0.9176504463000288,0.8503285571804884,0.15393162013740455,0.9130434782608695,0.7615894039735099,0.6363636363636364,0.9504132231404959,0.75,-1.514031400533094,2.223611897999041
535,0.925595238095238,0.8409392375868628,0.15835011122384546,0.8846153846153846,0.8154761904761905,0.5974025974025974,0.958041958041958,0.7131782945736435,-2.010597059794103,2.167126917561423
536,0.920681910984075,0.8771495729088845,0.15754004144987274,0.8709677419354839,0.759493670886076,0.5869565217391305,0.9375,0.7012987012987013,-1.707199771810285,2.1938823522611095
537,0.8976869181303387,0.8285366044455447,0.16199519992056363,0.8840579710144928,0.7682119205298014,0.6354166666666666,0.9354838709677419,0.7393939393939394,-1.2684830109978562,1.8996276904075204
538,0.9340983261395936,0.8565517964618118,0.1494714932859409,0.9322033898305084,0.7888198757763976,0.6179775280898876,0.9694656488549618,0.7432432432432432,-1.8134413105419638,2.121596540635889
539,0.9039463141025641,0.813862183647214,0.15145322467485003,0.875,0.7692307692307693,0.6086956521739131,0.9375,0.717948717948718,-1.3827449643053906,1.9506958626488313
540,0.9310874364142432,0.8692061118858521,0.13505364322212726,0.9420289855072463,0.847682119205298,0.7386363636363636,0.9696969696969697,0.8280254777070064,-1.350448190915832,2.2840821150953037
541,0.9287555418084339,0.8563417932891957,0.1491659723231182,0.9180327868852459,0.779874213836478,0.6153846153846154,0.9612403100775194,0.7368421052631579,-1.7802703613806334,2.2489249797325
542,0.8738246891113133,0.769851740466586,0.1735056352121591,0.873015873015873,0.7070063694267515,0.5445544554455446,0.9327731092436975,0.6707317073170732,-1.4164624458340986,1.6236893989680627
543,0.9209237973605789,0.8380277052593408,0.15264799691285,0.896551724137931,0.7716049382716049,0.5842696629213483,0.9541984732824428,0.7074829931972789,-1.6015442932693178,2.147596970242043
544,0.8708927307653422,0.7797994085731682,0.17398302418219092,0.8888888888888888,0.7515923566878981,0.5894736842105263,0.944,0.7088607594936709,-1.4307622669175724,1.4512664209667543
545,0.9287984742530198,0.9002617914336337,0.14152532943479998,0.948051948051948,0.7692307692307693,0.6886792452830188,0.9649122807017544,0.7978142076502732,-1.3857074801914868,2.194150012734385
546,0.9307511737089201,0.891244629718677,0.14653225030565,0.8974358974358975,0.7816901408450704,0.693069306930693,0.9327731092436975,0.7821229050279329,-1.3386831916711934,2.469776685145827
547,0.8793859649122807,0.826943841410428,0.16279898354932276,0.881578947368421,0.7430555555555556,0.6442307692307693,0.9224137931034483,0.7444444444444445,-1.043485842040713,1.7275013463846653
548,0.8937820742332021,0.7909710934805712,0.1702090846828682,0.9183673469387755,0.7426900584795322,0.5056179775280899,0.9694656488549618,0.6521739130434783,-1.9697792777322103,1.739012265324683
549,0.9273449131513648,0.869782600554516,0.13859201417385,0.9230769230769231,0.8064516129032258,0.6666666666666666,0.9615384615384616,0.7741935483870968,-1.5419932830980894,1.9738457257194306
550,0.9365724548634086,0.9069636741952432,0.15362223548004547,0.9577464788732394,0.7315436241610739,0.6296296296296297,0.9732142857142857,0.7597765363128491,-1.9011161282487847,2.3665972755066464
551,0.9015975044900275,0.8404970578135155,0.15857970845022273,0.9014084507042254,0.7516778523489933,0.6336633663366337,0.9411764705882353,0.7441860465116279,-1.3151913342965722,1.8772754121005235
552,0.9020347394540944,0.8491310130671714,0.16507678853470908,0.8923076923076924,0.7290322580645161,0.58,0.9416666666666667,0.703030303030303,-1.6273713086614594,1.8884816055133604
553,0.9429280397022333,0.9072975787520902,0.1406094708673545,0.9384615384615385,0.7741935483870968,0.6354166666666666,0.967741935483871,0.7577639751552795,-1.9395015432753726,2.456134674783879
554,0.9039530886664645,0.8317119240477724,0.16406334674839546,0.873015873015873,0.732484076433121,0.5670103092783505,0.9349593495934959,0.6875,-1.6124068192011087,1.9351448948303411
555,0.911030229501567,0.8538015059307488,0.15706866330310457,0.9206349206349206,0.7579617834394905,0.6041666666666666,0.9596774193548387,0.7295597484276729,-1.6535581181524086,1.9952271567706885
556,0.9285714285714286,0.8540136761790311,0.14971852160494092,0.9423076923076923,0.8273809523809523,0.6282051282051282,0.9788732394366197,0.7538461538461538,-1.9460496131750913,2.4641209393034065
557,0.9121594551282052,0.8182253414023778,0.15211152820365909,0.9375,0.7948717948717948,0.6521739130434783,0.96875,0.7692307692307693,-1.420304380841551,2.0764900044146266
558,0.9178265800598,0.8602313788171867,0.15291223570588183,0.9180327868852459,0.7735849056603774,0.6086956521739131,0.9609375,0.7320261437908496,-1.6408518381686492,2.021136850814004
559,0.9244251984740695,0.8601401417873099,0.14796548033308635,0.8852459016393442,0.8113207547169812,0.6428571428571429,0.9485294117647058,0.7448275862068966,-1.6173707384826417,2.1052895617673837
560,0.8763781135157207,0.822386874463453,0.16806040803681363,0.8548387096774194,0.7721518987341772,0.5955056179775281,0.9312977099236641,0.7019867549668874,-1.39330270219811,1.7138369542773295
561,0.9172451790633609,0.831153848038081,0.15155421949270909,0.9090909090909091,0.793939393939394,0.5952380952380952,0.9632352941176471,0.7194244604316546,-1.710335599045512,2.112677014556253
562,0.914939684503557,0.8545397871001659,0.1508191767871227,0.9180327868852459,0.8050314465408805,0.6436781609195402,0.9624060150375939,0.7567567567567568,-1.6073266130817982,2.087055029104918
563,0.8766253101736973,0.7981776769508803,0.17020920946165,0.8615384615384616,0.7290322580645161,0.5714285714285714,0.9262295081967213,0.6871165644171779,-1.2872836321925052,1.7203097087997004
564,0.9150743099787686,0.8285839331225889,0.15133058730410456,0.8571428571428571,0.821656050955414,0.6585365853658537,0.9347826086956522,0.7448275862068966,-1.4812055569057527,1.9778816088691527
565,0.889125386996904,0.8197923301592579,0.1683181646214046,0.8970588235294118,0.7171052631578947,0.5865384615384616,0.9396551724137931,0.7093023255813954,-1.4979361711631112,1.6911191932144642
566,0.9203316145991305,0.8378702588657558,0.16846291507446817,0.9523809523809523,0.7197452229299363,0.5769230769230769,0.9741379310344828,0.718562874251497,-1.8460986554765755,2.2884959572910453
567,0.8881987577639753,0.8118703182590402,0.16215565916855,0.847457627118644,0.7950310559006211,0.6024096385542169,0.9343065693430657,0.704225352112676,-1.3920836897972526,1.8086145808295657
568,0.8889342588811759,0.7636958280277323,0.16955576523223181,0.9193548387096774,0.740506329113924,0.5816326530612245,0.9590163934426229,0.7125,-1.5865927582906965,1.7971301076883601
569,0.9191724137931034,0.8829374512079812,0.15162613573723638,0.8933333333333333,0.7793103448275862,0.6767676767676768,0.9338842975206612,0.7701149425287356,-1.3403414138164658,2.1513211690802936
570,0.9377211606510969,0.8831800552793754,0.13761960197852274,0.9365079365079365,0.8280254777070064,0.686046511627907,0.9701492537313433,0.7919463087248322,-1.5747342736798446,2.4095702136760035
571,0.9586565945283789,0.9027536790725121,0.14371933803226816,1.0,0.7658227848101266,0.6262626262626263,1.0,0.7701863354037267,-2.379975882089236,2.757321196862123
572,0.9554263565891473,0.8731942597506492,0.15338852423103178,0.9791666666666666,0.7848837209302325,0.5595238095238095,0.9926470588235294,0.7121212121212122,-2.590161731543298,2.818532034514589
573,0.8946508779093507,0.8150710763559302,0.1596769622096909,0.8870967741935484,0.7721518987341772,0.6043956043956044,0.9457364341085271,0.7189542483660131,-1.466629426183714,1.894076631754655
574,0.8937417854615305,0.851480971174962,0.15778974821770456,0.873015873015873,0.7898089171974523,0.625,0.9393939393939394,0.7284768211920529,-1.43025127122839,1.782743804190756
575,0.918952380952381,0.8807450821173137,0.1437332791090409,0.9,0.8,0.6774193548387096,0.9448818897637795,0.7730061349693251,-1.349912528457194,2.1061130901048757
576,0.9014800587504236,0.7872236501555685,0.16894602788292729,0.9056603773584906,0.7425149700598802,0.5274725274725275,0.9612403100775194,0.6666666666666666,-1.7843250321282542,1.943883480160172
577,0.8561769005847953,0.7742196639057776,0.1692853252328773,0.8552631578947368,0.7569444444444444,0.65,0.9083333333333333,0.7386363636363636,-0.9316760793512016,1.4398197787447828
578,0.8894817073170732,0.816383575625546,0.16892810117436363,0.9107142857142857,0.7317073170731707,0.5368421052631579,0.96,0.6754966887417219,-1.7191441506127225,1.7210531378807505
579,0.9312935540069687,0.859741840724714,0.14986479423472274,0.9464285714285714,0.7560975609756098,0.5698924731182796,0.9763779527559056,0.7114093959731543,-1.8993025671635473,2.399351999785973
580,0.8903239694327844,0.7686589628369506,0.17051527521410456,0.8947368421052632,0.7423312883435583,0.5483870967741935,0.952755905511811,0.68,-1.6109229721384188,1.9313772477528879
581,0.9361786600496278,0.8812794754394184,0.14983160659618636,0.9538461538461539,0.7741935483870968,0.6391752577319587,0.975609756097561,0.7654320987654321,-1.6763871889819915,2.555587347123169
582,0.9360919540229885,0.8697131756903316,0.14384010856656818,0.9333333333333333,0.7724137931034483,0.6796116504854369,0.9572649572649573,0.7865168539325843,-1.5514193165301198,2.418671859146591
583,0.9338942307692308,0.8972792877854623,0.13596959583600457,0.890625,0.8589743589743589,0.7215189873417721,0.950354609929078,0.7972027972027972,-1.4280756462001076,2.410230489867422
584,0.930620347394541,0.8831450199726028,0.1507629146191318,0.9076923076923077,0.7677419354838709,0.6210526315789474,0.952,0.7375,-1.728772343622261,2.1885853331716576
585,0.8855583126550869,0.7846106247551363,0.1708287891175409,0.9230769230769231,0.7290322580645161,0.5882352941176471,0.9576271186440678,0.718562874251497,-1.4696218580874656,1.763781051234002
586,0.8739281339322172,0.769775659654552,0.17109957946894544,0.8709677419354839,0.7151898734177216,0.5454545454545454,0.9338842975206612,0.6708074534161491,-1.338975977578733,1.6563178475828975
587,0.9002613240418118,0.8122383740426232,0.15202161111571819,0.875,0.7926829268292683,0.5903614457831325,0.948905109489051,0.7050359712230215,-1.4582489242689605,1.9452889398423194
588,0.9063903634136382,0.8220699948747152,0.15540524927567273,0.8709677419354839,0.7784810126582279,0.6067415730337079,0.9389312977099237,0.7152317880794702,-1.4481765774451407,1.8642137571023936
589,0.9012269306114031,0.81112568730064,0.16906812184986367,0.8852459016393442,0.7484276729559748,0.574468085106383,0.9444444444444444,0.6967741935483871,-1.6694965068094711,1.9333282640616423
590,0.9511267193444541,0.8901660939788852,0.14559743027217725,0.9701492537313433,0.803921568627451,0.6842105263157895,0.984,0.8024691358024691,-1.8553739921873238,2.841675011703296
591,0.9192247146792601,0.8499552474057601,0.16685979679555002,0.9242424242424242,0.7142857142857143,0.580952380952381,0.9565217391304348,0.7134502923976608,-1.8770219451715393,2.0809405624733053
592,0.9205298013245033,0.8589913061472143,0.1427761383922409,0.8695652173913043,0.8211920529801324,0.6896551724137931,0.9323308270676691,0.7692307692307693,-1.2899863284875013,2.119542464135762
593,0.8954531394989174,0.8275922371017586,0.16851661099487272,0.9016393442622951,0.7610062893081762,0.5913978494623656,0.952755905511811,0.7142857142857143,-1.585102790544994,1.8395773972648475
594,0.8971807628524047,0.8328040130129949,0.14691556516381815,0.8805970149253731,0.8300653594771242,0.6941176470588235,0.9407407407407408,0.7763157894736842,-1.0443431694734446,1.9633393783578432
595,0.9330027548209366,0.8453012922614762,0.1590275714793,0.9454545454545454,0.7636363636363637,0.5714285714285714,0.9767441860465116,0.7123287671232876,-1.976826655070287,2.5039954024064586
596,0.9388332827823274,0.8857478165067151,0.14320389833358638,0.9206349206349206,0.8407643312101911,0.6987951807228916,0.9635036496350365,0.7945205479452054,-1.5409200064454085,2.2926826909243014
597,0.9040541906783944,0.8044243055656003,0.1734904618219682,0.9682539682539683,0.6942675159235668,0.5596330275229358,0.9819819819819819,0.7093023255813954,-1.8601223288243016,2.0231678453970416
598,0.9355400696864111,0.8531267672175098,0.14687688411655908,0.9107142857142857,0.823170731707317,0.6375,0.9642857142857143,0.75,-1.8835609070798829,2.368410137028771
599,0.888,0.8379642320356722,0.1535326430677273,0.8428571428571429,0.8066666666666666,0.6704545454545454,0.9166666666666666,0.7468354430379747,-1.0935568753527418,1.7347457378785274
600,0.9170812603648425,0.8420817903483789,0.15150499745968182,0.8955223880597015,0.7843137254901961,0.6451612903225806,0.9448818897637795,0.75,-1.363832881125745,2.132906996259097
601,0.9381009615384615,0.8739962718116846,0.14882435395876364,0.921875,0.7756410256410257,0.6276595744680851,0.9603174603174603,0.7468354430379747,-1.754860506805439,2.3327786482442145
602,0.9284316466312552,0.8856698970582588,0.14936655489469547,0.958904109589041,0.7551020408163265,0.660377358490566,0.9736842105263158,0.7821229050279329,-1.6655930022343555,2.094799231633883
603,0.8739442375806011,0.7937152851372826,0.16518598676149546,0.9090909090909091,0.7482517482517482,0.660377358490566,0.9385964912280702,0.7650273224043715,-1.0568795848730161,1.6192855600773162
604,0.9105168965154228,0.7954388101570335,0.16172434734867275,0.9322033898305084,0.7453416149068323,0.5729166666666666,0.967741935483871,0.7096774193548387,-1.7771156464193683,2.131957696355318
605,0.9337940705128205,0.8631990417136663,0.14637240285856362,0.90625,0.7628205128205128,0.6105263157894737,0.952,0.7295597484276729,-1.6584175467464177,2.38005835397719
606,0.8831914105886708,0.8258476903627967,0.16126299177924092,0.918918918918919,0.7534246575342466,0.6538461538461539,0.9482758620689655,0.7640449438202247,-1.1394830543723413,1.690435012961675
607,0.8590344827586207,0.787138594243269,0.1786637432313318,0.8666666666666667,0.6827586206896552,0.5855855855855856,0.908256880733945,0.6989247311827957,-1.2307811853542874,1.5399901104618823
608,0.9319583459710848,0.837109504826123,0.15335873445439094,0.9841269841269841,0.7579617834394905,0.62,0.9916666666666667,0.7607361963190185,-2.0551878798105085,2.329370236109914
609,0.8612485524792084,0.7868074033681737,0.17197748246332273,0.864406779661017,0.7267080745341615,0.5368421052631579,0.936,0.6623376623376623,-1.3605802036003443,1.507424307171006
610,0.9097802092331319,0.8306380878594357,0.15719291049712725,0.927536231884058,0.7549668874172185,0.6336633663366337,0.957983193277311,0.7529411764705882,-1.5298851176692863,1.891096607449229
611,0.9113175675675675,0.8198634088956932,0.1527981579912318,0.9027777777777778,0.7432432432432432,0.6310679611650486,0.9401709401709402,0.7428571428571429,-1.390584580641439,1.958561525020154
612,0.9260559945371183,0.8317071943046983,0.1534654707888864,0.9552238805970149,0.7712418300653595,0.6464646464646465,0.9752066115702479,0.7710843373493976,-1.7096599151818965,2.3096375190509635
613,0.9250744997871435,0.841993350817178,0.1615513617704864,0.9310344827586207,0.7345679012345679,0.5567010309278351,0.967479674796748,0.6967741935483871,-1.9827329369694269,2.267574817817847
614,0.9039748130657221,0.8312529846769421,0.1693110541950909,0.9090909090909091,0.7337662337662337,0.594059405940594,0.9495798319327731,0.718562874251497,-1.7039816189211057,1.9174866352609743
615,0.916469893742621,0.8565705551578369,0.14970346241175453,0.8939393939393939,0.7922077922077922,0.6483516483516484,0.9457364341085271,0.7515923566878981,-1.4713910890787032,1.9298948555091604
616,0.8793563218390805,0.8117156221745213,0.16474896135541364,0.9066666666666666,0.7862068965517242,0.6868686868686869,0.9421487603305785,0.7816091954022989,-1.0915509214710533,1.6585453876228706
617,0.918895925890916,0.8813600534207421,0.1407526929228,0.9014084507042254,0.8389261744966443,0.7272727272727273,0.946969696969697,0.8050314465408805,-1.1783145323124582,2.050451170436956
618,0.9088565831529023,0.8276002466096685,0.15660403915282728,0.8524590163934426,0.779874213836478,0.5977011494252874,0.9323308270676691,0.7027027027027027,-1.5532167243482873,2.1990012339949208
619,0.9440054628816701,0.8657792232900965,0.14740372281742273,0.9850746268656716,0.7908496732026143,0.673469387755102,0.9918032786885246,0.8,-1.8378132041355812,2.8151110397362418
620,0.9207902339017798,0.8778620702562696,0.14514436226479088,0.8904109589041096,0.8027210884353742,0.6914893617021277,0.9365079365079365,0.7784431137724551,-1.239070566735774,2.0911063740242457
621,0.8893300248138958,0.8190956880239418,0.16873007081047728,0.8615384615384616,0.7483870967741936,0.5894736842105263,0.928,0.7,-1.4480593393373244,1.9153533083489038
622,0.9009152830991911,0.7940699007851546,0.16852163362510456,0.9137931034482759,0.7592592592592593,0.5760869565217391,0.9609375,0.7066666666666667,-1.7496023208284037,1.941088671182282
623,0.8693333333333334,0.7903004879464631,0.1743886040535864,0.9066666666666666,0.6620689655172414,0.5811965811965812,0.9320388349514563,0.7083333333333334,-1.194609392350638,1.581085683797006
624,0.9303678678678678,0.8821084091730351,0.14749187331062272,0.9305555555555556,0.7567567567567568,0.6504854368932039,0.9572649572649573,0.7657142857142857,-1.632323744066895,2.406899573456702
625,0.8873449131513648,0.8200387403076426,0.15734064556583638,0.8461538461538461,0.7612903225806451,0.5978260869565217,0.921875,0.7006369426751592,-1.2852942161941698,1.8256603801563667
626,0.8946314102564102,0.8292105353168138,0.16461712595777275,0.875,0.7692307692307693,0.6086956521739131,0.9375,0.717948717948718,-1.378611098373672,1.728895666515532
627,0.8672766627312083,0.7496432041940074,0.16221317487668638,0.8484848484848485,0.7922077922077922,0.6363636363636364,0.9242424242424242,0.7272727272727273,-0.9883742026090766,1.6451939499353863
628,0.9500816659861169,0.8898391796325174,0.1544174898592409,0.9838709677419355,0.7658227848101266,0.6224489795918368,0.9918032786885246,0.7625,-2.2540700043365627,2.5500925235154686
629,0.9317708333333333,0.8512046707465677,0.15278047880977727,0.9333333333333333,0.79375,0.6292134831460674,0.9694656488549618,0.7516778523489933,-1.9088495539645847,2.168039090069351
630,0.8790974882928906,0.7824318358119432,0.1676645817974273,0.8620689655172413,0.7592592592592593,0.5617977528089888,0.9389312977099237,0.6802721088435374,-1.5072602589867998,1.5880651066982054
631,0.938435044666882,0.8462965558159468,0.15454722835304088,0.9473684210526315,0.7423312883435583,0.5625,0.9758064516129032,0.7058823529411765,-2.1321499941554327,2.4432485706809444
632,0.9410181896458938,0.8714339610043768,0.14341764247888636,0.9473684210526315,0.7791411042944786,0.6,0.9769230769230769,0.7346938775510204,-1.8539045766297764,2.5187927172483113
633,0.9101641232363951,0.8643097708739707,0.1441152903491773,0.927536231884058,0.8013245033112583,0.6808510638297872,0.9603174603174603,0.7852760736196319,-1.2429053081828145,1.943990148492259
634,0.91086186540732,0.8237704398458241,0.16176944490136363,0.9090909090909091,0.7077922077922078,0.5714285714285714,0.9478260869565217,0.7017543859649122,-1.6577595632968452,2.226363605514504
635,0.914039039039039,0.8351717589519672,0.15205832171244543,0.9166666666666666,0.777027027027027,0.6666666666666666,0.9504132231404959,0.7719298245614035,-1.2962696669447948,2.1747561826781405
636,0.8723958333333333,0.8006688294874004,0.16817984341257725,0.8666666666666667,0.7625,0.5777777777777777,0.9384615384615385,0.6933333333333334,-1.3872786636795118,1.5949523344729308
637,0.8895287455609944,0.8003332975728052,0.17242102640715,0.9130434782608695,0.7086092715231788,0.5887850467289719,0.9469026548672567,0.7159090909090909,-1.4462170894272788,1.8397594914603488
638,0.8989139515455306,0.7931833665164683,0.16297786742673637,0.8775510204081632,0.7543859649122807,0.5058823529411764,0.9555555555555556,0.6417910447761194,-1.74180764878365,2.0702985193887344
639,0.8960336538461539,0.8194887666334537,0.1579341589455091,0.890625,0.7948717948717948,0.6404494382022472,0.9465648854961832,0.7450980392156863,-1.2548138651533964,1.908509135331906
640,0.9092536056426993,0.8361760146695467,0.15529179445205002,0.8983050847457628,0.7763975155279503,0.5955056179775281,0.9541984732824428,0.7162162162162162,-1.6087780687292628,1.990707483838275
641,0.9570741758241759,0.8870115700496807,0.1439644900570773,0.9423076923076923,0.8035714285714286,0.5975609756097561,0.9782608695652174,0.7313432835820896,-2.1070354613570843,2.8063571105822467
642,0.892124051762606,0.8038571655200626,0.16239663322868636,0.9074074074074074,0.7951807228915663,0.5903614457831325,0.9635036496350365,0.7153284671532847,-1.6331723567778411,1.9249685681869706
643,0.9191183904559701,0.8419220065208878,0.16040382889451366,0.8888888888888888,0.7452229299363057,0.5833333333333334,0.9435483870967742,0.7044025157232704,-1.7781397476050516,2.06610820234875
644,0.9381637717121588,0.8940663285347089,0.13639935627890454,0.9538461538461539,0.864516129032258,0.7469879518072289,0.9781021897810219,0.8378378378378378,-1.3714571570038847,2.4548400387112723
645,0.9218481447780811,0.838774196456598,0.15649535205444093,0.9523809523809523,0.7707006369426752,0.625,0.9758064516129032,0.7547169811320755,-1.740896833500722,2.193189625037771
646,0.8624524436640327,0.7712559608281442,0.17276102396932275,0.8208955223880597,0.7320261437908496,0.5729166666666666,0.9032258064516129,0.6748466257668712,-1.1772615985623147,1.5605495032434384
647,0.8820833333333333,0.7809378130586181,0.17053297829868636,0.9166666666666666,0.7625,0.5913978494623656,0.9606299212598425,0.7189542483660131,-1.462837564015199,1.6718575599995027
648,0.8974949611287073,0.8176212746170172,0.1618550319529227,0.9130434782608695,0.7417218543046358,0.6176470588235294,0.9491525423728814,0.7368421052631579,-1.4262897439286766,1.9357166996359652
649,0.9151550052788175,0.8616709284747555,0.14589524859922728,0.927536231884058,0.7748344370860927,0.6530612244897959,0.9590163934426229,0.7664670658682635,-1.4342746595707887,2.061458589814349
650,0.9274488304093567,0.8716830603586665,0.1435814972833318,0.9210526315789473,0.7708333333333334,0.6796116504854369,0.9487179487179487,0.7821229050279329,-1.394323021503765,2.0946006467021587
651,0.900638544891641,0.8501917130881815,0.16827401974784548,0.9117647058823529,0.6973684210526315,0.5740740740740741,0.9464285714285714,0.7045454545454546,-1.645587541468735,1.8545610034783007
652,0.8875745627337983,0.7691863336889013,0.16055057957830457,0.9047619047619048,0.7770700636942676,0.6195652173913043,0.953125,0.7354838709677419,-1.3004232081136204,1.7630832060466677
653,0.9122090649244589,0.8194032681666804,0.15874755969609547,0.9193548387096774,0.740506329113924,0.5816326530612245,0.9590163934426229,0.7125,-1.5822773330176332,2.2357488035326845
654,0.8850620347394541,0.8358352451661379,0.15365307020857727,0.8461538461538461,0.7935483870967742,0.632183908045977,0.924812030075188,0.7236842105263158,-1.2144385357859477,1.7513275576333076
655,0.8903391343150379,0.7490507754717657,0.16757705282228635,0.8148148148148148,0.7891566265060241,0.5569620253164557,0.9290780141843972,0.6616541353383458,-1.5812268034144965,1.6144300187829284
656,0.8821578382596819,0.8147086996166557,0.16735702417354545,0.8955223880597015,0.7516339869281046,0.6122448979591837,0.9426229508196722,0.7272727272727273,-1.3847103777138428,1.6368040914510702
657,0.9427776059387565,0.8641123159496915,0.15083564921857726,0.9344262295081968,0.7547169811320755,0.59375,0.967741935483871,0.7261146496815286,-1.9936937204832617,2.6653836405282316
658,0.925890092879257,0.8702576797214963,0.14097708676090454,0.9411764705882353,0.8092105263157895,0.6881720430107527,0.968503937007874,0.7950310559006211,-1.5171122193080402,2.209167544517575
659,0.925406346749226,0.8613982793317768,0.15554820907428638,0.9264705882352942,0.7171052631578947,0.5943396226415094,0.956140350877193,0.7241379310344828,-1.8177603941452916,2.388757894507224
660,0.8831422980150964,0.8335086569303181,0.15780683537603185,0.8356164383561644,0.7959183673469388,0.6703296703296703,0.9069767441860465,0.7439024390243902,-1.1217222785509273,1.7002594705067187
661,0.8942928039702234,0.8455751290547352,0.1604136829357182,0.9076923076923077,0.7161290322580646,0.5728155339805825,0.9487179487179487,0.7023809523809523,-1.389372654402444,1.8938723210372805
662,0.883777239709443,0.7826526041337662,0.17453301351277728,0.8813559322033898,0.7267080745341615,0.5416666666666666,0.9435483870967742,0.6709677419354839,-1.6304449284923022,1.871660345675773
663,0.9247642679900745,0.866914000579776,0.14540449240554545,0.9230769230769231,0.8,0.6593406593406593,0.9612403100775194,0.7692307692307693,-1.4668672606667608,2.118322896625512
664,0.9281339322172315,0.8569244571053414,0.15093830319501364,0.9516129032258065,0.7468354430379747,0.5959595959595959,0.9752066115702479,0.7329192546583851,-1.8074897014495994,2.279564162664984
665,0.9444623829512432,0.8605048565821758,0.16003374612445,0.9649122807017544,0.7607361963190185,0.5851063829787234,0.9841269841269841,0.7284768211920529,-2.339304499624689,2.6075344862526095
666,0.8847996515679444,0.7991033405632615,0.1706326001936682,0.9107142857142857,0.774390243902439,0.5795454545454546,0.9621212121212122,0.7083333333333334,-1.5842777091681073,1.8300465513990118
667,0.8995742317660126,0.8228078250934926,0.1577891768212591,0.918918918918919,0.7397260273972602,0.6415094339622641,0.9473684210526315,0.7555555555555555,-1.2303142250140207,1.8637012540484201
668,0.9271290605794555,0.8630437985561958,0.1537808497446818,0.9104477611940298,0.7581699346405228,0.6224489795918368,0.9508196721311475,0.7393939393939394,-1.695414700912306,2.2495789618842124
669,0.9320099255583127,0.8520302119859544,0.15456486902164998,0.9692307692307692,0.7612903225806451,0.63,0.9833333333333333,0.7636363636363637,-2.1486763593587597,2.2875856657073297
670,0.9364677177177178,0.8903366157094328,0.13682390272796363,0.9305555555555556,0.8175675675675675,0.7127659574468085,0.9603174603174603,0.8072289156626506,-1.3369371626760507,2.477058014185916
671,0.9023448275862069,0.8363242130409048,0.15269816719164092,0.8933333333333333,0.8068965517241379,0.7052631578947368,0.936,0.788235294117647,-1.126662598302168,1.9227052818345363
672,0.8928986068111455,0.8380610026549383,0.1550873528084273,0.9117647058823529,0.7960526315789473,0.6666666666666666,0.952755905511811,0.7701863354037267,-1.3137833774343304,1.7152970751009617
673,0.9068120398844468,0.8661035500057528,0.16125789122346817,0.9041095890410958,0.7278911564625851,0.6226415094339622,0.9385964912280702,0.7374301675977654,-1.4782017420604414,2.0182287501828022
674,0.9589523809523809,0.9337766768929379,0.13110551809720453,0.9428571428571428,0.82,0.7096774193548387,0.968503937007874,0.8098159509202454,-1.8491848210806798,3.0024670316940667
675,0.9546268028213496,0.8932071559783201,0.14504195316807728,0.9661016949152542,0.7577639751552795,0.59375,0.9838709677419355,0.7354838709677419,-2.30381910850858,2.811079803821536
676,0.9377003205128205,0.8851700109507801,0.13990717091862273,0.90625,0.8205128205128205,0.6744186046511628,0.9552238805970149,0.7733333333333333,-1.514904947965642,2.5510907685105915
677,0.8817630853994491,0.7516129071348409,0.15994693495689088,0.9272727272727272,0.793939393939394,0.6,0.9703703703703703,0.7285714285714285,-1.5078056401956388,1.7051328313560323
678,0.902638762511374,0.793489129426315,0.15624201974835453,0.9365079365079365,0.7834394904458599,0.6344086021505376,0.968503937007874,0.7564102564102564,-1.3830319931453499,1.9304383411207395
679,0.8753349875930522,0.789983233784612,0.1791687938695,0.8923076923076924,0.7483870967741936,0.5979381443298969,0.943089430894309,0.7160493827160493,-1.530314287349304,1.5994132219852695
680,0.9369369369369369,0.908062648956434,0.1398224367869591,0.9444444444444444,0.777027027027027,0.6732673267326733,0.9663865546218487,0.7861271676300579,-1.5012464067955162,2.6433573540688284
681,0.865905572755418,0.7631817769984088,0.17602112050018634,0.8676470588235294,0.743421052631579,0.6020408163265306,0.9262295081967213,0.7108433734939759,-1.2342320510987603,1.551949068215966
682,0.9167831516168111,0.8263760973330952,0.15095949137104545,0.9315068493150684,0.7755102040816326,0.6732673267326733,0.957983193277311,0.7816091954022989,-1.326825012273551,2.116151497682911
683,0.9190625,0.8109176383877439,0.15960763720395454,0.95,0.71875,0.5588235294117647,0.9745762711864406,0.7037037037037037,-1.8266505790987664,2.140352160955536
684,0.9021028991425071,0.8013397044386696,0.16641076699221816,0.8870967741935484,0.7531645569620253,0.5851063829787234,0.9444444444444444,0.7051282051282052,-1.6074458847823716,2.0361543961794006
685,0.9305190020002105,0.8335311641110564,0.14612514268201363,0.9322033898305084,0.8074534161490683,0.6395348837209303,0.9701492537313433,0.7586206896551724,-1.6219862045150617,1.9821789571685176
686,0.9402000206206826,0.8898411101171672,0.14467349114697273,0.9344262295081968,0.8176100628930818,0.6627906976744186,0.9701492537313433,0.7755102040816326,-1.8061377546614825,2.486585432208499
687,0.890003935458481,0.7945316271537737,0.1586629163933682,0.8636363636363636,0.7727272727272727,0.6195652173913043,0.9296875,0.7215189873417721,-1.2109507372172548,1.885395564050217
688,0.9108379670276071,0.865861643894988,0.15574159916916816,0.8955223880597015,0.7908496732026143,0.6521739130434783,0.9453125,0.7547169811320755,-1.4685502909587687,2.0602317651167836
689,0.9099751861042183,0.8162530864174184,0.15393294936791363,0.8769230769230769,0.7935483870967742,0.6404494382022472,0.9389312977099237,0.7402597402597403,-1.430739282032559,1.9745386337990904
690,0.8553738538614236,0.8142866282848097,0.17340434025971363,0.8591549295774648,0.7114093959731543,0.5865384615384616,0.9137931034482759,0.6971428571428572,-1.0996737583559637,1.4830986927450795
691,0.9172208436724567,0.8476126951447566,0.15142365056354543,0.9230769230769231,0.8,0.6593406593406593,0.9612403100775194,0.7692307692307693,-1.5046441529225645,2.1569058336809115
692,0.9433049535603715,0.8929084537146675,0.14475981241361816,0.9558823529411765,0.7631578947368421,0.6435643564356436,0.9747899159663865,0.7692307692307693,-1.7345192701229237,2.5175460741158266
693,0.9408436724565757,0.9005647267193316,0.13429090136403635,0.9230769230769231,0.7935483870967742,0.6521739130434783,0.9609375,0.7643312101910829,-1.3973030690376644,2.5248769305030376
694,0.9457142857142858,0.9045366940298165,0.14101871059005,0.9285714285714286,0.8266666666666667,0.7142857142857143,0.9612403100775194,0.8074534161490683,-1.6596071299477155,2.5102205159558983
695,0.8604705882352941,0.7246402291172908,0.16750023618581364,0.78,0.788235294117647,0.52,0.9241379310344827,0.624,-1.429589900867641,1.5677417322721061
696,0.8951572136285512,0.7929744778180459,0.16129113655754998,0.9206349206349206,0.7579617834394905,0.6041666666666666,0.9596774193548387,0.7295597484276729,-1.3974476853611084,1.7877513011082709
697,0.8962779156327545,0.8318766515576208,0.16065643927280912,0.8769230769230769,0.7548387096774194,0.6,0.936,0.7125,-1.4616197472524144,1.7666898107247937
698,0.9228591648973814,0.8224668346213931,0.1527941503438136,0.9365079365079365,0.7579617834394905,0.6082474226804123,0.967479674796748,0.7375,-1.536036761657924,2.1589641366755368
699,0.901238122660524,0.8241641616812777,0.16104217391058637,0.8695652173913043,0.7549668874172185,0.6185567010309279,0.926829268292683,0.7228915662650602,-1.407195493958705,1.9004805468148933
700,0.9286879738938477,0.8617978361809024,0.15389194838485454,0.9420289855072463,0.7549668874172185,0.6372549019607843,0.9661016949152542,0.7602339181286549,-1.6468577890692102,2.2638547198218912
701,0.9372294372294373,0.8987562797148805,0.15183459505048183,0.9545454545454546,0.7272727272727273,0.6,0.9739130434782609,0.7368421052631579,-2.113614290286567,2.413667579451114
702,0.9241666666666666,0.8498729670668688,0.15336441687256816,0.9166666666666666,0.775,0.6043956043956044,0.9612403100775194,0.7284768211920529,-1.7533201136216072,2.3015187909650914
703,0.9090544871794871,0.8429453377071183,0.15739174862970454,0.921875,0.7756410256410257,0.6276595744680851,0.9603174603174603,0.7468354430379747,-1.532150202954672,2.0224823483026597
704,0.9145381013197105,0.8073552314877379,0.15783364468529545,0.9137931034482759,0.7530864197530864,0.5698924731182796,0.9606299212598425,0.7019867549668874,-1.7218991153608512,2.0614557086792913
705,0.8768048870788597,0.8087986421169983,0.17760806928456818,0.918918918918919,0.6643835616438356,0.5811965811965812,0.941747572815534,0.7120418848167539,-1.3308614568526413,1.7691984774163119
706,0.9229292638448988,0.8461578426509376,0.14422389643704545,0.927536231884058,0.7947019867549668,0.6736842105263158,0.96,0.7804878048780488,-1.2440123219137176,2.1306441768463946
707,0.90462153910938,0.8299616550221262,0.1614828437931727,0.9152542372881356,0.8012422360248447,0.627906976744186,0.9626865671641791,0.7448275862068966,-1.634723523729348,1.8912498173422931
708,0.9037063953488372,0.733210242627443,0.16919594364256363,0.8958333333333334,0.75,0.5,0.9626865671641791,0.6417910447761194,-2.0146931090760916,1.9959893213900983
709,0.895733173076923,0.7693289343275985,0.16499842881415,0.890625,0.75,0.59375,0.9435483870967742,0.7125,-1.4763492127329572,1.9964304708257907
710,0.8950592078399348,0.8201426238028,0.15952604244032725,0.8709677419354839,0.759493670886076,0.5869565217391305,0.9375,0.7012987012987013,-1.3840755793252566,1.8565375864357887
711,0.893125,0.833271552718614,0.15823529472808637,0.8666666666666667,0.80625,0.6265060240963856,0.9416058394160584,0.7272727272727273,-1.4559337843934022,1.899881157936719
712,0.9266471311088005,0.8695509178699722,0.15594126395245,0.9295774647887324,0.7046979865771812,0.6,0.9545454545454546,0.7292817679558011,-1.786954919764191,2.59505801140014
713,0.8948395278509413,0.8097081734970675,0.15742218435752275,0.9104477611940298,0.738562091503268,0.6039603960396039,0.9495798319327731,0.7261904761904762,-1.3341650283867086,1.7422251131599826
714,0.8989263235838578,0.8484468495560331,0.15499389238387729,0.8918918918918919,0.7465753424657534,0.6407766990291263,0.9316239316239316,0.7457627118644068,-1.222181911337635,1.708523910509715
715,0.9055690072639226,0.7973230571461327,0.15942442568347276,0.8813559322033898,0.8074534161490683,0.6265060240963856,0.948905109489051,0.7323943661971831,-1.5589892667980467,1.8674949009044453
716,0.8874458874458874,0.8170283537627315,0.1633705567371591,0.8484848484848485,0.7337662337662337,0.5773195876288659,0.9186991869918699,0.6871165644171779,-1.355063946101961,1.7419270207063582
717,0.9028716216216217,0.8445598920831646,0.15057779421418183,0.875,0.777027027027027,0.65625,0.9274193548387096,0.75,-1.1624423700842592,1.9558121443681726
718,0.930488782051282,0.8842260716446902,0.14233405594648635,0.921875,0.7948717948717948,0.6483516483516484,0.9612403100775194,0.7612903225806451,-1.6016532666934744,2.2432080269314043
719,0.9244251984740695,0.8445597800024138,0.15312893698604998,0.9180327868852459,0.8050314465408805,0.6436781609195402,0.9624060150375939,0.7567567567567568,-1.6667445548230493,2.3775310627146986
720,0.9127489637043777,0.8557258984099538,0.15137254204241818,0.8888888888888888,0.8089171974522293,0.6511627906976745,0.9477611940298507,0.7516778523489933,-1.4755523053544064,2.090394813377691
721,0.9394030448717949,0.8772642269603819,0.14993800561403184,0.9375,0.8141025641025641,0.6741573033707865,0.9694656488549618,0.7843137254901961,-1.8786631878724538,2.6925076619467094
722,0.8971875,0.8064706792007247,0.16502611167076364,0.8833333333333333,0.775,0.5955056179775281,0.9465648854961832,0.7114093959731543,-1.533836289238597,1.9543277982147396
723,0.888514580482156,0.780036269188206,0.1606252768527909,0.8983050847457628,0.7577639751552795,0.5760869565217391,0.953125,0.7019867549668874,-1.456766717284858,1.8141612572577497
724,0.9231542397660818,0.8669861081637323,0.1443525017642,0.9473684210526315,0.7847222222222222,0.6990291262135923,0.9658119658119658,0.8044692737430168,-1.3477950006597337,2.0538598610668215
725,0.8763636363636363,0.7591530465868265,0.1691147637981409,0.8909090909090909,0.7757575757575758,0.5697674418604651,0.9552238805970149,0.6950354609929078,-1.4753281909676552,1.6743303756810888
726,0.8602564102564103,0.8241748319479509,0.1673237538014727,0.8666666666666667,0.7230769230769231,0.6842105263157895,0.8867924528301887,0.7647058823529411,-0.8592726750940649,1.5001241366454354
727,0.863998464343987,0.787037810041356,0.1719859572410227,0.8840579710144928,0.7350993377483444,0.6039603960396039,0.9327731092436975,0.7176470588235294,-1.1840126565133262,1.5798481306280034
728,0.8982538288947419,0.8556730956226846,0.1630356078595682,0.8955223880597015,0.7581699346405228,0.6185567010309279,0.943089430894309,0.7317073170731707,-1.4551280799959585,1.926997983373473
729,0.888735632183908,0.8387016006709671,0.16679249747024547,0.8933333333333333,0.7448275862068966,0.6442307692307693,0.9310344827586207,0.7486033519553073,-1.3206159366990722,1.8402170661386015
730,0.9046215391093799,0.825932147855804,0.16540263082098636,0.8813559322033898,0.7018633540372671,0.52,0.9416666666666667,0.6540880503144654,-1.6911497771834159,1.9579961424112096
731,0.9286958204334365,0.877095091679192,0.1582701778224,0.9264705882352942,0.7105263157894737,0.5887850467289719,0.9557522123893806,0.72,-1.8841535804890763,2.384855988197046
732,0.9246794871794872,0.8759741029139352,0.14710219026967725,0.90625,0.8012820512820513,0.651685393258427,0.9541984732824428,0.7581699346405228,-1.5757856762742535,2.0930141541723857
733,0.8962848297213623,0.8443196232191852,0.15406750509341818,0.8970588235294118,0.7894736842105263,0.6559139784946236,0.9448818897637795,0.7577639751552795,-1.3027646997843083,1.8057579290473946
734,0.9117473435655253,0.8485518426063801,0.16232739031708185,0.9242424242424242,0.7467532467532467,0.61,0.9583333333333334,0.7349397590361446,-1.6605729770846305,2.0004649156685286
735,0.9207619047619048,0.8698384930378575,0.14472544815577726,0.8714285714285714,0.8,0.6703296703296703,0.9302325581395349,0.7577639751552795,-1.2611933565380835,2.154072485027522
736,0.8690476190476191,0.7918638496484612,0.16936324782383183,0.8571428571428571,0.7533333333333333,0.6185567010309279,0.9186991869918699,0.718562874251497,-1.1685751362689007,1.5328121304351683
737,0.8722860791826309,0.7995745905886826,0.16169235265610002,0.8275862068965517,0.7716049382716049,0.5647058823529412,0.9259259259259259,0.6713286713286714,-1.3576981973171607,1.6779668795263467
738,0.9275402298850575,0.8747766056382982,0.1461047941926545,0.9066666666666666,0.8,0.7010309278350515,0.943089430894309,0.7906976744186046,-1.2490039659681265,2.222272303009309
739,0.9252380952380953,0.8693077933075601,0.1540982984152818,0.9571428571428572,0.76,0.6504854368932039,0.9743589743589743,0.7745664739884393,-1.7263406243709345,2.144912223490823
740,0.8617002474372569,0.805375280535189,0.16583907875060455,0.8658536585365854,0.7463768115942029,0.6698113207547169,0.9035087719298246,0.7553191489361702,-0.94584509470406,1.5439998057512887
741,0.9254706857867526,0.864545049175234,0.15078691377783635,0.9253731343283582,0.7516339869281046,0.62,0.9583333333333334,0.7425149700598802,-1.6222093072260868,2.26987912068447
742,0.8973576165912202,0.821082801263021,0.1673705827152091,0.864406779661017,0.7329192546583851,0.5425531914893617,0.9365079365079365,0.6666666666666666,-1.6078647391781327,1.999563511486022
743,0.9337625597502683,0.8912071447867721,0.13438330261774545,0.8955223880597015,0.8235294117647058,0.6896551724137931,0.9473684210526315,0.7792207792207793,-1.3787458713703236,2.2218987224323543
744,0.9249586776859504,0.7942562214113372,0.15148531632035,0.9272727272727272,0.8363636363636363,0.6538461538461539,0.971830985915493,0.7669172932330827,-1.5478658432645969,2.2210866648292167
745,0.9428112297948767,0.8785789342513773,0.14360333789266816,0.9436619718309859,0.7919463087248322,0.6836734693877551,0.9672131147540983,0.7928994082840237,-1.7040000134904243,2.3923317733242433
746,0.8928124999999999,0.7569065509743228,0.15944744479799547,0.8833333333333333,0.7625,0.5824175824175825,0.9457364341085271,0.7019867549668874,-1.3761527750278,1.8141189245643823
747,0.8958837772397095,0.797837747094173,0.1637121765922909,0.847457627118644,0.782608695652174,0.5882352941176471,0.9333333333333333,0.6944444444444444,-1.4571087253656503,1.7759557989214019
748,0.883886760323542,0.773053370078069,0.17038705882161365,0.8793103448275862,0.7469135802469136,0.5543478260869565,0.9453125,0.68,-1.5313599738528265,1.7883347180732554
749,0.9135452961672474,0.8495771406823192,0.15221969218224546,0.8928571428571429,0.8048780487804879,0.6097560975609756,0.9565217391304348,0.7246376811594203,-1.6839754749550702,2.0360500512817623
750,0.9419568822553896,0.880456765398862,0.1461950024682591,0.9402985074626866,0.7712418300653595,0.6428571428571429,0.9672131147540983,0.7636363636363637,-1.7721336639718368,2.21378106047633
751,0.9483462637811352,0.8708272130962917,0.15390240493571816,0.9838709677419355,0.7531645569620253,0.61,0.9916666666666667,0.7530864197530864,-2.385038853034422,2.7858573114078773
752,0.9152489947417259,0.838100831479079,0.1504859725876591,0.9016393442622951,0.7735849056603774,0.6043956043956044,0.9534883720930233,0.7236842105263158,-1.5604584276088957,2.136302267422495
753,0.910828025477707,0.8355775609423449,0.15306832596481817,0.9206349206349206,0.7707006369426752,0.6170212765957447,0.9603174603174603,0.7388535031847133,-1.5120841269611087,2.0407710414456224
754,0.8926603699330973,0.8265428052946369,0.16392387532981365,0.9242424242424242,0.7402597402597403,0.6039603960396039,0.957983193277311,0.7305389221556886,-1.4453989801841356,1.8695501286460567
755,0.8659387321807703,0.7737618714608411,0.18566001355545,0.873015873015873,0.7070063694267515,0.5445544554455446,0.9327731092436975,0.6707317073170732,-1.5129163000328512,1.6173658896994685
756,0.9223980195888495,0.8271134955488283,0.15456223023265456,0.8947368421052632,0.7791411042944786,0.5862068965517241,0.9548872180451128,0.7083333333333334,-1.8310385655303554,2.0310767808947454
757,0.912568306010929,0.8154888304610518,0.15853581904705907,0.8852459016393442,0.7358490566037735,0.5625,0.9435483870967742,0.6878980891719745,-1.6077708658451344,2.012903538306069
758,0.9334982987936901,0.8636535782801281,0.14716506900509546,0.9508196721311475,0.8113207547169812,0.6590909090909091,0.9772727272727273,0.7785234899328859,-1.7304510367503383,2.165474836064231
759,0.9256575682382134,0.845454273418083,0.1460410696049818,0.9230769230769231,0.7741935483870968,0.631578947368421,0.96,0.75,-1.5628056715304406,2.150890212533325
760,0.8778655740903326,0.8273308319132943,0.16104106096781817,0.835820895522388,0.7450980392156863,0.5894736842105263,0.912,0.691358024691358,-1.2404880771689386,1.7493913256268587
761,0.9031502767134951,0.7952602828557007,0.17321138742764547,0.9482758620689655,0.7037037037037037,0.5339805825242718,0.9743589743589743,0.6832298136645962,-1.8324891379405799,1.998143443156356
762,0.8829334365325077,0.8019178806665188,0.1695070652217227,0.8970588235294118,0.7236842105263158,0.5922330097087378,0.9401709401709402,0.7134502923976608,-1.4209866415501131,1.7462326574925624
763,0.8769523809523809,0.7882953598606888,0.16768119088562272,0.8428571428571429,0.7666666666666667,0.6276595744680851,0.9126984126984127,0.7195121951219512,-1.1363323591771617,1.7598428674774946
764,0.918014888337469,0.8410385050275653,0.15024224960216365,0.8923076923076924,0.7870967741935484,0.6373626373626373,0.9457364341085271,0.7435897435897436,-1.3637595928691142,1.9899034296926066
765,0.9022049816251531,0.8240852373059682,0.15857020007805459,0.9032258064516129,0.810126582278481,0.6511627906976745,0.9552238805970149,0.7567567567567568,-1.4617796675835417,1.8277047526402723
766,0.9343920595533498,0.8762057455999324,0.14410540330804095,0.9230769230769231,0.7548387096774194,0.6122448979591837,0.9590163934426229,0.7361963190184049,-1.6659166552659952,2.4166497388979034
767,0.8960717599752552,0.8220783599375325,0.16680465531828184,0.9344262295081968,0.710691823899371,0.5533980582524272,0.9658119658119658,0.6951219512195121,-1.6504481977312022,1.772951053063628
768,0.906650641025641,0.8578271844218781,0.15157351320346815,0.859375,0.7692307692307693,0.6043956043956044,0.9302325581395349,0.7096774193548387,-1.4118034441846572,1.858171691335945
769,0.9212140781401355,0.8076401274522359,0.1576264452611682,0.9298245614035088,0.7730061349693251,0.5888888888888889,0.9692307692307692,0.7210884353741497,-1.6628355929391443,2.27930036158065
770,0.8992679657696669,0.8214726009691781,0.16468180634049548,0.9180327868852459,0.7484276729559748,0.5833333333333334,0.9596774193548387,0.7133757961783439,-1.610912073354199,2.0191034566972634
771,0.9614671739342504,0.9221624446501486,0.12905650819377726,0.9552238805970149,0.8169934640522876,0.6956521739130435,0.9765625,0.8050314465408805,-1.8305537940376713,3.0883938173526775
772,0.9154942613846724,0.8460748793452779,0.1506385066196,0.918918918918919,0.773972602739726,0.6732673267326733,0.9495798319327731,0.7771428571428571,-1.3232172356711276,2.1108528571259684
773,0.8503470804409963,0.7290550455467681,0.18112838892146366,0.8548387096774194,0.7088607594936709,0.5353535353535354,0.9256198347107438,0.6583850931677019,-1.3230953446150129,1.4656144439366292
774,0.9548161451933076,0.9168844392342784,0.13224389364629094,0.9577464788732394,0.8053691275167785,0.7010309278350515,0.975609756097561,0.8095238095238095,-1.9450300187081777,2.767092755278441
775,0.8891063274624919,0.8269994371478088,0.15901398195248181,0.9041095890410958,0.7619047619047619,0.6534653465346535,0.9411764705882353,0.7586206896551724,-1.2111973181895936,1.6789214729342399
776,0.9191183904559701,0.8531765705781854,0.16590246951604548,0.9365079365079365,0.7452229299363057,0.5959595959595959,0.9669421487603306,0.7283950617283951,-1.887166859967221,2.064045271246647
777,0.9219694788367406,0.8522367098384234,0.15532616019483636,0.9130434782608695,0.7880794701986755,0.6631578947368421,0.952,0.7682926829268293,-1.5550705853503952,2.1807026688858073
778,0.9336622807017544,0.9020257987870325,0.14558296594348186,0.881578947368421,0.7916666666666666,0.6907216494845361,0.926829268292683,0.7745664739884393,-1.4038678277105678,2.6750051239335817
779,0.8929286858974359,0.7828032226684942,0.16794081138015454,0.90625,0.717948717948718,0.5686274509803921,0.9491525423728814,0.6987951807228916,-1.550784836006894,1.7960807356699173
780,0.8966903804515929,0.7842079851328111,0.16735820957216363,0.9016393442622951,0.7547169811320755,0.5851063829787234,0.9523809523809523,0.7096774193548387,-1.55488508640945,1.8859230070775033
781,0.9084084084084084,0.8470204098547112,0.15589399903683182,0.9444444444444444,0.7972972972972973,0.6938775510204082,0.9672131147540983,0.8,-1.3167750742040742,2.1032292338469882
782,0.9137504418522446,0.8860205140149242,0.14710079324586364,0.8780487804878049,0.7608695652173914,0.6857142857142857,0.9130434782608695,0.7700534759358288,-1.1566164916488655,2.151924172830739
783,0.9209196824414889,0.8372551497459133,0.16156081103495454,0.8852459016393442,0.7421383647798742,0.5684210526315789,0.944,0.6923076923076923,-1.828473956023339,2.1041724196415394
784,0.9448834260072188,0.8915962735915416,0.14023837563753636,0.8955223880597015,0.8235294117647058,0.6896551724137931,0.9473684210526315,0.7792207792207793,-1.4597764853326538,2.4674176979243496
785,0.8994252873563219,0.8275101542422317,0.16261280298346367,0.9137931034482759,0.7592592592592593,0.5760869565217391,0.9609375,0.7066666666666667,-1.6149212556680814,1.9527018800766363
786,0.8830409356725146,0.8444891675264995,0.17469186926754549,0.9078947368421053,0.7083333333333334,0.6216216216216216,0.9357798165137615,0.7379679144385026,-1.3583854920868794,1.6649790284373387
787,0.9223536548377312,0.8618518695628902,0.14340444318672727,0.873015873015873,0.8152866242038217,0.6547619047619048,0.9411764705882353,0.7482993197278912,-1.421156162420425,2.0914855968506094
788,0.9089205397301351,0.7769327770685532,0.17536391184607272,0.9130434782608695,0.7068965517241379,0.45161290322580644,0.968503937007874,0.60431654676259,-2.1593002415310685,2.170610373044033
789,0.9303482587064676,0.8576196463195483,0.1524285233587182,0.9850746268656716,0.7516339869281046,0.6346153846153846,0.9913793103448276,0.7719298245614035,-1.805637404074692,2.442665443042551
790,0.8989139515455306,0.7801199046351747,0.1767280620212273,0.9387755102040817,0.7543859649122807,0.5227272727272727,0.9772727272727273,0.6715328467153284,-2.102125174136408,1.970053603890919
791,0.8882382133995037,0.7908905838886958,0.16401637197735908,0.8769230769230769,0.7483870967741936,0.59375,0.9354838709677419,0.7080745341614907,-1.2898172087122308,1.8565943804195622
792,0.8708114238581297,0.7754060630932585,0.17029031031135,0.8688524590163934,0.7358490566037735,0.5578947368421052,0.936,0.6794871794871795,-1.4130452571345768,1.4551342544287365
793,0.9213536251063427,0.8937922750795587,0.15396872726716365,0.9014084507042254,0.785234899328859,0.6666666666666666,0.9435483870967742,0.7664670658682635,-1.581426037406583,2.390243373914249
794,0.9020594539185537,0.8314183202632335,0.15902625069421364,0.9041095890410958,0.7687074829931972,0.66,0.9416666666666667,0.7630057803468208,-1.2865720601005874,1.8197575332659217
795,0.9369562761269913,0.8539283321138996,0.14742976017520454,0.9245283018867925,0.7724550898203593,0.5632183908045977,0.9699248120300752,0.7,-1.92911002622505,2.399728145806562
796,0.8828505747126437,0.8312785249634693,0.16433348898362732,0.8933333333333333,0.8,0.6979166666666666,0.9354838709677419,0.783625730994152,-1.170968509945059,1.6783547466364186
797,0.8954675377705186,0.8290464797612862,0.16543782004729546,0.9032258064516129,0.7278481012658228,0.5656565656565656,0.9504132231404959,0.6956521739130435,-1.586373102241027,1.9500780258857529
798,0.9370307807807808,0.8888572610482698,0.1422665489436,0.9305555555555556,0.831081081081081,0.7282608695652174,0.9609375,0.8170731707317073,-1.345149736193924,2.3902810310360185
799,0.9146590445079624,0.8373585164591044,0.1622693164486818,0.9032258064516129,0.7531645569620253,0.5894736842105263,0.952,0.7133757961783439,-1.6893627362134618,2.35001044499326
800,0.9082445532200787,0.8496222157876925,0.1594724813427682,0.927536231884058,0.7880794701986755,0.6666666666666666,0.9596774193548387,0.7757575757575758,-1.5816540269840769,1.8475264829427624
801,0.93375,0.9074207085969731,0.1347865403303773,0.9375,0.7857142857142857,0.7142857142857143,0.9565217391304348,0.8108108108108109,-1.192037495118259,2.25594047866262
802,0.8990625,0.8016669321551211,0.15993898875647727,0.8833333333333333,0.76875,0.5888888888888889,0.9461538461538461,0.7066666666666667,-1.4830738595402564,1.8453758509948004
803,0.9226907630522088,0.8430005442776379,0.15765733685231814,0.9444444444444444,0.7590361445783133,0.5604395604395604,0.9767441860465116,0.7034482758620689,-1.9424707011126916,2.081637937238732
804,0.874948958758677,0.7784605545145359,0.16736004555297274,0.8709677419354839,0.7721518987341772,0.6,0.9384615384615385,0.7105263157894737,-1.3342948727717392,1.654052266401138
805,0.8753004807692307,0.7787399381720163,0.17500340741286363,0.875,0.717948717948718,0.56,0.9333333333333333,0.6829268292682927,-1.4107008364852025,1.5917146254278773
806,0.9191706730769231,0.8653848909000725,0.1575761274213682,0.921875,0.7371794871794872,0.59,0.9583333333333334,0.7195121951219512,-1.6901572232903495,2.343752734043245
807,0.8858558285309878,0.8159516024966488,0.16687007048538635,0.8412698412698413,0.7452229299363057,0.5698924731182796,0.9212598425196851,0.6794871794871795,-1.429536881904738,1.7118499591167802
808,0.8987341772151899,0.8611296966276856,0.15636320691188182,0.8860759493670886,0.7304964539007093,0.6481481481481481,0.9196428571428571,0.7486631016042781,-1.1608603530608008,1.8745441261820721
809,0.8939950372208437,0.8463124802448894,0.16427974279377727,0.8615384615384616,0.7354838709677419,0.5773195876288659,0.926829268292683,0.691358024691358,-1.4846478727866577,1.8144814067095347
810,0.9540549947789767,0.872303188743388,0.14525787183108638,0.9411764705882353,0.7928994082840237,0.5783132530120482,0.9781021897810219,0.7164179104477612,-2.2340859632568173,2.520416459613896
811,0.9404046474358975,0.8668679681262415,0.1499926887648182,0.9375,0.7756410256410257,0.631578947368421,0.968,0.7547169811320755,-1.943275111312565,2.5552977470914726
812,0.9274193548387096,0.8762471727192142,0.14836583463413636,0.9193548387096774,0.7911392405063291,0.6333333333333333,0.9615384615384616,0.75,-1.618123433811757,2.3136906490172926
813,0.8677755553216128,0.7437797255218728,0.18791645790260914,0.8983050847457628,0.6894409937888198,0.5145631067961165,0.9487179487179487,0.654320987654321,-1.6695596119857696,1.6138700492598366
814,0.9309375,0.8501769884663738,0.15124079549168185,0.9833333333333333,0.78125,0.6276595744680851,0.9920634920634921,0.7662337662337663,-1.8470937294010006,2.2798652954196403
815,0.9164965291955899,0.8300243139424271,0.1572071049945409,0.9193548387096774,0.7848101265822784,0.6263736263736264,0.9612403100775194,0.7450980392156863,-1.6892531720566815,1.9704928237637105
816,0.9190901238122661,0.8449447550672172,0.15401964665823184,0.9420289855072463,0.7880794701986755,0.6701030927835051,0.967479674796748,0.7831325301204819,-1.4885411207874675,2.120406285336926
817,0.8820496958449324,0.7936158940309258,0.16561957802604094,0.8852459016393442,0.779874213836478,0.6067415730337079,0.9465648854961832,0.72,-1.378302145700675,1.687697571963437
818,0.9414644529587058,0.8343498648556977,0.15478844241066364,0.9827586206896551,0.7407407407407407,0.5757575757575758,0.9917355371900827,0.7261146496815286,-2.3070527018386033,2.5851659548729025
819,0.9009799918334014,0.8158609506466983,0.17536002335685,0.9354838709677419,0.6962025316455697,0.5471698113207547,0.9649122807017544,0.6904761904761905,-1.8261714246534537,1.9259132984805125
820,0.9463466978831333,0.8943538631364846,0.13426013159937272,0.9253731343283582,0.8235294117647058,0.6966292134831461,0.9618320610687023,0.7948717948717948,-1.6165568330971394,2.5717967473510144
821,0.8977363782051283,0.8447605857410933,0.16399320288451816,0.890625,0.7628205128205128,0.6063829787234043,0.9444444444444444,0.7215189873417721,-1.5625348030393271,1.9973168086263307
822,0.8693504799179946,0.8019121714296361,0.1722093875076273,0.863013698630137,0.7278911564625851,0.6116504854368932,0.9145299145299145,0.7159090909090909,-1.188487922306229,1.5016041768037345
823,0.9307196029776674,0.8992713823069158,0.13576612729587728,0.9230769230769231,0.8451612903225807,0.7142857142857143,0.9632352941176471,0.8053691275167785,-1.505106366491036,2.039249152200117
824,0.9299226539931041,0.9106818405468793,0.14747672138044546,0.9315068493150684,0.8095238095238095,0.7083333333333334,0.9596774193548387,0.8047337278106509,-1.3604442351646784,2.4513234326139828
825,0.9069791666666667,0.8319990430846402,0.16272972099070906,0.9166666666666666,0.74375,0.5729166666666666,0.9596774193548387,0.7051282051282052,-1.6666608244680832,1.8521730111613255
826,0.9412817758682421,0.8458145604891631,0.1592093815621182,0.9387755102040817,0.7777777777777778,0.5476190476190477,0.9779411764705882,0.6917293233082706,-2.4326824962664055,2.7941194645162746
827,0.9124095359727544,0.8431276007483542,0.16356360135542725,0.9310344827586207,0.7592592592592593,0.5806451612903226,0.968503937007874,0.7152317880794702,-1.7472550202090413,2.195207215974444
828,0.9129279811097993,0.8584647587370126,0.15092525570259088,0.9090909090909091,0.7727272727272727,0.631578947368421,0.952,0.7453416149068323,-1.3872395580769763,2.3062807701216133
829,0.916498704290239,0.8838206670819767,0.15544227058766819,0.9130434782608695,0.7748344370860927,0.6494845360824743,0.9512195121951219,0.7590361445783133,-1.6644854850667137,2.033953047060426
830,0.9491445316192457,0.9181478503696171,0.1493407602329773,0.971830985915493,0.7651006711409396,0.6634615384615384,0.9827586206896551,0.7885714285714286,-2.1229433085640212,2.7968604920186704
831,0.9080086580086579,0.8508310343704473,0.15796741498062722,0.9393939393939394,0.7597402597402597,0.6262626262626263,0.9669421487603306,0.7515151515151515,-1.6408730839535075,1.8424220399012068
832,0.9288194444444444,0.8912908019219118,0.1408773415653318,0.8947368421052632,0.8055555555555556,0.7083333333333334,0.9354838709677419,0.7906976744186046,-1.3326131963310166,2.1731974056214955
833,0.934587390112487,0.9025828299904308,0.13090106573344545,0.9014084507042254,0.8590604026845637,0.7529411764705882,0.9481481481481482,0.8205128205128205,-1.0900802227626347,2.54018736755874
834,0.9008255243195001,0.8133304548805709,0.15834866569527273,0.9074074074074074,0.7891566265060241,0.5833333333333334,0.9632352941176471,0.7101449275362319,-1.5504137007481746,2.019546808548327
835,0.921645940754221,0.8837950313367776,0.14565413942598637,0.9365079365079365,0.7834394904458599,0.6344086021505376,0.968503937007874,0.7564102564102564,-1.5592634325279735,2.23186757674113
836,0.9256965944272446,0.8334082506479723,0.14227313959958637,0.9411764705882353,0.8092105263157895,0.6881720430107527,0.968503937007874,0.7950310559006211,-1.471388357964297,2.1591822703381056
837,0.9149652919559004,0.813218945477656,0.15914605285101363,0.9032258064516129,0.7341772151898734,0.5714285714285714,0.9508196721311475,0.7,-1.7836248855045502,2.207432813666712
838,0.9009369407306033,0.8106420075812517,0.1680429455899727,0.8983050847457628,0.7204968944099379,0.5408163265306123,0.9508196721311475,0.6751592356687898,-1.7095323668914517,1.9456796763911817
839,0.9203069657615112,0.8791727907251606,0.1374613166317591,0.8636363636363636,0.8181818181818182,0.6705882352941176,0.9333333333333333,0.7549668874172185,-1.197631076530108,2.1145059266762183
840,0.8934653043848446,0.7941278079116848,0.15778659404905,0.8448275862068966,0.7592592592592593,0.5568181818181818,0.9318181818181818,0.6712328767123288,-1.3786072064418973,1.8847964736703593
841,0.9006926153545995,0.8114599683240655,0.1562667803195773,0.8955223880597015,0.7777777777777778,0.6382978723404256,0.9444444444444444,0.7453416149068323,-1.349767993859448,1.9735639050052616
842,0.9093721002165172,0.8502899745877648,0.15852863077481816,0.9180327868852459,0.7547169811320755,0.5894736842105263,0.96,0.717948717948718,-1.6785513311922988,1.940458294471456
843,0.9306666666666668,0.8824913086731947,0.14542483694936365,0.96,0.7655172413793103,0.6792452830188679,0.9736842105263158,0.7955801104972375,-1.5292411381478994,2.261663917460081
844,0.9495192307692308,0.9035252040336985,0.13750720917280454,0.9375,0.8461538461538461,0.7142857142857143,0.9705882352941176,0.8108108108108109,-1.696081836953199,2.7158495508682012
845,0.9349914063289859,0.8697305046996173,0.13667254807246818,0.8888888888888888,0.802547770700637,0.6436781609195402,0.9473684210526315,0.7466666666666667,-1.4220615814424902,2.368983621268084
846,0.9315625295396541,0.8905961087089529,0.14361461489989544,0.9154929577464789,0.8187919463087249,0.7065217391304348,0.953125,0.7975460122699386,-1.367918444406811,2.384240834782292
847,0.9168571428571428,0.8497798353039878,0.14929830547463635,0.9428571428571428,0.7866666666666666,0.673469387755102,0.9672131147540983,0.7857142857142857,-1.390951210594478,2.0962489954187764
848,0.9103618421052633,0.8620362986620101,0.15112106554919094,0.881578947368421,0.7847222222222222,0.6836734693877551,0.9262295081967213,0.7701149425287356,-1.210163293100609,2.141755399351132
849,0.9286698150334514,0.8390344506284643,0.15472985907831366,0.9545454545454546,0.7532467532467533,0.6237623762376238,0.9747899159663865,0.7544910179640718,-1.9041257066878126,2.459222189158888
850,0.8786472832250747,0.7945039161538341,0.1831300261502773,0.8852459016393442,0.6918238993710691,0.5242718446601942,0.9401709401709402,0.6585365853658537,-1.6622462329685284,1.7127705084285199
851,0.9042044678567944,0.8057451541862137,0.16154804407781817,0.8656716417910447,0.7581699346405228,0.6105263157894737,0.928,0.7160493827160493,-1.3172756004553687,1.710995022408395
852,0.9173677884615384,0.8376452138860724,0.15202762070985001,0.9375,0.7756410256410257,0.631578947368421,0.968,0.7547169811320755,-1.5200741788392311,1.9864622759150732
853,0.9467129440587995,0.8764739238213924,0.15164313265302273,0.967741935483871,0.7974683544303798,0.6521739130434783,0.984375,0.7792207792207793,-2.000004270221203,2.545799768606196
854,0.9443241571296009,0.8613299441649566,0.14836237713245456,0.9672131147540983,0.779874213836478,0.6276595744680851,0.9841269841269841,0.7612903225806451,-1.8775794988585959,2.550411738849534
855,0.9179913675123698,0.8591951665284907,0.1537881034439818,0.8983050847457628,0.782608695652174,0.6022727272727273,0.9545454545454546,0.7210884353741497,-1.7585549158268754,2.0954677890640516
856,0.9199751310063061,0.9071810579019783,0.13727855766823638,0.8888888888888888,0.8273381294964028,0.75,0.9274193548387096,0.8135593220338984,-0.8206024275279102,2.3217130637834558
857,0.8897235576923077,0.805986697307379,0.17144178169091365,0.921875,0.7435897435897436,0.5959595959595959,0.9586776859504132,0.7239263803680982,-1.550325514094439,1.6990231500432433
858,0.9124456576685875,0.8475384183286631,0.1580059398530955,0.9365079365079365,0.7452229299363057,0.5959595959595959,0.9669421487603306,0.7283950617283951,-1.6348838002263584,2.127104677933204
859,0.8933823529411764,0.8432407911254998,0.15768700026541363,0.8676470588235294,0.7368421052631579,0.5959595959595959,0.9256198347107438,0.7065868263473054,-1.2408653256285656,1.6867032265806146
860,0.9403778040141676,0.8825706062068346,0.15172493735017728,0.9545454545454546,0.7402597402597403,0.6116504854368932,0.9743589743589743,0.7455621301775148,-1.9680884548377393,2.6134190792144043
861,0.9267047774601879,0.8598114923103997,0.14548534759361365,0.9516129032258065,0.8164556962025317,0.6704545454545454,0.9772727272727273,0.7866666666666666,-1.5251402079595202,2.3200303624726812
862,0.935092508340916,0.8518224935194401,0.14861912187811363,0.9682539682539683,0.7834394904458599,0.6421052631578947,0.984,0.7721518987341772,-1.883851606529036,2.6193446295752083
863,0.8820382882882883,0.8186238429400886,0.1642369988454091,0.8611111111111112,0.7702702702702703,0.6458333333333334,0.9193548387096774,0.7380952380952381,-1.1823021713780528,1.692741802251764
864,0.8740901786558277,0.8466970201772692,0.16683010932299092,0.8450704225352113,0.7718120805369127,0.6382978723404256,0.9126984126984127,0.7272727272727273,-1.182962380217042,1.641586235837105
865,0.9332380563495305,0.8815310894789303,0.1403399404992091,0.9516129032258065,0.759493670886076,0.6082474226804123,0.975609756097561,0.7421383647798742,-1.7404690874698063,2.182649589510916
866,0.8938850574712643,0.8108433506897281,0.16654708054567274,0.9066666666666666,0.7241379310344828,0.6296296296296297,0.9375,0.7431693989071039,-1.3897316538712556,1.9589507737055212
867,0.9559047619047618,0.927591489056147,0.12931482049523182,0.9571428571428572,0.8266666666666667,0.7204301075268817,0.9763779527559056,0.8220858895705522,-1.6476747022525702,2.8331601887150035
868,0.8807619047619047,0.7933403829598321,0.15902358113542273,0.8428571428571429,0.7933333333333333,0.6555555555555556,0.9153846153846154,0.7375,-1.1440274048169088,1.6195350581372305
869,0.9449641267823086,0.9317824169495895,0.12166402871720457,0.935064935064935,0.8671328671328671,0.7912087912087912,0.9612403100775194,0.8571428571428571,-1.264858730449544,2.34230083290832
870,0.9184605348988911,0.8418987676480792,0.1503010073276591,0.9315068493150684,0.7414965986394558,0.6415094339622641,0.956140350877193,0.7597765363128491,-1.4072675787177955,2.0723066469208624
871,0.9119582043343653,0.8506016375086033,0.1604712991589909,0.9264705882352942,0.7631578947368421,0.6363636363636364,0.9586776859504132,0.7544910179640718,-1.5775112438255072,2.0359323865934997
872,0.9006737443854633,0.8415392773522935,0.1624943692454273,0.9354838709677419,0.7468354430379747,0.5918367346938775,0.9672131147540983,0.725,-1.5662278156337288,1.858186870813641
873,0.9266012587930396,0.8574775032175674,0.14729951695872726,0.918918918918919,0.7602739726027398,0.6601941747572816,0.9487179487179487,0.768361581920904,-1.2804359763565198,2.316793735809409
874,0.9265287356321839,0.8873432768752478,0.13617214057403637,0.88,0.8137931034482758,0.7096774193548387,0.9291338582677166,0.7857142857142857,-1.1450338400154338,2.188008738052889
875,0.9294791666666666,0.8634075140719919,0.15457414118206816,0.9166666666666666,0.75625,0.5851063829787234,0.9603174603174603,0.7142857142857143,-1.8159716739731286,2.428132973924969
876,0.8948248720975994,0.815204923515802,0.16156319713005,0.8484848484848485,0.7727272727272727,0.6153846153846154,0.9224806201550387,0.7133757961783439,-1.3441751823597614,1.9221955787166625
877,0.9415708812260536,0.8731827959170789,0.15052826437901362,0.9655172413793104,0.7654320987654321,0.5957446808510638,0.9841269841269841,0.7368421052631579,-2.0046633709895945,2.5888723729529883
878,0.95016091954023,0.9160973002382538,0.1370055049134091,0.9466666666666667,0.8068965517241379,0.7171717171717171,0.9669421487603306,0.8160919540229885,-1.594492791979225,2.720775702059484
879,0.9117957577502639,0.8705175990331813,0.1582860995432,0.9130434782608695,0.7814569536423841,0.65625,0.9516129032258065,0.7636363636363637,-1.4939209423369002,1.9681144506169874
880,0.9121297909407666,0.8251144129058576,0.1499305832914409,0.9107142857142857,0.8048780487804879,0.6144578313253012,0.9635036496350365,0.7338129496402878,-1.595257898348004,2.0018441009522356
881,0.9453366873065016,0.8953643810187628,0.1478276424838909,0.9411764705882353,0.75,0.6274509803921569,0.9661016949152542,0.7529411764705882,-1.8224625181937724,2.895665318217432
882,0.8774038461538461,0.8056286068729506,0.1724812179063409,0.859375,0.7115384615384616,0.55,0.925,0.6707317073170732,-1.3804484211748578,1.845712509890091
883,0.9078908188585608,0.8111183892356328,0.16746659424986818,0.9384615384615385,0.7032258064516129,0.5700934579439252,0.9646017699115044,0.7093023255813954,-1.8261312337256883,2.1030658145575534
884,0.9205729166666667,0.8695051913718645,0.14139431065120456,0.859375,0.8461538461538461,0.6962025316455697,0.9361702127659575,0.7692307692307693,-1.3256978622723454,2.195138098084372
885,0.8626160990712074,0.8052848820413122,0.1759688225204682,0.8823529411764706,0.6907894736842105,0.5607476635514018,0.9292035398230089,0.6857142857142857,-1.3155430568848026,1.5103649815397626
886,0.894045289348616,0.8182826088071622,0.15939623965679547,0.9178082191780822,0.7346938775510204,0.6320754716981132,0.9473684210526315,0.7486033519553073,-1.3523173179955899,1.8500165559271025
887,0.8950270897832817,0.824734145037801,0.15957052456975454,0.8529411764705882,0.7631578947368421,0.6170212765957447,0.9206349206349206,0.7160493827160493,-1.3275688368520515,1.9569653096879969
888,0.9487854843429909,0.9132493497283344,0.1450482742879773,0.9552238805970149,0.7516339869281046,0.6274509803921569,0.9745762711864406,0.757396449704142,-2.106525398420042,2.811167791542869
889,0.9255583126550868,0.8547396346140541,0.15841890856996363,0.9230769230769231,0.7354838709677419,0.594059405940594,0.957983193277311,0.7228915662650602,-1.8700768998675061,2.2369195545607
890,0.8706905267414822,0.8125475621536441,0.16573219371969092,0.873015873015873,0.7452229299363057,0.5789473684210527,0.936,0.6962025316455697,-1.343464122185883,1.6914354636982707
891,0.94125,0.9063637816202141,0.15071187279940004,0.9333333333333333,0.76875,0.6021505376344086,0.968503937007874,0.7320261437908496,-2.2053433696325406,2.5038930959707706
892,0.8849352563427729,0.7849556135865119,0.17656378022118638,0.8983050847457628,0.7267080745341615,0.5463917525773195,0.9512195121951219,0.6794871794871795,-1.6473836553044583,1.7136737897264092
893,0.9242025476365934,0.8642641307863664,0.1587909233229909,0.9491525423728814,0.7329192546583851,0.5656565656565656,0.9752066115702479,0.7088607594936709,-1.8566370764818034,2.270135011193259
894,0.8680208333333334,0.786254356103551,0.1728739716187591,0.8666666666666667,0.7375,0.5531914893617021,0.9365079365079365,0.6753246753246753,-1.4325384922685958,1.5257648643155517
895,0.9182620120120121,0.8547911153037742,0.1546062018220409,0.9444444444444444,0.75,0.6476190476190476,0.9652173913043478,0.768361581920904,-1.5405118894860923,2.1545253591934226
896,0.9169671474358974,0.8678182742216974,0.1536959795587727,0.921875,0.7628205128205128,0.6145833333333334,0.9596774193548387,0.7375,-1.6020506543193833,2.1771067206357495
897,0.9377829245183704,0.846552420748816,0.14994287151370453,0.9322033898305084,0.782608695652174,0.6111111111111112,0.9692307692307692,0.738255033557047,-1.9520812230358744,2.249194629807874
898,0.9322610578410147,0.8419764960760246,0.14083276574033635,0.9508196721311475,0.7987421383647799,0.6444444444444445,0.9769230769230769,0.7682119205298014,-1.561444742657035,2.120214487331095
899,0.9275875639512003,0.8399873712978938,0.1548418157526227,0.9545454545454546,0.7727272727272727,0.6428571428571429,0.9754098360655737,0.7682926829268293,-1.7137751411078468,2.2396772052346523
900,0.9199917517269822,0.8307281978897514,0.1605366895641682,0.9344262295081968,0.7421383647798742,0.5816326530612245,0.9672131147540983,0.7169811320754716,-1.6858029880135015,2.131914212035318
901,0.9339297362780729,0.8765487616064505,0.14096251710469546,0.9315068493150684,0.7891156462585034,0.6868686868686869,0.9586776859504132,0.7906976744186046,-1.4099238189295717,2.3227319508337447
902,0.9524238782051283,0.9140326344226132,0.13793544943087727,0.953125,0.8333333333333334,0.7011494252873564,0.9774436090225563,0.8079470198675497,-1.8617001614240443,2.6759300728361772
903,0.9087841191066998,0.8475942249019045,0.16012020455807274,0.9384615384615385,0.7290322580645161,0.5922330097087378,0.9658119658119658,0.7261904761904762,-1.6822129633914689,1.880493314599758
904,0.9248376121249613,0.849241847371166,0.1509578692489,0.9180327868852459,0.7924528301886793,0.6292134831460674,0.9618320610687023,0.7466666666666667,-1.505084538830458,2.5155159593717054
905,0.8964589387579378,0.8030043131732034,0.16424337717283635,0.9122807017543859,0.7791411042944786,0.5909090909090909,0.9621212121212122,0.7172413793103448,-1.5865309813083177,1.8324452825854698
906,0.8933588761174969,0.7716659050790169,0.16553509070978636,0.896551724137931,0.7530864197530864,0.5652173913043478,0.953125,0.6933333333333334,-1.5512944884407973,1.8690860907226974
907,0.930437306501548,0.8682977647081721,0.1376245274021727,0.9411764705882353,0.8026315789473685,0.6808510638297872,0.9682539682539683,0.7901234567901234,-1.3441367667407915,2.250285953216737
908,0.9093746951516926,0.8794104164587834,0.15763301986303638,0.8507462686567164,0.7581699346405228,0.6063829787234043,0.9206349206349206,0.7080745341614907,-1.5282963908381797,2.0510200074803446
909,0.9296551724137931,0.8908343222859549,0.14047955583686364,0.92,0.8,0.7040816326530612,0.9508196721311475,0.7976878612716763,-1.3144635323359246,2.2905916316922594
910,0.9300316729052692,0.8909169496126095,0.14085715998320908,0.9130434782608695,0.8013245033112583,0.6774193548387096,0.952755905511811,0.7777777777777778,-1.5381373190503422,2.210033332579828
911,0.9358808933002482,0.8761921790150727,0.14271033631064092,0.9538461538461539,0.7677419354838709,0.6326530612244898,0.9754098360655737,0.7607361963190185,-1.6174816338202824,2.409937383772342
912,0.909755646057016,0.8122834734576259,0.15405584210452727,0.9324324324324325,0.7945205479452054,0.696969696969697,0.9586776859504132,0.7976878612716763,-1.245837790635905,2.0942659058710515
913,0.9259868421052632,0.8696208763160244,0.1503473304105682,0.9264705882352942,0.756578947368421,0.63,0.9583333333333334,0.75,-1.6054143490759458,2.423882172183173
914,0.9375255206206615,0.8894080811652866,0.15881912614834998,0.9354838709677419,0.7278481012658228,0.5742574257425742,0.9663865546218487,0.7116564417177914,-2.108209038451898,2.548608576041154
915,0.8803970223325062,0.7701385961192829,0.17051260388851364,0.9076923076923077,0.7419354838709677,0.5959595959595959,0.9504132231404959,0.7195121951219512,-1.3645569194426845,1.6434196651917605
916,0.8831260742088767,0.7850854576917667,0.16435748211225454,0.8412698412698413,0.7961783439490446,0.6235294117647059,0.9259259259259259,0.7162162162162162,-1.2245021646370973,1.7105104662002715
917,0.9039977477477477,0.8640797404980559,0.1511006537005727,0.9027777777777778,0.7905405405405406,0.6770833333333334,0.9435483870967742,0.7738095238095238,-1.188632829527431,1.9730143205308415
918,0.923187957521394,0.8435805400737928,0.14819477111916363,0.9508196721311475,0.7987421383647799,0.6444444444444445,0.9769230769230769,0.7682119205298014,-1.5692366649715805,2.073421522316319
919,0.916498704290239,0.8490562978261968,0.15991793546015912,0.9420289855072463,0.7417218543046358,0.625,0.9655172413793104,0.7514450867052023,-1.6468538756349969,2.0374789212791424
920,0.9142267267267267,0.8119128170462152,0.15230185417342273,0.9166666666666666,0.7635135135135135,0.6534653465346535,0.9495798319327731,0.7630057803468208,-1.3664711561202463,2.051608705490702
921,0.905409429280397,0.825035407545475,0.15230386624657727,0.8769230769230769,0.7612903225806451,0.6063829787234043,0.9365079365079365,0.7169811320754716,-1.30951806302964,2.0491537649078935
922,0.8941461935092508,0.8186741206445405,0.16661721717139544,0.9047619047619048,0.7643312101910829,0.6063829787234043,0.9523809523809523,0.7261146496815286,-1.5159469743256708,1.9423224046820904
923,0.8857568238213399,0.7930279445238592,0.15800413039568637,0.8307692307692308,0.7741935483870968,0.6067415730337079,0.916030534351145,0.7012987012987013,-1.21931858425458,1.554611231794413
924,0.8711968519051732,0.7836590794666171,0.16711475192470004,0.8695652173913043,0.7417218543046358,0.6060606060606061,0.9256198347107438,0.7142857142857143,-1.1860632195615877,1.5745944888019914
925,0.9016426282051283,0.8264140578302598,0.16576368149580453,0.9375,0.7692307692307693,0.625,0.967741935483871,0.75,-1.5719901140693744,1.9577466736020148
926,0.9395027885433407,0.9033330884144,0.1384202137309727,0.9295774647887324,0.7919463087248322,0.6804123711340206,0.959349593495935,0.7857142857142857,-1.6171418668737543,2.381847535723161
927,0.8937741046831956,0.7548146256023006,0.17065656574516816,0.9090909090909091,0.7575757575757576,0.5555555555555556,0.9615384615384616,0.6896551724137931,-1.6678838243117224,1.8299211742905492
928,0.8975681650700075,0.8202978462485373,0.1635989177279818,0.8305084745762712,0.7329192546583851,0.532608695652174,0.921875,0.6490066225165563,-1.5351416204548347,1.9053268987674346
929,0.9359520123839009,0.8607559090760379,0.14426615509470908,0.9558823529411765,0.756578947368421,0.6372549019607843,0.9745762711864406,0.7647058823529411,-1.8763539310478372,2.2683616953918735
930,0.9277814538236128,0.8767512486098635,0.14097113132791364,0.9014084507042254,0.8322147651006712,0.7191011235955056,0.9465648854961832,0.8,-1.3193071409879644,1.9854413810703948
931,0.9128919860627178,0.7851415164889771,0.1497140215704182,0.9107142857142857,0.7865853658536586,0.5930232558139535,0.9626865671641791,0.7183098591549296,-1.4211128836311029,1.975529131932989
932,0.9467147435897436,0.895107574024185,0.14152475059254999,0.90625,0.8076923076923077,0.6590909090909091,0.9545454545454546,0.7631578947368421,-1.8522791263909837,2.428504168399913
933,0.9151642628205129,0.8010069406476031,0.16092269696377728,0.9375,0.75,0.6060606060606061,0.9669421487603306,0.7361963190184049,-1.579343127118448,2.1513672167804097
934,0.8731034482758621,0.8460858550613455,0.16991311113902272,0.8933333333333333,0.7172413793103448,0.6203703703703703,0.9285714285714286,0.73224043715847,-1.1870141519353994,1.6411523291958843
935,0.9039463141025641,0.8029841177176068,0.1609334095267045,0.9375,0.7564102564102564,0.6122448979591837,0.9672131147540983,0.7407407407407407,-1.5122396802933187,1.9406971154150745
936,0.9119907358669334,0.8305177703126345,0.16084583662724092,0.9491525423728814,0.7391304347826086,0.5714285714285714,0.9754098360655737,0.7133757961783439,-1.7569394776878273,2.0202035166549117
937,0.8924148606811146,0.8038050632623508,0.15730550816166816,0.8970588235294118,0.7697368421052632,0.6354166666666666,0.9435483870967742,0.7439024390243902,-1.3113173594853391,1.6901725720691931
938,0.9199915780608485,0.8403376683984718,0.1554806153054091,0.9322033898305084,0.7577639751552795,0.5851063829787234,0.9682539682539683,0.7189542483660131,-1.8551235269891717,2.0790087971471096
939,0.8981370192307693,0.8032121347850041,0.16454389654041818,0.890625,0.7564102564102564,0.6,0.944,0.7169811320754716,-1.6075243614686066,1.8394226474787156
940,0.8768510452961671,0.7765004872064303,0.18210233286743635,0.8928571428571429,0.7195121951219512,0.5208333333333334,0.9516129032258065,0.6578947368421053,-1.7508331661799785,1.6273194679338387
941,0.8903788846317583,0.7475972394749788,0.16937635986289543,0.9310344827586207,0.7407407407407407,0.5625,0.967741935483871,0.7012987012987013,-1.535829182478419,1.8767005570371273
942,0.9108333333333333,0.8285458381904831,0.15958515630873635,0.8666666666666667,0.775,0.5909090909090909,0.9393939393939394,0.7027027027027027,-1.698709487166401,1.91247834541825
943,0.8712979094076655,0.8147943935133285,0.17169957389514545,0.8214285714285714,0.75,0.5287356321839081,0.924812030075188,0.6433566433566433,-1.5594046082138087,1.7280520571375466
944,0.9485513970512424,0.8790404041610751,0.1387558904101818,0.9508196721311475,0.8113207547169812,0.6590909090909091,0.9772727272727273,0.7785234899328859,-1.8706923744525854,2.969009668597908
945,0.8839039748130657,0.7955151966293226,0.17499147527792724,0.8636363636363636,0.7272727272727273,0.5757575757575758,0.9256198347107438,0.6909090909090909,-1.5277862294312956,1.7590948406464355
946,0.9201785714285714,0.8830410143251783,0.14591929004327273,0.9,0.8,0.72,0.9333333333333333,0.8,-1.1391949640666337,2.130091712304109
947,0.9301184746390226,0.8836687028793064,0.1359110260246,0.918918918918919,0.7945205479452054,0.6938775510204082,0.9508196721311475,0.7906976744186046,-1.1241549524733636,2.3093960186635925
948,0.9397252321981424,0.8781853493335504,0.1441392584173682,0.9558823529411765,0.7697368421052632,0.65,0.975,0.7738095238095238,-1.715598684738332,2.5880025798399062
949,0.8938462992721429,0.8517221009018552,0.16498373985227274,0.8732394366197183,0.7248322147651006,0.6019417475728155,0.9230769230769231,0.7126436781609196,-1.4231407062324923,1.8019152076381262
950,0.8508745324031948,0.7518602138580374,0.1783447867335773,0.8253968253968254,0.7515923566878981,0.5714285714285714,0.9147286821705426,0.6753246753246753,-1.2814514935814547,1.4446278941212105
951,0.9082998661311914,0.7877191430039855,0.1675247417270727,0.9074074074074074,0.7409638554216867,0.532608695652174,0.9609375,0.6712328767123288,-1.9260729078938383,2.0058570799952657
952,0.9100975975975977,0.8774941601426918,0.14460780233989548,0.9166666666666666,0.7837837837837838,0.673469387755102,0.9508196721311475,0.7764705882352941,-1.1445268973793632,1.9668704281618818
953,0.899639423076923,0.8380177228575356,0.1507454492255,0.875,0.8141025641025641,0.6588235294117647,0.9407407407407408,0.7516778523489933,-1.2933446015885217,1.8512181199591597
954,0.86553412035704,0.7911560491708297,0.16953605623524548,0.855072463768116,0.7748344370860927,0.6344086021505376,0.9212598425196851,0.7283950617283951,-1.1498429919176165,1.5088657962882284
955,0.9480335658679607,0.8757389548952421,0.1460665222497,0.9682539682539683,0.8089171974522293,0.6703296703296703,0.9844961240310077,0.7922077922077922,-1.711001890224941,2.6053543265811925
956,0.8874110733065264,0.8196769801304438,0.16959509325347272,0.8688524590163934,0.7295597484276729,0.5520833333333334,0.9354838709677419,0.6751592356687898,-1.5637486321681722,1.767950483604301
957,0.936411149825784,0.8735691917936025,0.14577218105913636,0.9464285714285714,0.7804878048780488,0.5955056179775281,0.9770992366412213,0.7310344827586207,-1.8366193186463227,2.4148637764572376
958,0.9468982630272952,0.8847166675687866,0.1396734908513091,0.9384615384615385,0.8129032258064516,0.6777777777777778,0.9692307692307692,0.7870967741935484,-1.7615077391447822,2.574803928658466
959,0.9094752036292402,0.8316315715430159,0.15425607154729998,0.9016393442622951,0.7861635220125787,0.6179775280898876,0.9541984732824428,0.7333333333333333,-1.4391312855479208,2.0892735345787172
960,0.8740281377267679,0.8185929196821881,0.17512035935663184,0.8513513513513513,0.6917808219178082,0.5833333333333334,0.9017857142857143,0.6923076923076923,-1.2543725529704683,1.7030678317826553
961,0.9345426624436126,0.8880643647392752,0.15297525608347728,0.9130434782608695,0.7814569536423841,0.65625,0.9516129032258065,0.7636363636363637,-1.7027355508003106,2.4747780194271147
962,0.9393630053082891,0.8801419402783635,0.15589956615152273,0.9516129032258065,0.7215189873417721,0.5728155339805825,0.9743589743589743,0.7151515151515152,-2.0514478069302027,2.5855434172092133
963,0.8911131331513498,0.7720364321742463,0.15769702126384547,0.8888888888888888,0.7770700636942676,0.6153846153846154,0.9457364341085271,0.7272727272727273,-1.2113074181596322,1.872111326192707
964,0.9110105580693816,0.7580423659222861,0.17322383746536815,0.9215686274509803,0.7396449704142012,0.5164835164835165,0.9689922480620154,0.6619718309859155,-2.065531019426972,2.0095268554318246
965,0.8838041795665634,0.8053000068350383,0.1618501235256182,0.8676470588235294,0.7828947368421053,0.6413043478260869,0.9296875,0.7375,-1.2377029521637306,1.8299609780277717
966,0.9254230617866981,0.8685101220037809,0.14469817482801364,0.9090909090909091,0.7857142857142857,0.6451612903225806,0.952755905511811,0.7547169811320755,-1.5022664861910375,2.3141585983760415
967,0.8960204178088665,0.827481619569256,0.15663302970330453,0.8873239436619719,0.7583892617449665,0.6363636363636364,0.9338842975206612,0.7411764705882353,-1.22010018063861,1.7977132580186335
968,0.9090196078431372,0.8925685492603667,0.14618512065328182,0.8705882352941177,0.7925925925925926,0.7254901960784313,0.9067796610169492,0.7914438502673797,-1.0416343414143499,1.7677511122857477
969,0.8944221053716878,0.806573578497445,0.1565830047662227,0.8524590163934426,0.7735849056603774,0.5909090909090909,0.9318181818181818,0.697986577181208,-1.3744022516614993,1.8222811243293342
970,0.9537787717826857,0.9097273770422379,0.1324487435686,0.9452054794520548,0.7755102040816326,0.6764705882352942,0.9661016949152542,0.7885714285714286,-1.716268626871658,2.8434055009359267
971,0.8913559941520468,0.8195908690708701,0.15905140499059547,0.9210526315789473,0.7013888888888888,0.6194690265486725,0.9439252336448598,0.7407407407407407,-1.1267463166849896,1.8342830428963866
972,0.9434886759581881,0.8649889441970624,0.1527798214731773,0.875,0.7865853658536586,0.5833333333333334,0.9485294117647058,0.7,-2.0579523952579186,2.7248291816421526
973,0.9257130693912303,0.8739309303325361,0.16137489834810456,0.9310344827586207,0.7469135802469136,0.5684210526315789,0.968,0.7058823529411765,-2.0992069340371167,2.1425024993103667
974,0.903816091954023,0.8622803915162229,0.1563498311030682,0.88,0.7724137931034483,0.6666666666666666,0.9256198347107438,0.7586206896551724,-1.2839333395591268,1.7930550741749616
975,0.8924007413910837,0.8165142061046479,0.17070537492950458,0.9253731343283582,0.6797385620915033,0.5585585585585585,0.9541284403669725,0.6966292134831461,-1.559752365074473,1.8439384658185394
976,0.9344928632195859,0.9039384636727922,0.14321313692181364,0.9295774647887324,0.7785234899328859,0.6666666666666666,0.9586776859504132,0.7764705882352941,-1.5749616599950764,2.3721798515780237
977,0.9007444168734491,0.818885016454398,0.15848782717068186,0.9230769230769231,0.7741935483870968,0.631578947368421,0.96,0.75,-1.4807417488167942,1.8219081609223582
978,0.8985376602564102,0.8130149327545979,0.1578148533474773,0.875,0.7884615384615384,0.6292134831460674,0.9389312977099237,0.7320261437908496,-1.335674130484734,1.8792869007138118
979,0.948233584597221,0.9148197418586235,0.1407155825117727,0.961038961038961,0.7692307692307693,0.6915887850467289,0.9734513274336283,0.8043478260869565,-1.8814094164470963,2.960252045349254
980,0.9107799101674152,0.8371561361818968,0.17267448244346817,0.9032258064516129,0.7151898734177216,0.5544554455445545,0.9495798319327731,0.6871165644171779,-1.9206011463746913,1.9245825672992267
981,0.8505000515517063,0.7861907213168803,0.17034469112354544,0.8032786885245902,0.7547169811320755,0.5568181818181818,0.9090909090909091,0.6577181208053692,-1.1939340696843423,1.4272831577559952
982,0.9153736218864843,0.8279757190641702,0.1524727209387909,0.9193548387096774,0.7911392405063291,0.6333333333333333,0.9615384615384616,0.75,-1.5530197073873981,1.8768609124069848
983,0.908596096096096,0.8643124654626774,0.15515760823525906,0.8888888888888888,0.7567567567567568,0.64,0.9333333333333333,0.7441860465116279,-1.3322264358176887,2.1068073342441944
984,0.9269339576626671,0.8541194902068867,0.15140711131840454,0.8955223880597015,0.7777777777777778,0.6382978723404256,0.9444444444444444,0.7453416149068323,-1.5957117504735057,2.356657452983735
985,0.9191493841456996,0.7941899691749242,0.17152885199207726,0.9661016949152542,0.7391304347826086,0.5757575757575758,0.9834710743801653,0.7215189873417721,-2.050151868747626,2.14183937369091
986,0.9424331222232726,0.8949668728554168,0.1380078654756136,0.9577464788732394,0.7718120805369127,0.6666666666666666,0.9745762711864406,0.7861271676300579,-1.6996751375668449,2.4740398331575104
987,0.9144416873449132,0.8752131729924275,0.15254052706827273,0.9230769230769231,0.7806451612903226,0.6382978723404256,0.9603174603174603,0.7547169811320755,-1.4576224107803926,2.1526010623542957
988,0.8958313640230646,0.8231935690213957,0.17850157499525451,0.9295774647887324,0.697986577181208,0.5945945945945946,0.9541284403669725,0.7252747252747253,-1.6821123473375235,1.8883121847376847
989,0.9251450245426149,0.8221756928163706,0.15632457246035908,0.9074074074074074,0.7650602409638554,0.5568181818181818,0.9621212121212122,0.6901408450704225,-1.9004933002753865,2.1566826809208384
990,0.9345601045296168,0.8436027326296963,0.14816816099566363,0.9464285714285714,0.8048780487804879,0.6235294117647059,0.9777777777777777,0.75177304964539,-1.8103099855993463,2.153779946287423
991,0.9020526550647031,0.8130876347768629,0.14556635658079092,0.8888888888888888,0.8313253012048193,0.631578947368421,0.9583333333333334,0.7384615384615385,-1.4373738160019482,1.834654653783642
992,0.9074767252135522,0.860131316678048,0.15536582647062272,0.8840579710144928,0.7417218543046358,0.61,0.9333333333333333,0.7218934911242604,-1.3860776561355612,1.9856185348378634
993,0.8998014935249079,0.8300886663479494,0.1606808131260364,0.9436619718309859,0.7315436241610739,0.6261682242990654,0.9646017699115044,0.7528089887640449,-1.4313660739527763,1.844598575573758
994,0.9199107142857144,0.8952149268614598,0.1388250707718273,0.8875,0.8142857142857143,0.7319587628865979,0.926829268292683,0.8022598870056498,-1.0445737144160026,2.0742087854630884
995,0.9068505747126436,0.8577952177833295,0.1569218702812591,0.92,0.7586206896551724,0.6634615384615384,0.9482758620689655,0.770949720670391,-1.3703378074188772,1.986874433478832
996,0.9389583333333332,0.8546741012696006,0.14392756212283178,0.95,0.80625,0.6477272727272727,0.9772727272727273,0.7702702702702703,-1.7638022109721794,2.3111649784915973
997,0.9093962952298685,0.8296341392781696,0.1534669879224773,0.9420289855072463,0.7814569536423841,0.6632653061224489,0.9672131147540983,0.7784431137724551,-1.4261096024005402,1.9000065110043198
998,0.9090820407765097,0.8410963296088725,0.15750023087938184,0.9402985074626866,0.7516339869281046,0.6237623762376238,0.9663865546218487,0.75,-1.5403929169476098,1.8505187643109884
999,0.9067538126361655,0.873003540017682,0.14949440343774548,0.9176470588235294,0.7407407407407407,0.6902654867256637,0.9345794392523364,0.7878787878787878,-1.1080897611361755,2.0084773271980563
