bootstrap_iteration,auroc,auprc,brier,sensitivity,specificity,ppv,npv,f1,calibration_intercept,calibration_slope
0,0.9583966565349544,0.9411165923201108,0.11237598942731,0.9553571428571429,0.8191489361702128,0.7588652482269503,0.9685534591194969,0.8458498023715415,-1.2323197729438529,2.5600316634305385
1,0.9475136760139964,0.9331991665387401,0.12775752702185003,0.941747572815534,0.8071065989847716,0.7185185185185186,0.9636363636363636,0.8151260504201681,-1.5095648234876715,2.526429867783566
2,0.95645,0.922683854547525,0.13157395598712,0.98,0.79,0.7,0.9875,0.8166666666666667,-1.9137364505125176,2.7059620748270756
3,0.9482339482339482,0.925919440006156,0.12519936782740668,0.954954954954955,0.783068783068783,0.7210884353741497,0.9673202614379085,0.8217054263565892,-1.4593507961998848,2.3021366963748253
4,0.9617034313725491,0.9253477715532408,0.12562742015435002,0.9791666666666666,0.7647058823529411,0.6619718309859155,0.9873417721518988,0.7899159663865546,-2.061631358904351,2.8839570712307956
5,0.9580209895052474,0.9477321980361294,0.11654542037225002,0.9568965517241379,0.8369565217391305,0.7872340425531915,0.9685534591194969,0.8638132295719845,-1.30373813368066,2.8101638025162052
6,0.9465773002809128,0.9082125728130432,0.12524011750417666,0.970873786407767,0.7918781725888325,0.7092198581560284,0.9811320754716981,0.819672131147541,-1.4685161267134557,2.291762601762367
7,0.9398576340128807,0.9239414182324451,0.12474286455199333,0.9158878504672897,0.8031088082901554,0.7205882352941176,0.9451219512195121,0.8065843621399177,-1.1541998763213304,2.4399740211736205
8,0.9650742857142858,0.9462903583108556,0.11661394640474666,0.992,0.8,0.779874213836478,0.9929078014184397,0.8732394366197183,-1.7601538138854,3.1104139430015754
9,0.9273358220726642,0.8923894965612681,0.14476167649805002,0.9230769230769231,0.7320574162679426,0.6,0.95625,0.7272727272727273,-1.638136050157103,2.181702673438046
10,0.9321849415550613,0.9222490613608326,0.12863214446985669,0.911504424778761,0.7754010695187166,0.7103448275862069,0.9354838709677419,0.7984496124031008,-1.2086646057135362,2.078413996070345
11,0.9484953703703703,0.9156229077635757,0.12748058779604668,0.9814814814814815,0.7604166666666666,0.6973684210526315,0.9864864864864865,0.8153846153846154,-1.6875811041078077,2.3839542936591416
12,0.9362258486271852,0.9039857278489042,0.12749166629021,0.9532710280373832,0.7823834196891192,0.7083333333333334,0.967948717948718,0.8127490039840638,-1.299279998694014,2.00249914686776
13,0.9430199430199431,0.9283524404233902,0.13180549431912666,0.9487179487179487,0.7540983606557377,0.7115384615384616,0.9583333333333334,0.8131868131868132,-1.4876568927688825,2.3425613645882053
14,0.9730603448275862,0.9594384396105132,0.10737003406276333,0.9913793103448276,0.8206521739130435,0.777027027027027,0.993421052631579,0.8712121212121212,-1.6866483940730883,3.1492131628830036
15,0.9495209495209496,0.935814035490656,0.13042085045463334,0.954954954954955,0.7566137566137566,0.6973684210526315,0.9662162162162162,0.8060836501901141,-1.7749220304639306,2.2741046566860734
16,0.9548350824587706,0.9386344984547192,0.11352177322314333,0.9482758620689655,0.8097826086956522,0.7586206896551724,0.9612903225806452,0.842911877394636,-1.1932213601676183,2.345675965721105
17,0.9698929076581128,0.9492514679003807,0.11736754759950332,0.9795918367346939,0.806930693069307,0.7111111111111111,0.9878787878787879,0.8240343347639485,-2.10178454906512,2.8338590678843136
18,0.9553003794785866,0.9353465588179448,0.12816060326266002,0.970873786407767,0.7614213197969543,0.6802721088435374,0.9803921568627451,0.8,-1.7687317334391723,2.4981532747491455
19,0.9477531397174255,0.9302704109360349,0.13208192196513666,0.9519230769230769,0.7602040816326531,0.678082191780822,0.9675324675324676,0.792,-1.6293274155580566,2.695412511869787
20,0.9596382026843027,0.9400478585360302,0.12811399685793334,0.9716981132075472,0.7216494845360825,0.6560509554140127,0.9790209790209791,0.7832699619771863,-2.1384485429893014,2.698870412474026
21,0.9500441060402062,0.9417584832766718,0.12636731281627,0.9495798319327731,0.7679558011049724,0.7290322580645161,0.9586206896551724,0.8248175182481752,-1.5922071653422054,2.317404203832743
22,0.9587912087912088,0.9473668441289084,0.11789447882998334,0.9745762711864406,0.7912087912087912,0.7516339869281046,0.9795918367346939,0.8487084870848709,-1.4781346462318439,2.645461192677112
23,0.9623931623931623,0.9369213266631642,0.12110656142623669,0.9809523809523809,0.7846153846153846,0.7103448275862069,0.9870967741935484,0.824,-1.9223931304702941,2.546380990059773
24,0.9641432370820668,0.9548998805957022,0.12638348528742335,0.9732142857142857,0.7553191489361702,0.7032258064516129,0.9793103448275862,0.8164794007490637,-1.9950361055049188,2.999363741427818
25,0.9484348198970841,0.9197514027261541,0.1388036000689633,0.9545454545454546,0.7594339622641509,0.6222222222222222,0.9757575757575757,0.7533632286995515,-2.0486523685549995,2.53275738154524
26,0.9611233211233211,0.9351830013635614,0.11728399756184998,0.9809523809523809,0.7948717948717948,0.7202797202797203,0.9872611464968153,0.8306451612903226,-1.623848768257847,2.713851193736659
27,0.9336479336479337,0.9035670048637205,0.13202792656958331,0.9459459459459459,0.7619047619047619,0.7,0.96,0.8045977011494253,-1.3261981678631707,1.9605041386004927
28,0.9351073538594553,0.9215652680833295,0.12467710740474999,0.908256880733945,0.806282722513089,0.7279411764705882,0.9390243902439024,0.8081632653061225,-1.1730774596822808,1.9927891749355449
29,0.957971307334815,0.9400503218254658,0.12019451601819,0.9591836734693877,0.8168316831683168,0.7175572519083969,0.9763313609467456,0.8209606986899564,-1.6131973903635968,2.6973705667463723
30,0.9406072739406073,0.9159846181413716,0.13685397051778334,0.954954954954955,0.7142857142857143,0.6625,0.9642857142857143,0.7822878228782287,-1.5979031474899628,2.339037141116953
31,0.9485739189385501,0.92208606712594,0.12750327047671667,0.9626168224299065,0.7668393782383419,0.6959459459459459,0.9736842105263158,0.807843137254902,-1.5321028050263332,2.3251088781270326
32,0.9677217925933043,0.9547516693288618,0.11732801391347,0.9724770642201835,0.7643979057591623,0.7019867549668874,0.9798657718120806,0.8153846153846154,-2.0141704004100887,2.655690962205227
33,0.928009768009768,0.8919743002189071,0.13339545171817666,0.9238095238095239,0.7538461538461538,0.6689655172413793,0.9483870967741935,0.776,-1.2605836585060328,1.955459409451308
34,0.9265334900117508,0.9152101502825312,0.13173741837487335,0.9130434782608695,0.8054054054054054,0.7446808510638298,0.9371069182389937,0.8203125,-1.1783002934832993,1.9793857946605498
35,0.9738792974774865,0.9583693715573679,0.10832782516572664,0.9801980198019802,0.8341708542713567,0.75,0.9880952380952381,0.8497854077253219,-1.87621145410577,2.8595588077491003
36,0.9493634943921253,0.9320921239269682,0.12824991005167,0.9557522123893806,0.7700534759358288,0.7152317880794702,0.9664429530201343,0.8181818181818182,-1.5800818228848337,2.4197757726601403
37,0.9487646536826865,0.9371593369950256,0.12659134030874,0.9572649572649573,0.8032786885245902,0.7567567567567568,0.9671052631578947,0.8452830188679246,-1.4867407611102004,2.4786145262512496
38,0.9422743055555556,0.9219522434663343,0.13054878777947668,0.9537037037037037,0.765625,0.6959459459459459,0.9671052631578947,0.8046875,-1.4009857075321415,2.30456538948783
39,0.9456331453024703,0.9223138800391881,0.13623564117884002,0.9528301886792453,0.7422680412371134,0.6688741721854304,0.9664429530201343,0.7859922178988327,-1.736112826684731,2.3550441538552813
40,0.9555533751962323,0.9382935012671016,0.12783835416696665,0.9519230769230769,0.7959183673469388,0.7122302158273381,0.968944099378882,0.8148148148148148,-1.822597079739635,2.6382305550962655
41,0.9772376543209876,0.9684892964911802,0.1134379748003,0.9814814814814815,0.7708333333333334,0.7066666666666667,0.9866666666666667,0.8217054263565892,-2.3674880474776616,3.3858053139874738
42,0.9508079508079508,0.9318513125428594,0.12330134335891332,0.954954954954955,0.798941798941799,0.7361111111111112,0.967948717948718,0.8313725490196079,-1.4913632223197535,2.2807424454433685
43,0.9673746981420335,0.9451271350052738,0.11968866901758,0.9805825242718447,0.8020304568527918,0.7214285714285714,0.9875,0.831275720164609,-1.9448389033093276,2.877017550146941
44,0.9538854003139717,0.9219899414357572,0.12328438887481336,0.9807692307692307,0.8010204081632653,0.723404255319149,0.9874213836477987,0.8326530612244898,-1.6133734610702992,2.4138241555960214
45,0.9390942217595003,0.9233126903526638,0.13167177150499668,0.9469026548672567,0.7486631016042781,0.6948051948051948,0.958904109589041,0.8014981273408239,-1.3713783088169087,2.2238630743168946
46,0.9253113983548765,0.9004262877479863,0.13303886189568337,0.9217391304347826,0.7783783783783784,0.7210884353741497,0.9411764705882353,0.8091603053435115,-1.0090604583204072,1.9408816104526463
47,0.9654782116581776,0.9546624217608325,0.11694197993080332,0.9736842105263158,0.7741935483870968,0.7254901960784313,0.9795918367346939,0.8314606741573034,-1.7284615835790542,2.9703453201081533
48,0.9603893273933466,0.9463746860237211,0.12512491931795333,0.9626168224299065,0.7772020725388601,0.7054794520547946,0.974025974025974,0.8142292490118577,-1.959062726826345,2.802883867905264
49,0.9549156200941915,0.9366827522256264,0.12418848981666668,0.9615384615384616,0.8061224489795918,0.7246376811594203,0.9753086419753086,0.8264462809917356,-1.6783597797265237,2.533610033184479
50,0.9484126984126984,0.9146264227964191,0.12578952072032668,0.9333333333333333,0.7904761904761904,0.65625,0.9651162790697675,0.7706422018348624,-1.6608364298518243,2.2928742979375687
51,0.9535797800885617,0.9227153288472609,0.12471500530769668,0.9801980198019802,0.7839195979899497,0.6971830985915493,0.9873417721518988,0.8148148148148148,-1.5815794793389906,2.464224733360096
52,0.9521462717460942,0.9285600480805517,0.12420431592253332,0.9514563106796117,0.8121827411167513,0.725925925925926,0.9696969696969697,0.8235294117647058,-1.423729517709284,2.451108228640223
53,0.9658452023988006,0.9519878734584044,0.11006425280452,0.9655172413793104,0.8206521739130435,0.7724137931034483,0.9741935483870968,0.8582375478927203,-1.291523800897724,2.9663436932357974
54,0.9425344544504701,0.9173560139172022,0.12720587759626334,0.9306930693069307,0.7989949748743719,0.7014925373134329,0.9578313253012049,0.8,-1.3666863011767223,2.2309679416684407
55,0.9340265684859943,0.9059476887249849,0.1385087602335,0.9306930693069307,0.7587939698492462,0.6619718309859155,0.9556962025316456,0.7736625514403292,-1.5079139940744382,2.3221228709014268
56,0.9252631578947369,0.9051112355778265,0.12875835633363666,0.8909090909090909,0.8,0.7205882352941176,0.926829268292683,0.7967479674796748,-1.037816504878839,1.966608675631431
57,0.9737657508779178,0.949458825498857,0.11882491077936332,0.9893617021276596,0.8009708737864077,0.6940298507462687,0.9939759036144579,0.8157894736842105,-2.3977197883180685,3.1725562724652487
58,0.9497668405743571,0.9375981736252443,0.11244754702221665,0.9421487603305785,0.8324022346368715,0.7916666666666666,0.9551282051282052,0.8603773584905661,-1.1826418337734494,2.2755560278022164
59,0.9437366271153471,0.9173937958761657,0.12527969926722335,0.9339622641509434,0.7835051546391752,0.7021276595744681,0.9559748427672956,0.8016194331983806,-1.5024681037259557,2.249732071976678
60,0.9613045881702598,0.9424558019968684,0.11864779145983002,0.9595959595959596,0.8159203980099502,0.7196969696969697,0.9761904761904762,0.8225108225108225,-1.6211243427547253,2.741311359133412
61,0.9707613814756673,0.9540754226151921,0.12126906466997998,0.9807692307692307,0.7653061224489796,0.6891891891891891,0.9868421052631579,0.8095238095238095,-2.078880138155175,3.594415198970126
62,0.9116347569955817,0.8705616070217662,0.14973814216623998,0.9072164948453608,0.729064039408867,0.6153846153846154,0.9426751592356688,0.7333333333333333,-1.3807730011764587,1.9828454916773728
63,0.9141770527859236,0.8902601374544412,0.13763217585638665,0.9274193548387096,0.7556818181818182,0.7278481012658228,0.9366197183098591,0.8156028368794326,-0.9878452555445332,1.7362357578711707
64,0.9610663418290855,0.9461629233495813,0.11861243852335335,0.9568965517241379,0.7880434782608695,0.74,0.9666666666666667,0.8345864661654135,-1.5733589428069856,2.659567340101556
65,0.9413516499351553,0.9212279049010584,0.12564386961372667,0.9357798165137615,0.8167539267015707,0.7445255474452555,0.9570552147239264,0.8292682926829268,-1.3050195131930409,2.1528737526893935
66,0.9532535885167465,0.9289286283575565,0.1257982136581,0.9727272727272728,0.7789473684210526,0.7181208053691275,0.9801324503311258,0.8262548262548263,-1.6371517486163811,2.597328421472095
67,0.9481068709886065,0.9159136259219361,0.13621695847405665,0.9603960396039604,0.7236180904522613,0.6381578947368421,0.972972972972973,0.766798418972332,-1.7818316111262826,2.662525017212458
68,0.9327485380116958,0.9104722334065228,0.13459315469973,0.9385964912280702,0.7473118279569892,0.6948051948051948,0.952054794520548,0.7985074626865671,-1.3097554540095877,2.137591748168413
69,0.9579115885147698,0.9320674679527301,0.10880720464420333,0.9361702127659575,0.8592233009708737,0.7521367521367521,0.9672131147540983,0.8341232227488151,-1.3805851227077903,2.501791895781264
70,0.9432189542483661,0.9143432363166449,0.13397724214783333,0.9375,0.7696078431372549,0.656934306569343,0.9631901840490797,0.7725321888412017,-1.7769102321273806,2.401630014812703
71,0.9206910486967064,0.8875813416513065,0.14460622827706668,0.9081632653061225,0.7425742574257426,0.6312056737588653,0.9433962264150944,0.7447698744769874,-1.4759628658401376,1.9479186892409666
72,0.9498367327622924,0.9310667735365238,0.12963247708861,0.9646017699115044,0.7647058823529411,0.7124183006535948,0.9727891156462585,0.8195488721804511,-1.705367225416404,2.4088509182723365
73,0.9641120404590546,0.9443699686029732,0.13187815337413666,0.9811320754716981,0.7525773195876289,0.6842105263157895,0.9864864864864865,0.8062015503875969,-2.18058392448728,2.850592784837129
74,0.9229055258467023,0.8933126497783404,0.13735614997832,0.9215686274509803,0.7828282828282829,0.6861313868613139,0.950920245398773,0.7866108786610879,-1.2879306359671232,2.037149851555683
75,0.95915,0.9349318041765127,0.12607923534678334,0.97,0.76,0.6689655172413793,0.9806451612903225,0.7918367346938775,-1.8189730070959444,2.7967320459601837
76,0.9517061158852205,0.9277242363728334,0.13072519694362,0.9595959595959596,0.7611940298507462,0.6643356643356644,0.9745222929936306,0.7851239669421488,-1.847421553232457,2.489809955962185
77,0.9416653680328295,0.8860465845645916,0.13398343613153665,0.967741935483871,0.7584541062801933,0.6428571428571429,0.98125,0.7725321888412017,-1.5438414661310649,2.379488607312839
78,0.918824151015899,0.8916924044460038,0.14706968898710998,0.926605504587156,0.7120418848167539,0.6474358974358975,0.9444444444444444,0.7622641509433963,-1.357976329591958,1.9941139245430821
79,0.9497179537055047,0.9293299416973166,0.11923807343207665,0.9339622641509434,0.8144329896907216,0.7333333333333333,0.9575757575757575,0.8215767634854771,-1.2817976984239376,2.344078306351556
80,0.9302336626139817,0.9129488789642676,0.13245350192552668,0.9196428571428571,0.7606382978723404,0.6959459459459459,0.9407894736842105,0.7923076923076923,-1.1497683459095316,2.110916334059795
81,0.9327780789512592,0.9005181306772237,0.13836435716051998,0.941747572815534,0.7461928934010152,0.6598639455782312,0.9607843137254902,0.776,-1.5060557285602585,2.1339228288800545
82,0.9547646604938271,0.9402938249425451,0.12112769670289335,0.9444444444444444,0.828125,0.7555555555555555,0.9636363636363636,0.8395061728395061,-1.6755975428571017,2.5153597366971105
83,0.9632600514953457,0.9427974576139058,0.12247218131672667,0.9705882352941176,0.8131313131313131,0.7279411764705882,0.9817073170731707,0.8319327731092437,-1.7880622431877993,2.7060493806003927
84,0.959890560875513,0.9310409146811578,0.12697109245999003,0.9529411764705882,0.8,0.6532258064516129,0.9772727272727273,0.7751196172248804,-1.981346899981387,2.7799581694936517
85,0.9640179910044977,0.9457657734907324,0.11676975392192666,0.9827586206896551,0.7717391304347826,0.7307692307692307,0.9861111111111112,0.8382352941176471,-1.6566884613982538,2.8602421168176084
86,0.9575505181960153,0.9442403471577004,0.12059952885086667,0.9557522123893806,0.786096256684492,0.7297297297297297,0.9671052631578947,0.8275862068965517,-1.590422610041889,2.624463030891502
87,0.9450037993920972,0.9280440791107063,0.12480823912001332,0.9285714285714286,0.7925531914893617,0.7272727272727273,0.9490445859872612,0.8156862745098039,-1.3752465086323629,2.3471984561873405
88,0.9504273504273504,0.9294332258922618,0.12706172507821,0.9428571428571428,0.7794871794871795,0.6971830985915493,0.9620253164556962,0.8016194331983806,-1.6133193684880638,2.4878299034464804
89,0.948477071328265,0.9252485236026443,0.13396231433880998,0.9626168224299065,0.7616580310880829,0.6912751677852349,0.9735099337748344,0.8046875,-1.7091429392300783,2.675813257130231
90,0.9439032272958123,0.9288461884141882,0.12213645455177333,0.9504132231404959,0.7932960893854749,0.756578947368421,0.9594594594594594,0.8424908424908425,-1.1788635214659702,2.30465333812028
91,0.9405875440658049,0.9185793979815431,0.12473155652782002,0.9478260869565217,0.8,0.7465753424657534,0.961038961038961,0.8352490421455939,-1.2269278922208604,2.2111765711210687
92,0.9748118729096991,0.9590581579794915,0.12006026881176332,0.9782608695652174,0.8125,0.6976744186046512,0.9883040935672515,0.8144796380090498,-2.420823121870473,3.135366379905125
93,0.9537574962518741,0.9444235393969679,0.13417473867043,0.9568965517241379,0.7119565217391305,0.676829268292683,0.9632352941176471,0.7928571428571428,-1.9327219172986503,2.6223277308411017
94,0.966450668896321,0.9400941694808573,0.11289639973200336,0.967391304347826,0.8125,0.6953125,0.9825581395348837,0.8090909090909091,-1.8576452846863274,2.709375687136959
95,0.9532389532389531,0.9358957801234694,0.12120380830512,0.963963963963964,0.7671957671957672,0.7086092715231788,0.9731543624161074,0.816793893129771,-1.4904211628549082,2.4103190310120097
96,0.9495234390196461,0.923259252837667,0.13367210771944668,0.9716981132075472,0.7268041237113402,0.6602564102564102,0.9791666666666666,0.7862595419847328,-1.7360908047694954,2.439543284188073
97,0.9500763885466463,0.9293756255229284,0.12484823116984667,0.9514563106796117,0.7918781725888325,0.7050359712230215,0.968944099378882,0.8099173553719008,-1.5453972049481892,2.366667645537264
98,0.9696330455259027,0.9543095634707006,0.11609443733546666,0.9807692307692307,0.7908163265306123,0.7132867132867133,0.9872611464968153,0.8259109311740891,-1.913057125136448,3.071161444745013
99,0.9714972527472526,0.9577239830175502,0.11409689990791999,0.9807692307692307,0.8163265306122449,0.7391304347826086,0.9876543209876543,0.8429752066115702,-1.898727825535992,3.1793245697487356
100,0.9324000000000001,0.9061360289104504,0.13778940917241334,0.92,0.765,0.6618705035971223,0.9503105590062112,0.7698744769874477,-1.494234206233995,2.2778271148204783
101,0.9493169468285003,0.9239760434283052,0.12869026843694664,0.9381443298969072,0.8029556650246306,0.6946564885496184,0.9644970414201184,0.7982456140350878,-1.708867760643899,2.5181140181879287
102,0.9491892957468828,0.916871468408254,0.13010815024959002,0.9514563106796117,0.751269035532995,0.6666666666666666,0.9673202614379085,0.784,-1.67524458679078,2.578529216769685
103,0.9694959545705815,0.9475788596629924,0.11442493054987667,0.9696969696969697,0.8407960199004975,0.75,0.9825581395348837,0.8458149779735683,-1.8305972405726816,2.9106439882195265
104,0.9322222222222223,0.9058631577891408,0.14000681952573668,0.9222222222222223,0.7761904761904762,0.6384615384615384,0.9588235294117647,0.7545454545454545,-1.7402370605837478,2.202084151049346
105,0.9525274725274725,0.9293684590228067,0.12453849148082999,0.9619047619047619,0.7948717948717948,0.7163120567375887,0.9748427672955975,0.8211382113821138,-1.5046428364459266,2.4529962485444914
106,0.9620841605733378,0.9476450688279854,0.12093976687288001,0.9626168224299065,0.7772020725388601,0.7054794520547946,0.974025974025974,0.8142292490118577,-1.6219012562940385,2.7749176878495794
107,0.9426965752437678,0.9301391256051201,0.12436819480063001,0.9174311926605505,0.8115183246073299,0.7352941176470589,0.9451219512195121,0.8163265306122449,-1.28285178852266,2.3532794561159305
108,0.943975667189953,0.9250853654023234,0.12656421659912334,0.9230769230769231,0.7959183673469388,0.7058823529411765,0.9512195121951219,0.8,-1.4733835068815595,2.2030247400907808
109,0.9521793017971493,0.9232994972405745,0.12900731610857,0.9680851063829787,0.8106796116504854,0.7,0.9823529411764705,0.8125,-1.6938735027049514,2.4862044739026747
110,0.9592524509803922,0.9333623622306201,0.12883124818708333,0.96875,0.7696078431372549,0.6642857142857143,0.98125,0.788135593220339,-2.1020229432685733,2.5687060226137506
111,0.9691027926322043,0.9480839116785187,0.11805072646818,0.9705882352941176,0.797979797979798,0.7122302158273381,0.9813664596273292,0.8215767634854771,-1.9559658156533857,2.964390263692988
112,0.9632064364207222,0.943426920525514,0.11650981722157666,0.9615384615384616,0.8163265306122449,0.7352941176470589,0.975609756097561,0.8333333333333334,-1.7900601304294326,2.7409768409787425
113,0.9403174603174603,0.8920895836835966,0.14163656272395334,0.9666666666666667,0.7571428571428571,0.6304347826086957,0.9814814814814815,0.7631578947368421,-1.7878031483077528,2.295898819556435
114,0.966424900331428,0.9451215929295946,0.11669909806877335,0.9908256880733946,0.8167539267015707,0.7552447552447552,0.9936305732484076,0.8571428571428571,-1.6128794960683859,2.7168258126691116
115,0.9172210654613783,0.8812923649178992,0.14388398713169667,0.9175257731958762,0.7536945812807881,0.6402877697841727,0.9503105590062112,0.7542372881355932,-1.3430956600597097,2.0850716774600895
116,0.9584478021978022,0.9367866320157288,0.12080937487894335,0.9519230769230769,0.7857142857142857,0.7021276595744681,0.9685534591194969,0.8081632653061225,-1.7617312731498362,2.654033910896822
117,0.9631363658764971,0.9422756977336108,0.10774129190813668,0.9514563106796117,0.8527918781725888,0.7716535433070866,0.9710982658959537,0.8521739130434782,-1.4076251802364252,2.5911005363060364
118,0.9303632152185698,0.8977965068932333,0.13064513835141334,0.912621359223301,0.7715736040609137,0.6762589928057554,0.9440993788819876,0.7768595041322314,-1.2439355617081178,1.9839406407889486
119,0.9330150462962963,0.9068734218362884,0.13445415922282333,0.9259259259259259,0.7760416666666666,0.6993006993006993,0.9490445859872612,0.796812749003984,-1.4509468181850815,2.1491988089613234
120,0.94921875,0.9436967556576042,0.12328191403828333,0.9259259259259259,0.8125,0.7352941176470589,0.9512195121951219,0.819672131147541,-1.5218035219089368,2.5108611074681795
121,0.9508813160987074,0.9357098757215895,0.12674375553350667,0.9739130434782609,0.7513513513513513,0.7088607594936709,0.9788732394366197,0.8205128205128205,-1.5457785674690523,2.42789270323527
122,0.964695584516631,0.9553455063773675,0.11882353182547,0.9528301886792453,0.8092783505154639,0.7318840579710145,0.9691358024691358,0.8278688524590164,-1.7751048245370398,3.032823121688211
123,0.9712500000000001,0.9454085444807987,0.12361236480804669,1.0,0.775,0.6896551724137931,1.0,0.8163265306122449,-2.144778737452648,3.103811476506583
124,0.9242105263157895,0.8896548203519035,0.14676884476298335,0.9157894736842105,0.7365853658536585,0.6170212765957447,0.949685534591195,0.7372881355932204,-1.6222690022004551,2.0555949054997638
125,0.9571581404396032,0.9382250339005697,0.11927494135829998,0.9622641509433962,0.8092783505154639,0.7338129496402878,0.9751552795031055,0.8326530612244898,-1.488193064197551,2.5818434462130275
126,0.938070818070818,0.9180997771969583,0.13234228333788334,0.9238095238095239,0.7692307692307693,0.6830985915492958,0.9493670886075949,0.7854251012145749,-1.519646456265589,2.1377461113890095
127,0.9177289116855416,0.8685463235416631,0.13415879881759332,0.8865979381443299,0.8029556650246306,0.6825396825396826,0.9367816091954023,0.7713004484304933,-1.1452167377728846,1.804815840845261
128,0.975787284610814,0.959631244938157,0.10894662439237,0.9803921568627451,0.8383838383838383,0.7575757575757576,0.9880952380952381,0.8547008547008547,-1.7523143968400803,3.0878069810455697
129,0.9527391975308642,0.9271281121261381,0.1276466515158967,0.9629629629629629,0.78125,0.7123287671232876,0.974025974025974,0.8188976377952756,-1.7041781962678266,2.5268836853172036
130,0.9650864364921795,0.9460720221969059,0.11709536379153335,0.9813084112149533,0.7979274611398963,0.7291666666666666,0.9871794871794872,0.8366533864541833,-1.6903060641385872,3.1584038136974306
131,0.9392341432162042,0.886901758911281,0.14256198944992668,0.9611650485436893,0.7258883248730964,0.6470588235294118,0.9727891156462585,0.7734375,-1.8400873947931726,2.289031131124629
132,0.9550896786711467,0.9326331736330161,0.12339974049855333,0.9646017699115044,0.7914438502673797,0.7364864864864865,0.9736842105263158,0.8352490421455939,-1.5133016768878131,2.5013014973696817
133,0.941594317284925,0.9311232805578444,0.12097218152029332,0.9411764705882353,0.8397790055248618,0.7943262411347518,0.9559748427672956,0.8615384615384616,-1.152157256151879,2.2035977288315967
134,0.9596382026843027,0.9456175864003137,0.11955130974925335,0.9622641509433962,0.8041237113402062,0.7285714285714285,0.975,0.8292682926829268,-1.64201337873261,2.6651174297503784
135,0.9512944906095393,0.9385186024155072,0.11905852538452331,0.944954128440367,0.7801047120418848,0.7103448275862069,0.9612903225806452,0.8110236220472441,-1.3770836938172655,2.408196165511793
136,0.9475098263595204,0.9220591119414576,0.12257070690470999,0.9405940594059405,0.8341708542713567,0.7421875,0.9651162790697675,0.8296943231441049,-1.506688928074699,2.465742515366804
137,0.9206405334410992,0.8719096922760602,0.13769040642443,0.9183673469387755,0.7920792079207921,0.6818181818181818,0.9523809523809523,0.782608695652174,-1.2081519532156,1.9158227852155822
138,0.9610478806907378,0.9461164052350438,0.1265919582595733,0.9615384615384616,0.7704081632653061,0.6896551724137931,0.9741935483870968,0.8032128514056225,-2.016555661008687,2.932645471936253
139,0.9705715902659875,0.9573549298666281,0.11101392957040332,0.9824561403508771,0.7956989247311828,0.7466666666666667,0.9866666666666667,0.8484848484848485,-1.897870965751737,2.9436910632914626
140,0.9629186602870814,0.93724457533159,0.12116899679470332,0.9727272727272728,0.7789473684210526,0.7181208053691275,0.9801324503311258,0.8262548262548263,-1.779147192536804,2.835108972676665
141,0.9605082417582418,0.9507116083806672,0.11174032738919,0.9326923076923077,0.8214285714285714,0.7348484848484849,0.9583333333333334,0.8220338983050848,-1.46293542125277,2.7018989083923035
142,0.916419926237598,0.8769553262432284,0.13942897287377004,0.8924731182795699,0.7536231884057971,0.6194029850746269,0.9397590361445783,0.7312775330396476,-1.3699793498224864,1.8322788960137935
143,0.9456200668248511,0.9297223716779435,0.12519418468031668,0.9252336448598131,0.7979274611398963,0.717391304347826,0.9506172839506173,0.8081632653061225,-1.3907596430046396,2.4012073054888163
144,0.9656195292744603,0.9462161978630286,0.12839386051861335,0.9905660377358491,0.7422680412371134,0.6774193548387096,0.993103448275862,0.8045977011494253,-2.273787702336033,2.987761276174227
145,0.9454872592880763,0.9209161276665555,0.12718673725786667,0.9528301886792453,0.8195876288659794,0.7426470588235294,0.9695121951219512,0.8347107438016529,-1.4864380963737505,2.2406836335321323
146,0.9561260968475789,0.950892382371534,0.10957975876681333,0.9411764705882353,0.8066298342541437,0.7619047619047619,0.954248366013072,0.8421052631578947,-1.2914751223419763,2.5079843230975034
147,0.9526415185705293,0.9379008900630538,0.11876066445497666,0.9439252336448598,0.8031088082901554,0.7266187050359713,0.9627329192546584,0.8211382113821138,-1.4002075186530991,2.586805487434989
148,0.9344878370829313,0.9112967028228567,0.13306866569152,0.9278350515463918,0.7783251231527094,0.6666666666666666,0.9575757575757575,0.7758620689655172,-1.450416709679658,2.242741057140157
149,0.9500763885466463,0.9040823394149031,0.13461471895265334,0.9902912621359223,0.7309644670050761,0.6580645161290323,0.993103448275862,0.7906976744186046,-1.960726680323422,2.5337877538541
150,0.9375,0.9057073209959957,0.13253368725503337,0.9239130434782609,0.7403846153846154,0.6115107913669064,0.9565217391304348,0.7359307359307359,-1.66500963885764,2.11414753259631
151,0.9497462184029348,0.9097913366584071,0.13197041530088,0.9696969696969697,0.7562189054726368,0.6620689655172414,0.9806451612903225,0.7868852459016393,-1.7901554569988798,2.4280932079622044
152,0.9565,0.918829088558915,0.12761808087302,0.99,0.755,0.668918918918919,0.993421052631579,0.7983870967741935,-1.8647574549562305,2.5828905194938567
153,0.9583566096186075,0.922888031694312,0.12755618728533333,0.979381443298969,0.7438423645320197,0.6462585034013606,0.9869281045751634,0.7786885245901639,-2.069902322700814,2.4684514566447247
154,0.9423076923076923,0.9184023039192031,0.13275353651818333,0.9423076923076923,0.7908163265306123,0.7050359712230215,0.9627329192546584,0.8065843621399177,-1.5880366040019183,2.2235285676178203
155,0.9622789602474723,0.9507577757065242,0.11115648302701665,0.9669421487603306,0.8044692737430168,0.7697368421052632,0.972972972972973,0.8571428571428571,-1.310406616518147,2.663413267093114
156,0.9523922199611944,0.9326939184763874,0.1209133238109733,0.9646017699115044,0.8074866310160428,0.7517241379310344,0.9741935483870968,0.8449612403100775,-1.3251739335635921,2.5766092027080765
157,0.9096978721360296,0.8771342350937389,0.14681500701228997,0.926605504587156,0.7120418848167539,0.6474358974358975,0.9444444444444444,0.7622641509433963,-1.20101078752024,1.8065448047941337
158,0.9621517595307918,0.9558095169656913,0.12014988976143333,0.9758064516129032,0.7670454545454546,0.7469135802469136,0.9782608695652174,0.8461538461538461,-1.6515346528271906,2.7992052374581426
159,0.9236319340329836,0.8993969389639572,0.13626379879304332,0.9224137931034483,0.7554347826086957,0.7039473684210527,0.9391891891891891,0.7985074626865671,-1.1162227908932243,1.9665315818359141
160,0.9566986891297147,0.9493403300514947,0.11899924863865001,0.9469026548672567,0.786096256684492,0.7278911564625851,0.9607843137254902,0.823076923076923,-1.6532240673613716,2.413186300914888
161,0.9177406931964055,0.8796316509731616,0.14377621185935666,0.9157894736842105,0.7219512195121951,0.6041666666666666,0.9487179487179487,0.7280334728033473,-1.454318079235893,1.9897054380335848
162,0.9657373366013072,0.9293909631575893,0.12342288737095333,0.9895833333333334,0.7745098039215687,0.6737588652482269,0.9937106918238994,0.8016877637130801,-2.1417937422853477,2.9316325045510205
163,0.9356477963525835,0.9197826219129215,0.12542181511089334,0.9196428571428571,0.7872340425531915,0.7202797202797203,0.9426751592356688,0.807843137254902,-1.1663139416399066,2.0590998723340506
164,0.9371141975308642,0.9023222928534325,0.12940804264151665,0.9351851851851852,0.7760416666666666,0.7013888888888888,0.9551282051282052,0.8015873015873016,-1.2014844403634197,2.173114556150821
165,0.9544198200914618,0.9369963161258675,0.12251415742541333,0.9494949494949495,0.8208955223880597,0.7230769230769231,0.9705882352941176,0.8209606986899564,-1.6117040841853314,2.7380574184065676
166,0.9424848038312765,0.9271274618452444,0.13030278481222665,0.9508196721311475,0.7640449438202247,0.7341772151898734,0.9577464788732394,0.8285714285714286,-1.4393427945784705,2.1693140755605294
167,0.9586345796323075,0.9196494236008923,0.12115774252658333,0.9680851063829787,0.8155339805825242,0.7054263565891473,0.9824561403508771,0.8161434977578476,-1.7924963872872346,2.558960302721417
168,0.9666752246469833,0.9409634112093623,0.11840119283479,0.9578947368421052,0.8146341463414634,0.7054263565891473,0.9766081871345029,0.8125,-2.043906157442949,2.784532193936752
169,0.9283990345937249,0.9247220765847857,0.12982802887798,0.9026548672566371,0.8235294117647058,0.7555555555555555,0.9333333333333333,0.8225806451612904,-1.0749385795900688,2.2779154782149145
170,0.972302604381976,0.9619936497668613,0.11025631112960667,1.0,0.7796610169491526,0.7592592592592593,1.0,0.8631578947368421,-2.1796291607136626,3.396088329361459
171,0.9658536585365853,0.9227899394317597,0.12927402005509334,1.0,0.7707317073170732,0.6690140845070423,1.0,0.8016877637130801,-2.378118567139083,2.7739512442711307
172,0.9443729443729444,0.9143774150750623,0.12204667304739,0.954954954954955,0.7724867724867724,0.7114093959731543,0.9668874172185431,0.8153846153846154,-1.260991516114148,2.174574619036388
173,0.96005,0.9301754679348878,0.13131133322774333,0.98,0.765,0.6758620689655173,0.9870967741935484,0.8,-2.0820268489229323,2.6627127180635948
174,0.9554862348979996,0.9324969684883311,0.12563745863292666,0.9607843137254902,0.7878787878787878,0.7,0.975,0.8099173553719008,-1.8076768502380796,2.3230464686703614
175,0.9639661544446605,0.9457413653368638,0.11935720810661,0.9811320754716981,0.7989690721649485,0.7272727272727273,0.9872611464968153,0.8353413654618473,-1.757484787623085,2.8815940544002046
176,0.9571618541033434,0.9334812344676366,0.12796803973908666,0.9732142857142857,0.7446808510638298,0.6942675159235668,0.9790209790209791,0.8104089219330854,-1.8170718534254955,2.799162329470716
177,0.9544535840188013,0.9375280649079939,0.12150720000742335,0.9739130434782609,0.7891891891891892,0.7417218543046358,0.9798657718120806,0.8421052631578947,-1.5065464038629377,2.427789604737519
178,0.9539449025487257,0.9441820095216347,0.11770321465863001,0.9310344827586207,0.8097826086956522,0.7552447552447552,0.9490445859872612,0.833976833976834,-1.4264873777419833,2.438029700271635
179,0.944071472836191,0.9144876134863464,0.13521816515551668,0.925531914893617,0.7621359223300971,0.6397058823529411,0.9573170731707317,0.7565217391304347,-1.7616177117917056,2.358277901176947
180,0.9282921131481388,0.8724940882099936,0.14530259193281003,0.9587628865979382,0.7241379310344828,0.6241610738255033,0.9735099337748344,0.7560975609756098,-1.555347177688416,2.179375234079165
181,0.9615999225219117,0.9448633838465592,0.12230315215454667,0.9719626168224299,0.7927461139896373,0.7222222222222222,0.9807692307692307,0.8286852589641435,-1.7636677332106652,2.871537065512652
182,0.9478947368421052,0.9378782098411134,0.11610607274818999,0.9272727272727272,0.8157894736842105,0.7445255474452555,0.950920245398773,0.8259109311740891,-1.1835662500425326,2.3566924555403705
183,0.9645888058193575,0.942916799985341,0.11806220285938669,0.9693877551020408,0.7970297029702971,0.6985294117647058,0.9817073170731707,0.811965811965812,-1.863291253285164,2.7700301036212864
184,0.9572118015821682,0.9383209042800066,0.10857925106192667,0.9306930693069307,0.8844221105527639,0.8034188034188035,0.9617486338797814,0.8623853211009175,-1.1884517118491889,2.6016720732096252
185,0.9402450244540216,0.9101984526451292,0.12911003410329,0.9532710280373832,0.7668393782383419,0.6938775510204082,0.9673202614379085,0.8031496062992126,-1.3717268459004592,2.151758878228931
186,0.9646398046398047,0.9379951694818311,0.11070358123082999,0.9714285714285714,0.8358974358974359,0.7611940298507462,0.9819277108433735,0.8535564853556485,-1.4902387064295683,2.6614310208594096
187,0.9562784709843533,0.9448663183562129,0.12743266920752666,0.9411764705882353,0.7323232323232324,0.6442953020134228,0.9602649006622517,0.7649402390438247,-1.886942483310773,2.7561447576543086
188,0.9451196172248804,0.920704962102242,0.12491490039826333,0.9454545454545454,0.8210526315789474,0.7536231884057971,0.9629629629629629,0.8387096774193549,-1.4042600389352438,2.447967729915886
189,0.943751237868885,0.9144434282713294,0.13192404431358667,0.9509803921568627,0.7878787878787878,0.697841726618705,0.968944099378882,0.8049792531120332,-1.5990638185289574,2.3176879309804135
190,0.957175925925926,0.9311069705077182,0.12058148138244666,0.9722222222222222,0.7916666666666666,0.7241379310344828,0.9806451612903225,0.8300395256916996,-1.5824821200026773,2.499123894652444
191,0.9454685494223363,0.9208791811617814,0.13141911823339,0.9368421052631579,0.7707317073170732,0.6544117647058824,0.9634146341463414,0.7705627705627706,-1.7148360624141619,2.2557932440080477
192,0.9715637474742497,0.9555888053761183,0.11868374113224,0.970873786407767,0.7868020304568528,0.704225352112676,0.9810126582278481,0.8163265306122449,-2.1183638840491272,2.991303725296057
193,0.9494502214040499,0.9211158388527114,0.12931867986978668,0.9504950495049505,0.7688442211055276,0.676056338028169,0.9683544303797469,0.7901234567901234,-1.7715805969030196,2.33290558636222
194,0.9508077502467405,0.9167136143307988,0.12034316649408666,0.946236559139785,0.8115942028985508,0.6929133858267716,0.9710982658959537,0.8,-1.451150162557338,2.4197137529639385
195,0.9437215045592705,0.9320563435223503,0.12657667046938,0.9375,0.7659574468085106,0.7046979865771812,0.9536423841059603,0.8045977011494253,-1.4192870995800022,2.2227399862643287
196,0.9477777777777777,0.9325736309016329,0.12508052842911335,0.9666666666666667,0.8,0.7631578947368421,0.972972972972973,0.8529411764705882,-1.3777085088852499,2.2541305539450986
197,0.9534065934065934,0.940463893699849,0.12387218365528,0.9428571428571428,0.7846153846153846,0.7021276595744681,0.9622641509433962,0.8048780487804879,-1.5844825408491687,2.6890622654182206
198,0.9438162721744812,0.9202451823672306,0.13304492264552667,0.9393939393939394,0.7412935323383084,0.6413793103448275,0.9612903225806452,0.7622950819672131,-1.744643736393009,2.3611618377553167
199,0.9359120016525511,0.9070697006242361,0.13950649759869332,0.9361702127659575,0.7281553398058253,0.6111111111111112,0.9615384615384616,0.7394957983193278,-1.6768003086509609,2.256143390595778
200,0.9412259853436323,0.917255849003664,0.14941252084471002,0.9705882352941176,0.696969696969697,0.6226415094339622,0.9787234042553191,0.7586206896551724,-1.9640818311975192,2.5954409021851097
201,0.952515349574173,0.9299750866192978,0.13120615429955668,0.9705882352941176,0.7474747474747475,0.6644295302013423,0.9801324503311258,0.7888446215139442,-1.8403460153709166,2.553019048786171
202,0.9446469833119384,0.9076545083848536,0.13248289018847667,0.9473684210526315,0.775609756097561,0.6617647058823529,0.9695121951219512,0.7792207792207793,-1.740948083443362,2.4209026184808615
203,0.9731071964017991,0.9647608131168487,0.10877278055817999,0.9827586206896551,0.7934782608695652,0.75,0.9864864864864865,0.8507462686567164,-1.8965034760886004,2.957368252699018
204,0.9506715506715507,0.9378645865926418,0.12321137610391,0.9238095238095239,0.7692307692307693,0.6830985915492958,0.9493670886075949,0.7854251012145749,-1.6208502209603297,2.469662001164973
205,0.9582775119617224,0.9349847339582378,0.12017160800637335,0.9636363636363636,0.7789473684210526,0.7162162162162162,0.9736842105263158,0.8217054263565892,-1.6502661872444704,2.499824857456797
206,0.9636842105263157,0.9448700702736932,0.11289114927206001,0.9727272727272728,0.8210526315789474,0.7588652482269503,0.9811320754716981,0.852589641434263,-1.631022880413661,2.61106705119131
207,0.9636779636779637,0.9581388601132081,0.12560178323849003,0.963963963963964,0.7142857142857143,0.6645962732919255,0.9712230215827338,0.7867647058823529,-1.991271129926651,2.9398762723696374
208,0.9433585588931704,0.9241010078958267,0.12276586686450999,0.9411764705882353,0.7513812154696132,0.7133757961783439,0.951048951048951,0.8115942028985508,-1.2841327076326055,2.1777517916158593
209,0.9639752149478842,0.94859778108368,0.11683852759955334,0.9724770642201835,0.8167539267015707,0.75177304964539,0.9811320754716981,0.848,-1.561033156747822,2.8511363504204734
210,0.9501435406698565,0.9271531672536342,0.12531744845909334,0.9636363636363636,0.7842105263157895,0.7210884353741497,0.9738562091503268,0.8249027237354085,-1.4661268855050167,2.544071365314811
211,0.9373575227963526,0.9216371087073334,0.12891050064283668,0.9285714285714286,0.776595744680851,0.7123287671232876,0.948051948051948,0.8062015503875969,-1.3714353019745937,2.110475177667894
212,0.9568059658127936,0.9450881024132668,0.12008398038139001,0.9439252336448598,0.7823834196891192,0.7062937062937062,0.9617834394904459,0.808,-1.6456629446131117,2.580598239443839
213,0.9602995125383186,0.9280575556675501,0.13066593340850333,0.98989898989899,0.7611940298507462,0.6712328767123288,0.9935064935064936,0.8,-2.192652082157642,2.8090298663505213
214,0.9558016933809041,0.9207681831793941,0.12678386365445665,0.9662921348314607,0.7914691943127962,0.6615384615384615,0.9823529411764705,0.7853881278538812,-1.7241398341010417,2.6933291699715305
215,0.9563294637921503,0.9295598414077997,0.13098519638141334,0.9696969696969697,0.7860696517412935,0.6906474820143885,0.9813664596273292,0.8067226890756303,-1.8329705139730978,2.655974771609234
216,0.9288400488400488,0.8877927948950958,0.14589943524008,0.9523809523809523,0.7128205128205128,0.6410256410256411,0.9652777777777778,0.7662835249042146,-1.6388244407821635,2.1093958936085904
217,0.9553839553839554,0.9420035408634577,0.12380579540500669,0.963963963963964,0.8042328042328042,0.7430555555555556,0.9743589743589743,0.8392156862745098,-1.494728326415418,2.7370748122170547
218,0.9675183204594969,0.9519040377637173,0.11463212928365668,0.9607843137254902,0.8131313131313131,0.725925925925926,0.9757575757575757,0.8270042194092827,-1.7341856743288182,3.1969916903694315
219,0.9605657500394341,0.9297761193488898,0.11820879847666665,0.967032967032967,0.8229665071770335,0.704,0.9828571428571429,0.8148148148148148,-1.806339536160206,2.4728281806623467
220,0.9367766203703703,0.9126052294323111,0.1293459372980033,0.9444444444444444,0.8020833333333334,0.7285714285714285,0.9625,0.8225806451612904,-1.3719824083228067,2.060640449579639
221,0.9368421052631579,0.8927780733059779,0.12977540665158666,0.9368421052631579,0.7658536585365854,0.6496350364963503,0.9631901840490797,0.7672413793103449,-1.3748405945998619,2.0620091280716704
222,0.9246958398744113,0.887477042046805,0.14938356893353,0.9519230769230769,0.6989795918367347,0.6265822784810127,0.9647887323943662,0.7557251908396947,-1.569642631719223,2.125853059450906
223,0.9296875000000001,0.8805902942547321,0.13718238283949002,0.9375,0.7892156862745098,0.6766917293233082,0.9640718562874252,0.7860262008733624,-1.4502296833997885,1.9664776246727467
224,0.9526669526669528,0.9401312018952718,0.11709998467195,0.9459459459459459,0.783068783068783,0.7191780821917808,0.961038961038961,0.8171206225680934,-1.4360018208398915,2.388346630366107
225,0.9585269751464942,0.9277693433485887,0.13875860353521668,0.9795918367346939,0.7178217821782178,0.6274509803921569,0.9863945578231292,0.7649402390438247,-2.294384950964855,2.7942074693544594
226,0.9290071569239637,0.9030898660849906,0.14190496482665002,0.926605504587156,0.7329842931937173,0.6644736842105263,0.9459459459459459,0.7739463601532567,-1.4740264860645431,2.044671437488274
227,0.9417428515852948,0.9105704757764991,0.13599995235454998,0.9528301886792453,0.7422680412371134,0.6688741721854304,0.9664429530201343,0.7859922178988327,-1.6585591733156642,2.444772009300156
228,0.9547500000000001,0.9280191656005939,0.13114658932571668,0.97,0.73,0.6423841059602649,0.9798657718120806,0.7729083665338645,-1.8775931631435046,2.8682326077335474
229,0.9461436170212766,0.936291369543359,0.12835268568026667,0.9375,0.7872340425531915,0.7241379310344828,0.9548387096774194,0.8171206225680934,-1.4386395334763402,2.4610485561712623
230,0.9470727809791293,0.9279397320309689,0.14023525246017332,0.9626168224299065,0.6839378238341969,0.6280487804878049,0.9705882352941176,0.7601476014760148,-1.9889511363260295,2.5170079001935033
231,0.9563294637921504,0.9323510862008929,0.11256853713057666,0.9393939393939394,0.8706467661691543,0.7815126050420168,0.9668508287292817,0.8532110091743119,-1.2965906707864028,2.477356014647834
232,0.9503720861465674,0.920958326293735,0.12558238979271333,0.9514563106796117,0.8071065989847716,0.7205882352941176,0.9695121951219512,0.8200836820083682,-1.5071315448350708,2.4750977780883643
233,0.9659161330303656,0.9292519351960039,0.11928196718449,0.9893617021276596,0.8155339805825242,0.7099236641221374,0.9940828402366864,0.8266666666666667,-1.881905190680732,2.8545504635128607
234,0.9661104582843713,0.9583316911919619,0.11926815698994668,0.9739130434782609,0.7945945945945946,0.7466666666666667,0.98,0.8452830188679246,-1.7282114500301093,3.0665617906478877
235,0.9674236874236875,0.948871424057505,0.12037919613314665,0.9809523809523809,0.7794871794871795,0.7054794520547946,0.987012987012987,0.8207171314741036,-2.0944043613905197,2.829095796898055
236,0.9401550675518827,0.9136078412925239,0.13231005343286667,0.9663865546218487,0.7403314917127072,0.7098765432098766,0.9710144927536232,0.8185053380782918,-1.4650913652956294,2.25782837795315
237,0.9725263375335674,0.9435352352633054,0.12016994736876335,0.9787234042553191,0.7815533980582524,0.6715328467153284,0.9877300613496932,0.7965367965367965,-2.4158817103157286,3.0441957980928978
238,0.9596383107698524,0.9425408746811832,0.12182161556949334,0.9591836734693877,0.8168316831683168,0.7175572519083969,0.9763313609467456,0.8209606986899564,-1.6649522922373345,2.8204103916336276
239,0.9618998716302953,0.9374309740527866,0.12963892781118666,0.9578947368421052,0.7707317073170732,0.6594202898550725,0.9753086419753086,0.7811158798283262,-2.292463713217374,2.829428366576661
240,0.9620060790273557,0.9385503505718273,0.11971098285771334,0.9821428571428571,0.776595744680851,0.7236842105263158,0.9864864864864865,0.8333333333333334,-1.7432014125769415,2.708832359901677
241,0.9672913992297816,0.9381845301958275,0.12330046937510666,0.9894736842105263,0.7609756097560976,0.6573426573426573,0.9936305732484076,0.7899159663865546,-2.198096889306901,3.2338687461456828
242,0.96399136577708,0.9445189338568133,0.11532482050611667,0.9615384615384616,0.8418367346938775,0.7633587786259542,0.9763313609467456,0.851063829787234,-1.5545478089357927,2.9171523932770964
243,0.9707522991105081,0.9459904989361198,0.11807987399233333,0.98989898989899,0.7910447761194029,0.7,0.99375,0.8200836820083682,-2.2671824885484595,2.9236462457228316
244,0.9404616013071896,0.8930550046822715,0.14265248461132002,0.9791666666666666,0.7205882352941176,0.6225165562913907,0.9865771812080537,0.7611336032388664,-1.7999525384582302,2.355683753735349
245,0.9506425777612217,0.9395272717703351,0.12121542224484666,0.9491525423728814,0.7857142857142857,0.7417218543046358,0.959731543624161,0.8327137546468402,-1.4122764901287241,2.319146871490729
246,0.9473758932374238,0.93710926681724,0.12542787930062999,0.9380530973451328,0.7700534759358288,0.7114093959731543,0.9536423841059603,0.8091603053435115,-1.5602456665728968,2.2790002649689605
247,0.9669744155068669,0.9571168842869542,0.11013181870494333,0.975609756097561,0.807909604519774,0.7792207792207793,0.9794520547945206,0.8664259927797834,-1.5480733212738818,2.86050563992336
248,0.9648613193403298,0.9553264040433496,0.11697312999383669,0.9655172413793104,0.782608695652174,0.7368421052631579,0.972972972972973,0.835820895522388,-1.7110667920561917,2.899876721360303
249,0.9580820851974324,0.9423011449202489,0.12051436017467002,0.9528301886792453,0.7731958762886598,0.696551724137931,0.967741935483871,0.8047808764940239,-1.6721094712757232,2.752677066701729
250,0.9686977424749164,0.9480930612808752,0.11466588894708332,0.9565217391304348,0.8125,0.6929133858267716,0.976878612716763,0.8036529680365296,-1.9959718858855877,2.835891332924836
251,0.9318676965735788,0.9088247978228166,0.14329234591717668,0.9313725490196079,0.7323232323232324,0.6418918918918919,0.9539473684210527,0.76,-1.6797026900625032,2.1987989765013563
252,0.94455,0.9123727813749747,0.12916752028999667,0.94,0.78,0.6811594202898551,0.9629629629629629,0.7899159663865546,-1.5163820275652629,2.253360313550042
253,0.93367528312427,0.8984374455188868,0.12765175167828,0.9278350515463918,0.8177339901477833,0.7086614173228346,0.9595375722543352,0.8035714285714286,-1.2296326000740039,2.023469508738255
254,0.965568009118541,0.9450957598253785,0.11518480334287666,0.9910714285714286,0.7819148936170213,0.7302631578947368,0.9932432432432432,0.8409090909090909,-1.7892750788578524,2.7052296671824956
255,0.9452412613981763,0.9307520832921929,0.12622402707983668,0.9285714285714286,0.776595744680851,0.7123287671232876,0.948051948051948,0.8062015503875969,-1.4357461397675169,2.233909642957487
256,0.9480187908496732,0.9189544690254664,0.13644330195864668,0.9583333333333334,0.7745098039215687,0.6666666666666666,0.9753086419753086,0.7863247863247863,-1.8469308150350603,2.4163027846554908
257,0.964729845626072,0.9327486327624519,0.12858768850722002,0.9659090909090909,0.7735849056603774,0.6390977443609023,0.9820359281437125,0.7692307692307693,-2.3624264702186566,2.9266500569039886
258,0.9617083946980856,0.9360303342609677,0.12537115175240335,0.9690721649484536,0.7733990147783252,0.6714285714285714,0.98125,0.7932489451476793,-2.0031800349645805,2.9086555221980963
259,0.9511533242876528,0.9181527478415927,0.12684764063429668,0.9595959595959596,0.7661691542288557,0.6690140845070423,0.9746835443037974,0.7883817427385892,-1.67836664705357,2.52140143579083
260,0.95025,0.9297577514244828,0.12852006339559,0.95,0.785,0.6884057971014492,0.9691358024691358,0.7983193277310925,-1.7081764643334683,2.4753956637488135
261,0.9624381574523273,0.9424159883428531,0.11051057404968667,0.9541284403669725,0.8324607329842932,0.7647058823529411,0.9695121951219512,0.8489795918367347,-1.5866913991785445,2.7040840863927866
262,0.9546212879546212,0.9454024595028229,0.11778769535136334,0.9459459459459459,0.7936507936507936,0.7291666666666666,0.9615384615384616,0.8235294117647058,-1.4269817671168168,2.4742412634193376
263,0.9494736842105262,0.9343597659549505,0.11716580797885333,0.9272727272727272,0.8052631578947368,0.7338129496402878,0.9503105590062112,0.8192771084337349,-1.3830841189095577,2.100985637248002
264,0.9477124183006536,0.926237936695327,0.11632498045604332,0.9313725490196079,0.8636363636363636,0.7786885245901639,0.9606741573033708,0.8482142857142857,-1.2077373261351763,2.319419322972232
265,0.9552785923753666,0.9392024530727169,0.11463653607439667,0.9596774193548387,0.8068181818181818,0.7777777777777778,0.9659863945578231,0.8592057761732852,-1.3893593090037197,2.355518822444293
266,0.9363450690527134,0.9126771840252647,0.14279546969350002,0.9433962264150944,0.7216494845360825,0.6493506493506493,0.958904109589041,0.7692307692307693,-1.731068281212166,2.2029362637691663
267,0.9527867899859571,0.924032791199475,0.12959226890541667,0.9719626168224299,0.7461139896373057,0.6797385620915033,0.9795918367346939,0.8,-1.7976659792722962,2.4266194253990068
268,0.9687500000000001,0.9510746007756784,0.10673565756844666,0.9827586206896551,0.8152173913043478,0.7702702702702703,0.9868421052631579,0.8636363636363636,-1.5800682782554614,2.81252341935325
269,0.9372690138105427,0.9177230996118677,0.12798126236401336,0.9245283018867925,0.7938144329896907,0.7101449275362319,0.9506172839506173,0.8032786885245902,-1.3675978513656735,2.1596451601073703
270,0.9305803129332542,0.9110654480148581,0.13859520423342,0.9215686274509803,0.7828282828282829,0.6861313868613139,0.950920245398773,0.7866108786610879,-1.509080819159022,2.127242712112199
271,0.9564654957958107,0.9341502033503254,0.12965510752505668,0.9603960396039604,0.7788944723618091,0.6879432624113475,0.9748427672955975,0.8016528925619835,-1.918056398604702,2.7597103537513945
272,0.9562016930437983,0.920030685483563,0.13643753256896,0.967032967032967,0.7511961722488039,0.6285714285714286,0.98125,0.7619047619047619,-2.2057596728073756,2.5243579415134763
273,0.9529670329670329,0.9328063129312898,0.12010175578657001,0.9428571428571428,0.8307692307692308,0.75,0.9642857142857143,0.8354430379746836,-1.442747339581854,2.4497566867458382
274,0.9278025851938895,0.9056982630961729,0.13954667085114,0.9304347826086956,0.745945945945946,0.6948051948051948,0.9452054794520548,0.7955390334572491,-1.3562023988078973,2.003616738658722
275,0.9671145685997171,0.9523449126622897,0.12395734383336332,0.9693877551020408,0.7821782178217822,0.6834532374100719,0.9813664596273292,0.8016877637130801,-2.2221989035919245,2.9876752495948433
276,0.9670138888888888,0.9496898950576222,0.11554470398041668,0.9907407407407407,0.8177083333333334,0.7535211267605634,0.9936708860759493,0.856,-1.540022847435908,3.1153622874220264
277,0.961074481074481,0.9436270129743308,0.11603054248378666,0.9714285714285714,0.7794871794871795,0.7034482758620689,0.9806451612903225,0.816,-1.7273860924962126,2.6272450961518614
278,0.9673727203647416,0.9579184398186505,0.10989219783458667,0.9732142857142857,0.8191489361702128,0.7622377622377622,0.9808917197452229,0.8549019607843137,-1.6701585670081422,2.6293565546506934
279,0.9546008245877062,0.9380169992503462,0.11753272427471999,0.9568965517241379,0.8315217391304348,0.7816901408450704,0.9683544303797469,0.8604651162790697,-1.2912592814135886,2.5836462598635843
280,0.9511057758899303,0.9399326917434204,0.11697782038216668,0.9504132231404959,0.8379888268156425,0.7986111111111112,0.9615384615384616,0.8679245283018868,-1.1159136147492903,2.36382955584681
281,0.9583020989505248,0.9450618062991286,0.11637608780506,0.9568965517241379,0.8260869565217391,0.7762237762237763,0.9681528662420382,0.8571428571428571,-1.3793111912323466,2.694397458726355
282,0.9176555023923445,0.8881523350338341,0.13943222197182334,0.9272727272727272,0.7578947368421053,0.6891891891891891,0.9473684210526315,0.7906976744186046,-1.1601500768532957,1.879400746261002
283,0.9452877630843733,0.9341264330496823,0.12800638000413334,0.940677966101695,0.7087912087912088,0.676829268292683,0.9485294117647058,0.7872340425531915,-1.3902046464151543,2.406001712195085
284,0.9363251394340013,0.8958038552297276,0.14377436914786335,0.9468085106382979,0.7281553398058253,0.6137931034482759,0.967741935483871,0.7447698744769874,-1.796909378671743,2.1100412671080493
285,0.9583253588516746,0.9397816185215885,0.12527708280185665,0.9727272727272728,0.7473684210526316,0.6903225806451613,0.9793103448275862,0.8075471698113208,-1.9000132828772471,2.594524205722722
286,0.9422639950423466,0.9195621265112701,0.13460321266244668,0.9361702127659575,0.7766990291262136,0.6567164179104478,0.963855421686747,0.7719298245614035,-1.7861897845444399,2.3463501653467533
287,0.9474627428787021,0.9331070640432894,0.12273092864753,0.9473684210526315,0.7849462365591398,0.7297297297297297,0.9605263157894737,0.8244274809160306,-1.3799799303936429,2.1341968428948106
288,0.9481353073463268,0.9300846139193717,0.12280373360882332,0.9482758620689655,0.8043478260869565,0.7534246575342466,0.961038961038961,0.8396946564885496,-1.395002764157292,2.385206084973191
289,0.9587628865979382,0.9403223651851071,0.1294208367328933,0.9811320754716981,0.7319587628865979,0.6666666666666666,0.9861111111111112,0.7938931297709924,-2.031006524963303,2.7651436797939657
290,0.9646641368094229,0.945684166775018,0.11942873016161333,0.9611650485436893,0.7918781725888325,0.7071428571428572,0.975,0.8148148148148148,-1.8331770849458362,2.7305706464515582
291,0.9752631578947368,0.9645502775169885,0.11146789931917998,0.9818181818181818,0.8052631578947368,0.7448275862068966,0.9870967741935484,0.8470588235294118,-1.9255135276318176,3.3831241828851844
292,0.947283434650456,0.9373462283877383,0.11990064507551665,0.9285714285714286,0.8031914893617021,0.7375886524822695,0.949685534591195,0.8221343873517787,-1.1861178043625764,2.4829673784130772
293,0.9421296296296297,0.9227425651826822,0.13058656327225,0.9444444444444444,0.7760416666666666,0.7034482758620689,0.9612903225806452,0.8063241106719368,-1.5247619460016801,2.334417774249914
294,0.9567418981481481,0.9302496754639253,0.12141531834282332,0.9722222222222222,0.8125,0.7446808510638298,0.9811320754716981,0.8433734939759037,-1.5098894919421297,2.5390512506499756
295,0.9356499356499356,0.917074234072717,0.13750057155447334,0.9369369369369369,0.7513227513227513,0.6887417218543046,0.9530201342281879,0.7938931297709924,-1.547836128705912,2.2456619706218865
296,0.9493251356933571,0.9389071286921907,0.12744543461245333,0.944954128440367,0.8010471204188482,0.7304964539007093,0.9622641509433962,0.824,-1.6538300996250683,2.5384929147541566
297,0.9382423926931995,0.920877834274088,0.1259690750428333,0.9292035398230089,0.7593582887700535,0.7,0.9466666666666667,0.7984790874524715,-1.241624248749547,2.1346223163784663
298,0.9438338844582767,0.9213220491842978,0.12411935070420001,0.9339622641509434,0.8041237113402062,0.7226277372262774,0.9570552147239264,0.8148148148148148,-1.397104818540337,2.208800346611502
299,0.9564233163554046,0.9443419745317616,0.11547781839897335,0.956140350877193,0.8010752688172043,0.7465753424657534,0.9675324675324676,0.8384615384615385,-1.4150137967201324,2.542361559527286
300,0.9598412698412698,0.9224077404072853,0.1263747164495,0.9777777777777777,0.780952380952381,0.6567164179104478,0.9879518072289156,0.7857142857142857,-1.9039244274089988,2.753104134358616
301,0.9562596450617283,0.9406627868316775,0.12157212389182666,0.9537037037037037,0.7864583333333334,0.7152777777777778,0.967948717948718,0.8174603174603174,-1.6890483523622222,2.379390179834385
302,0.9532784958871916,0.9460203906677194,0.12244381105062666,0.9565217391304348,0.772972972972973,0.7236842105263158,0.9662162162162162,0.8239700374531835,-1.5192571515047588,2.3342194434897783
303,0.9450021614871031,0.9312723459127942,0.12414973785049,0.9357798165137615,0.7905759162303665,0.7183098591549296,0.9556962025316456,0.8127490039840638,-1.3568333994396293,2.1903397349140246
304,0.941081240188383,0.9152247383696841,0.13435909652677,0.9326923076923077,0.7295918367346939,0.6466666666666666,0.9533333333333334,0.7637795275590551,-1.5863480971730675,2.2544310133578866
305,0.9499793303017776,0.9434038210316484,0.12730394817742666,0.959349593495935,0.7288135593220338,0.7108433734939759,0.9626865671641791,0.8166089965397924,-1.5675889802697804,2.4285107349678356
306,0.9334772370486656,0.9085780017961843,0.13664298718384002,0.9326923076923077,0.7346938775510204,0.6510067114093959,0.9536423841059603,0.766798418972332,-1.3887831835193212,2.298588678029315
307,0.9166666666666666,0.8761702692409354,0.14247369965956003,0.9166666666666666,0.7549019607843137,0.6376811594202898,0.9506172839506173,0.7521367521367521,-1.361081543428475,1.976318451012318
308,0.9698733660130718,0.9508158686227848,0.11973560305757668,0.9791666666666666,0.7892156862745098,0.6861313868613139,0.9877300613496932,0.8068669527896996,-2.132553827281253,3.1273374823125524
309,0.9318321078431373,0.8904652174286622,0.13855262151985,0.9375,0.7794117647058824,0.6666666666666666,0.9636363636363636,0.7792207792207793,-1.5151657820883606,2.0086853967638922
310,0.9515406615940856,0.8963151756049211,0.13979951765781,0.9885057471264368,0.7699530516431925,0.6370370370370371,0.9939393939393939,0.7747747747747747,-2.0407712996625653,2.8599630927334654
311,0.9675360570882959,0.9457456211891392,0.11804464566195667,0.9797979797979798,0.7910447761194029,0.697841726618705,0.9875776397515528,0.8151260504201681,-2.0148510752291946,2.8651195633894173
312,0.94998778998779,0.9233768894219115,0.12563349772369667,0.9619047619047619,0.7589743589743589,0.6824324324324325,0.9736842105263158,0.7984189723320159,-1.5087494943405662,2.4619007346464135
313,0.9280781949037152,0.8865896118654526,0.14016920180742665,0.9528301886792453,0.7577319587628866,0.6824324324324325,0.9671052631578947,0.7952755905511811,-1.4668717794742165,2.228814723513689
314,0.9662034258276005,0.9587180149368527,0.11312653686993668,0.9752066115702479,0.7877094972067039,0.7564102564102564,0.9791666666666666,0.851985559566787,-1.5495803638505048,2.8847350591174967
315,0.9335049335049335,0.9215706502728562,0.13998245654988334,0.9369369369369369,0.708994708994709,0.6540880503144654,0.950354609929078,0.7703703703703704,-1.5087124290423255,2.2340405834992105
316,0.9491400128135626,0.9323952032340201,0.13081199737821667,0.941747572815534,0.7614213197969543,0.6736111111111112,0.9615384615384616,0.7854251012145749,-1.6801040407361443,2.6462572500497985
317,0.9152260638297872,0.8955357239249351,0.14159939446071668,0.9017857142857143,0.7393617021276596,0.6733333333333333,0.9266666666666666,0.7709923664122137,-1.1222976769390351,2.0034375742741526
318,0.9355310318807772,0.9169183908361992,0.13886314704001998,0.9473684210526315,0.7204301075268817,0.675,0.9571428571428572,0.7883211678832117,-1.5214446392898484,2.138501431196589
319,0.954354066985646,0.9338275936869023,0.13118433662394,0.9727272727272728,0.7631578947368421,0.7039473684210527,0.9797297297297297,0.816793893129771,-1.884715217684816,2.503242709115716
320,0.9479965466456758,0.93107734776935,0.13076541195456334,0.9484536082474226,0.7684729064039408,0.6618705035971223,0.968944099378882,0.7796610169491526,-1.73770453775209,2.6148296615490394
321,0.9431288726643932,0.9238382189074548,0.14065089326235664,0.9541284403669725,0.7329842931937173,0.6709677419354839,0.9655172413793104,0.7878787878787878,-1.8092083753748724,2.302541212338076
322,0.9630625870598972,0.9451549819005223,0.11558928977957333,0.981651376146789,0.8115183246073299,0.7482517482517482,0.9872611464968153,0.8492063492063492,-1.5487167213370845,2.712554309841164
323,0.9521081461379969,0.939708988584768,0.11072348424518334,0.9191919191919192,0.8557213930348259,0.7583333333333333,0.9555555555555556,0.8310502283105022,-1.253383725521598,2.472710116017206
324,0.9647437436956627,0.9578994340130762,0.11724404734508335,0.963302752293578,0.8219895287958116,0.7553956834532374,0.9751552795031055,0.8467741935483871,-1.6494311525367003,3.1020738712332783
325,0.96935036640919,0.951462752432669,0.11282592158652999,0.9803921568627451,0.803030303030303,0.7194244604316546,0.9875776397515528,0.8298755186721992,-1.8825460295469336,2.792081672138647
326,0.952733966864023,0.9270529727975457,0.12543242997425003,0.9504950495049505,0.7638190954773869,0.6713286713286714,0.9681528662420382,0.7868852459016393,-1.7626439352317504,2.3001446916605306
327,0.96004243281471,0.9443287169912263,0.12035081687325333,0.9489795918367347,0.8168316831683168,0.7153846153846154,0.9705882352941176,0.8157894736842105,-1.8933345767959564,2.6161772630475553
328,0.9659026598754952,0.9602646835789108,0.1119561966679,0.956140350877193,0.8225806451612904,0.7676056338028169,0.9683544303797469,0.8515625,-1.6634650545801213,2.92750916983662
329,0.9530750088873089,0.9224658331002022,0.12728587167660668,0.9484536082474226,0.7881773399014779,0.6814814814814815,0.9696969696969697,0.7931034482758621,-1.6971732734310045,2.460941842096841
330,0.943296839495972,0.9007908356764177,0.12969305933311667,0.9574468085106383,0.7766990291262136,0.6617647058823529,0.975609756097561,0.782608695652174,-1.5995174398441618,2.256700984489277
331,0.9422788605697151,0.9372129645645154,0.13340351360737,0.9396551724137931,0.75,0.7032258064516129,0.9517241379310345,0.8044280442804428,-1.583300371703148,2.240767503093943
332,0.9325135693357031,0.903783780011513,0.13074759835904332,0.944954128440367,0.7643979057591623,0.6959459459459459,0.9605263157894737,0.8015564202334631,-1.2277502620799512,2.0097639036546378
333,0.9614216991266171,0.9513148753413515,0.11364020029672,0.9743589743589743,0.7704918032786885,0.7307692307692307,0.9791666666666666,0.8351648351648352,-1.5365902834891485,2.5078677296392304
334,0.9624381574523271,0.9539988362994141,0.12425648148891,0.963302752293578,0.7958115183246073,0.7291666666666666,0.9743589743589743,0.8300395256916996,-1.974142703011849,2.875653823159486
335,0.9637770440096594,0.945408865204343,0.11721620771678667,0.9611650485436893,0.8121827411167513,0.7279411764705882,0.975609756097561,0.8284518828451883,-1.8084370788748663,2.8285254489471168
336,0.9682454775335537,0.9476487428015793,0.11090903474313668,0.9716981132075472,0.8298969072164949,0.7573529411764706,0.9817073170731707,0.8512396694214877,-1.8269082933890737,2.6290877752979194
337,0.9528204647676163,0.9282579240268766,0.12693631972356334,0.9827586206896551,0.782608695652174,0.7402597402597403,0.9863013698630136,0.8444444444444444,-1.6302863634735485,2.5319138596307744
338,0.9505500000000001,0.9265408478661541,0.13402697108492334,0.96,0.75,0.6575342465753424,0.974025974025974,0.7804878048780488,-1.8382142699920367,2.481219377222859
339,0.9573113090203492,0.9368257435536116,0.12282422273750666,0.9603960396039604,0.7989949748743719,0.708029197080292,0.9754601226993865,0.8151260504201681,-1.6810044076738475,2.810238325776933
340,0.9406346450617284,0.902677676997751,0.12801960603046003,0.9537037037037037,0.8072916666666666,0.7357142857142858,0.96875,0.8306451612903226,-1.3134948932250368,2.1166349107124156
341,0.9624700681525142,0.9490632688930907,0.11291847028791334,0.9672131147540983,0.8033707865168539,0.7712418300653595,0.9727891156462585,0.8581818181818182,-1.508426273001798,2.6264552143538067
342,0.9493864274801636,0.9282381703352073,0.12713312452061334,0.9514563106796117,0.7766497461928934,0.6901408450704225,0.9683544303797469,0.8,-1.5882115503428496,2.300450658184015
343,0.9441,0.9075468413034804,0.12999799412561336,0.94,0.78,0.6811594202898551,0.9629629629629629,0.7899159663865546,-1.5207780390463428,2.360866440950667
344,0.9719328703703703,0.9570179649908769,0.11885731401343333,0.9814814814814815,0.8125,0.7464788732394366,0.9873417721518988,0.848,-2.037340959256195,3.2006035147600547
345,0.9451480722667164,0.9268765924643662,0.11924668785846332,0.940677966101695,0.7857142857142857,0.74,0.9533333333333334,0.8283582089552238,-1.1124064149942126,2.207796789936888
346,0.9650366512345679,0.9422233921155454,0.10783496002143002,0.9722222222222222,0.8697916666666666,0.8076923076923077,0.9823529411764705,0.8823529411764706,-1.3991687100619679,2.5500908470473598
347,0.9567344224924011,0.9469287340710463,0.11514451591334667,0.9464285714285714,0.8191489361702128,0.7571428571428571,0.9625,0.8412698412698413,-1.4790428484123623,2.4910034612598597
348,0.9707448131747847,0.9532669865245428,0.12524868270030665,0.9801980198019802,0.7638190954773869,0.678082191780822,0.987012987012987,0.8016194331983806,-2.3576034549246656,3.293880825585278
349,0.9291916809605489,0.8973041149301003,0.13568384242401668,0.9090909090909091,0.7924528301886793,0.6451612903225806,0.9545454545454546,0.7547169811320755,-1.5340186319909872,2.1608454714668173
350,0.9459788359788359,0.9138347723878555,0.13753608218309668,0.9555555555555556,0.7428571428571429,0.6142857142857143,0.975,0.7478260869565218,-1.8701591510236677,2.5701336774060946
351,0.9600832867807628,0.9397873955450643,0.12282140541117666,0.9690721649484536,0.7832512315270936,0.6811594202898551,0.9814814814814815,0.8,-1.7530690528501074,2.655761241571241
352,0.9645091750354908,0.9381573963708292,0.12443869796877668,0.967032967032967,0.8086124401913876,0.6875,0.9825581395348837,0.8036529680365296,-1.9972656664286736,2.9931092742936403
353,0.9472113040449773,0.9198995866430345,0.12620283774477334,0.9405940594059405,0.8241206030150754,0.7307692307692307,0.9647058823529412,0.8225108225108225,-1.53868542860857,2.4030981191116734
354,0.9541000000000001,0.9227116584919975,0.12241242274401666,0.96,0.79,0.6956521739130435,0.9753086419753086,0.8067226890756303,-1.5642041169968322,2.4061563634884666
355,0.9336956003622671,0.9087915116723074,0.12926490592778667,0.9279279279279279,0.7936507936507936,0.7253521126760564,0.9493670886075949,0.8142292490118577,-1.1457674303641552,2.0967847543079707
356,0.9520035012643455,0.9390222430050774,0.12681827719887667,0.9528301886792453,0.7577319587628866,0.6824324324324325,0.9671052631578947,0.7952755905511811,-1.6916531172351525,2.586184446996874
357,0.9364848092385731,0.8941736303627341,0.13601374039728334,0.9310344827586207,0.7887323943661971,0.6428571428571429,0.9655172413793104,0.7605633802816901,-1.7345824440577307,2.1684287018473305
358,0.9450061274509804,0.9170720755568876,0.1322920768303467,0.9479166666666666,0.7941176470588235,0.6842105263157895,0.9700598802395209,0.7947598253275109,-1.6932233059919308,2.395928746818099
359,0.9448556971514244,0.9292774765798495,0.12701838873701335,0.9482758620689655,0.7717391304347826,0.7236842105263158,0.9594594594594594,0.8208955223880597,-1.3861607453072988,2.428623569810858
360,0.9656481481481483,0.9590336583783098,0.1186290310076,0.9666666666666667,0.7777777777777778,0.7435897435897436,0.9722222222222222,0.8405797101449275,-1.9396267906955535,2.976979094223206
361,0.9587994677443201,0.9353034248410819,0.11864250254317334,0.9611650485436893,0.8121827411167513,0.7279411764705882,0.975609756097561,0.8284518828451883,-1.6554410382991889,2.5172425040554196
362,0.9385148695493523,0.9308772817234795,0.12777329791547334,0.9444444444444444,0.7413793103448276,0.725609756097561,0.9485294117647058,0.8206896551724138,-1.2246154206485642,2.1893591090859537
363,0.934076934076934,0.922378791166375,0.12195341908641334,0.8918918918918919,0.8359788359788359,0.7615384615384615,0.9294117647058824,0.8215767634854771,-1.0729983390931062,2.0921169858416864
364,0.948656746737088,0.9193282178404392,0.12672885457411,0.9484536082474226,0.7684729064039408,0.6618705035971223,0.968944099378882,0.7796610169491526,-1.620764451734594,2.4885033087836117
365,0.9370094191522763,0.9031889234251756,0.13576197187292333,0.9519230769230769,0.7397959183673469,0.66,0.9666666666666667,0.7795275590551181,-1.4985485987470122,2.314608830668764
366,0.9624402247086681,0.9496660746406742,0.10722400092832335,0.9663865546218487,0.8397790055248618,0.7986111111111112,0.9743589743589743,0.8745247148288974,-1.418549782126385,2.426611014232791
367,0.9294761224188064,0.9077105792878584,0.1391204310155467,0.9223300970873787,0.7411167512690355,0.6506849315068494,0.948051948051948,0.7630522088353414,-1.5163375079050356,2.251820620579516
368,0.9398463333981715,0.9226038195458421,0.1393744743934167,0.9433962264150944,0.7474226804123711,0.6711409395973155,0.9602649006622517,0.7843137254901961,-1.6547763235053516,2.3099441792747357
369,0.9734153309767081,0.9684840570808114,0.10587159304367333,0.9626168224299065,0.8290155440414507,0.7573529411764706,0.975609756097561,0.8477366255144033,-1.8857556394039265,3.1389698456257262
370,0.9472269383135257,0.9283964293450341,0.12325155464189667,0.9298245614035088,0.7956989247311828,0.7361111111111112,0.9487179487179487,0.8217054263565892,-1.4525742297109232,2.411874821742096
371,0.9581043956043955,0.930289958530692,0.13069204457796,0.9903846153846154,0.7806122448979592,0.7054794520547946,0.9935064935064936,0.824,-1.924636477990216,2.475654036291611
372,0.9425,0.9300094878221212,0.13428463609094332,0.9666666666666667,0.7444444444444445,0.7160493827160493,0.9710144927536232,0.8226950354609929,-1.3972926422118512,2.3231070214483966
373,0.94903693741294,0.9162193338166071,0.12368817347739001,0.9724770642201835,0.7643979057591623,0.7019867549668874,0.9798657718120806,0.8153846153846154,-1.4259556777915765,2.3282032541258673
374,0.9545022796352585,0.9425093696977203,0.11657881464394,0.9464285714285714,0.7819148936170213,0.7210884353741497,0.9607843137254902,0.8185328185328186,-1.3215693880617454,2.4774619800796125
375,0.9453704164386287,0.9103031071977578,0.13064536566940999,0.9702970297029703,0.7839195979899497,0.6950354609929078,0.9811320754716981,0.8099173553719008,-1.4735378668473333,2.3426256158530165
376,0.9502700689141368,0.9436307360175771,0.11594284935682,0.923728813559322,0.8131868131868132,0.7622377622377622,0.9426751592356688,0.8352490421455939,-1.2347254810573245,2.2547002825214393
377,0.9390280864821177,0.90483503151869,0.13243581645992666,0.9285714285714286,0.7673267326732673,0.6594202898550725,0.9567901234567902,0.7711864406779662,-1.5553501415119169,2.2032844464791763
378,0.9569499999999999,0.9314698890858135,0.12454267980640665,0.96,0.785,0.6906474820143885,0.9751552795031055,0.803347280334728,-1.8724418241335785,2.5640518585458807
379,0.92535,0.8991136168751142,0.14592124593289,0.92,0.705,0.609271523178808,0.9463087248322147,0.7330677290836654,-1.5693542991559295,2.0975133620942947
380,0.9534554334554335,0.9324166125186384,0.12962333454999667,0.9523809523809523,0.7589743589743589,0.6802721088435374,0.9673202614379085,0.7936507936507936,-1.6998477336287705,2.7019759834539916
381,0.9609532333855448,0.9266978313110962,0.14082219538073334,0.9512195121951219,0.7477064220183486,0.5864661654135338,0.9760479041916168,0.7255813953488373,-2.483768952750977,2.915625138001759
382,0.950899171549808,0.927907446858936,0.13267886794464,0.9489795918367347,0.7821782178217822,0.6788321167883211,0.9693251533742331,0.7914893617021277,-1.731959582732965,2.9114832443740672
383,0.93622009569378,0.9131197689019246,0.12986225241579,0.9272727272727272,0.7631578947368421,0.6938775510204082,0.9477124183006536,0.7937743190661478,-1.2672413408684087,2.1662560779487934
384,0.9582391074928389,0.9271647962902048,0.12530355664817333,0.9696969696969697,0.7661691542288557,0.6713286713286714,0.9808917197452229,0.7933884297520661,-1.9405871644528987,2.659655601918512
385,0.9605475853707819,0.9372246015798245,0.12236346965929333,0.9591836734693877,0.801980198019802,0.7014925373134329,0.9759036144578314,0.8103448275862069,-1.8031088296128275,2.7803593667427067
386,0.950899171549808,0.9240898506449803,0.12494398147172667,0.9591836734693877,0.7821782178217822,0.6811594202898551,0.9753086419753086,0.7966101694915254,-1.6092248735986736,2.0922675819141365
387,0.9744178921568627,0.9539967919324762,0.12437418717409665,0.9895833333333334,0.75,0.6506849315068494,0.9935064935064936,0.7851239669421488,-2.8277673954127613,3.380760850559754
388,0.9584983965289569,0.9468223616779814,0.12071277372281,0.9649122807017544,0.8010752688172043,0.7482993197278912,0.9738562091503268,0.842911877394636,-1.6083878453453253,2.721006632569675
389,0.9363562130745953,0.9141573740909754,0.13382775543204,0.9357798165137615,0.7801047120418848,0.7083333333333334,0.9551282051282052,0.8063241106719368,-1.3861933184100776,2.2565776183550166
390,0.9293779904306221,0.9080842671622065,0.13549525800453668,0.9272727272727272,0.7315789473684211,0.6666666666666666,0.9455782312925171,0.7756653992395437,-1.309392354395544,2.0613305198764444
391,0.9526883840126165,0.932035756904254,0.13121010102509667,0.9611650485436893,0.7360406091370558,0.6556291390728477,0.9731543624161074,0.7795275590551181,-1.8377680609664637,2.6876956313973746
392,0.957069597069597,0.9427126479123871,0.11566590178186667,0.9428571428571428,0.8307692307692308,0.75,0.9642857142857143,0.8354430379746836,-1.539229544566044,2.5049268365179067
393,0.9464294054457989,0.9394161233037729,0.12509850376447332,0.9316239316239316,0.7486338797814208,0.7032258064516129,0.9448275862068966,0.8014705882352942,-1.3301579746209264,2.372572258000405
394,0.9629110176094748,0.9360065674921635,0.12786398035316,0.967741935483871,0.782608695652174,0.6666666666666666,0.9818181818181818,0.7894736842105263,-2.0415523121756296,2.8396848234958503
395,0.9609768009768009,0.9375820725533267,0.12368042466305668,0.9714285714285714,0.7846153846153846,0.7083333333333334,0.9807692307692307,0.8192771084337349,-1.7743078561706092,2.8630174578755723
396,0.9708443206129659,0.9536039127428808,0.12410434458465999,0.9801980198019802,0.7688442211055276,0.6827586206896552,0.9870967741935484,0.8048780487804879,-2.364757145181827,2.915261568792757
397,0.94297477639487,0.9355229988766985,0.13064341102100333,0.9292035398230089,0.7433155080213903,0.6862745098039216,0.9455782312925171,0.7894736842105263,-1.4722886956325976,2.3759938873090234
398,0.9653396712220241,0.9398111754301794,0.11741830850607334,0.9705882352941176,0.8131313131313131,0.7279411764705882,0.9817073170731707,0.8319327731092437,-1.7924970000583904,2.811361467387483
399,0.9627649136577708,0.9471454218757162,0.12452365515097669,0.9711538461538461,0.7602040816326531,0.6824324324324325,0.9802631578947368,0.8015873015873016,-1.9632167032072236,2.8601458636139094
400,0.9527217323052772,0.940308740394953,0.12144862950871667,0.9586776859504132,0.7597765363128491,0.7295597484276729,0.9645390070921985,0.8285714285714286,-1.438553651691026,2.6039863882420287
401,0.9627246732026145,0.9397872231191231,0.11668920908041334,0.96875,0.8333333333333334,0.7322834645669292,0.9826589595375722,0.8340807174887892,-1.6927690863896228,2.6214952019524698
402,0.9447605965463108,0.9208749385760889,0.12389421398057666,0.9326923076923077,0.8163265306122449,0.7293233082706767,0.9580838323353293,0.8185654008438819,-1.4564561436586845,2.22313834353831
403,0.9579764327291656,0.9494541409118157,0.11323703471862999,0.9380530973451328,0.8074866310160428,0.7464788732394366,0.9556962025316456,0.8313725490196079,-1.4316339199081425,2.430881751126167
404,0.945109596610794,0.9317748859727437,0.11970780606439334,0.9508196721311475,0.7865168539325843,0.7532467532467533,0.958904109589041,0.8405797101449275,-1.2351068589187524,2.213992306707685
405,0.9616856357927788,0.9489255526799815,0.12620048622907334,0.9711538461538461,0.7806122448979592,0.7013888888888888,0.9807692307692307,0.8145161290322581,-1.974089187353056,2.85061448797582
406,0.9512442129629629,0.9395781767809045,0.13069420859740002,0.9537037037037037,0.7291666666666666,0.6645161290322581,0.9655172413793104,0.7832699619771863,-1.8261957398564783,2.4042240663150616
407,0.9506412379915763,0.9332784745432735,0.12277939456372666,0.9380530973451328,0.7967914438502673,0.7361111111111112,0.9551282051282052,0.8249027237354085,-1.3685839424149115,2.395245959145581
408,0.9604872251931075,0.9364050549574932,0.12309838636180336,0.9607843137254902,0.7575757575757576,0.6712328767123288,0.974025974025974,0.7903225806451613,-1.9464552035984153,2.668508995009426
409,0.9530775075987842,0.9375014573315223,0.1286639249449,0.9642857142857143,0.7553191489361702,0.7012987012987013,0.9726027397260274,0.8120300751879699,-1.66310635922273,2.369397677828723
410,0.9499421296296297,0.9372340001470794,0.12314355323833666,0.9259259259259259,0.7760416666666666,0.6993006993006993,0.9490445859872612,0.796812749003984,-1.4714701111952821,2.4415602167882073
411,0.936588212410037,0.9104735944155837,0.13350441682679,0.9433962264150944,0.7628865979381443,0.684931506849315,0.961038961038961,0.7936507936507936,-1.4047865909846582,2.2244236205461827
412,0.9509753231492362,0.9409554654173047,0.12151537672423667,0.9478260869565217,0.8054054054054054,0.7517241379310344,0.9612903225806452,0.8384615384615385,-1.3135137870135234,2.4338575273145264
413,0.9396224602526538,0.9174539679059714,0.12286589707803335,0.926605504587156,0.8167539267015707,0.7426470588235294,0.9512195121951219,0.8244897959183674,-1.1408892081018138,2.129941211534584
414,0.9579681371362161,0.9328113562074168,0.11862634729524667,0.9719626168224299,0.8134715025906736,0.7428571428571429,0.98125,0.8421052631578947,-1.4796500768820975,2.4510449731912467
415,0.9507602840936173,0.9328348674134928,0.12583733500496,0.954954954954955,0.7936507936507936,0.7310344827586207,0.967741935483871,0.828125,-1.6065803324768826,2.2650449530812256
416,0.9428610703812316,0.923554845263053,0.12604979074838332,0.9596774193548387,0.7613636363636364,0.7391304347826086,0.9640287769784173,0.8350877192982457,-1.335959822363421,2.2215242188415467
417,0.9413945457315526,0.9184005118713297,0.12955061461750333,0.9278350515463918,0.8078817733990148,0.6976744186046512,0.9590643274853801,0.7964601769911505,-1.6954762422544927,2.3239143894771566
418,0.9597448542024014,0.9256346403314107,0.12558386946494665,0.9772727272727273,0.7971698113207547,0.6666666666666666,0.9883040935672515,0.7926267281105991,-1.8248844015390524,2.7327447089003445
419,0.9523993995448163,0.9289199136605456,0.12941280819699996,0.9813084112149533,0.7772020725388601,0.7094594594594594,0.9868421052631579,0.8235294117647058,-1.6082340215405093,2.720632045927687
420,0.9707924836601307,0.9426545860125731,0.12189918491863333,0.9895833333333334,0.7941176470588235,0.6934306569343066,0.9938650306748467,0.8154506437768241,-2.395417249382919,2.812436867518326
421,0.9269793194832237,0.9033804890337356,0.14275112161342,0.9557522123893806,0.7112299465240641,0.6666666666666666,0.9637681159420289,0.7854545454545454,-1.5014759765821408,2.1486858833416456
422,0.9515277710522494,0.9371665150764088,0.13145145418674334,0.9626168224299065,0.7046632124352331,0.64375,0.9714285714285714,0.7715355805243446,-1.8111442572813117,2.6108742287567135
423,0.9464294688175285,0.9153745406980419,0.12783176563472334,0.9494949494949495,0.7661691542288557,0.6666666666666666,0.9685534591194969,0.7833333333333333,-1.5628900124123477,2.430427281903559
424,0.9158682492015825,0.8795083232680779,0.15115227189202335,0.9459459459459459,0.7142857142857143,0.660377358490566,0.9574468085106383,0.7777777777777778,-1.3823028795885448,1.9310719275213506
425,0.9672345343987135,0.9492401208562474,0.11790266280689,0.9595959595959596,0.7960199004975125,0.6985294117647058,0.975609756097561,0.8085106382978723,-2.0141767460401976,2.8071187840304512
426,0.9450713734567902,0.9229620815911114,0.13046094046951665,0.9537037037037037,0.796875,0.7253521126760564,0.9683544303797469,0.824,-1.4890995913784228,2.5451099890925186
427,0.9551159951159951,0.933101793503587,0.11860718651633001,0.9523809523809523,0.8358974358974359,0.7575757575757576,0.9702380952380952,0.8438818565400844,-1.241974157884045,2.4755798785758723
428,0.9183377061469264,0.8971176884597183,0.13331805894341334,0.9051724137931034,0.7880434782608695,0.7291666666666666,0.9294871794871795,0.8076923076923077,-0.9682362018402415,1.8145307020299009
429,0.9619723789146081,0.9443795004840883,0.12952452703262,0.9716981132075472,0.7061855670103093,0.64375,0.9785714285714285,0.7744360902255639,-2.178972951465065,2.90139012773147
430,0.9352206577441664,0.9118824512609266,0.12362586428674999,0.9108910891089109,0.8090452261306532,0.7076923076923077,0.9470588235294117,0.7965367965367965,-1.0912507289541393,2.3647033049701562
431,0.9565650032339917,0.9263278659568672,0.12361096350065665,0.9801980198019802,0.7989949748743719,0.7122302158273381,0.9875776397515528,0.825,-1.6808396870258226,2.3544484910888017
432,0.9384691004960007,0.9421903164830846,0.12186238603423334,0.9280575539568345,0.7763975155279503,0.7818181818181819,0.9259259259259259,0.8486842105263158,-0.8607067546115182,2.1034257033251977
433,0.9420331790123457,0.9209853619854496,0.12960163228419333,0.9444444444444444,0.7760416666666666,0.7034482758620689,0.9612903225806452,0.8063241106719368,-1.4808438559533488,2.1647722940788467
434,0.9442959001782532,0.9087780418801253,0.13270151185993667,0.9607843137254902,0.7727272727272727,0.6853146853146853,0.9745222929936306,0.8,-1.6446038072923708,2.4291295045824435
435,0.9517850570482149,0.9139657803995086,0.12797428717807333,0.9560439560439561,0.784688995215311,0.6590909090909091,0.9761904761904762,0.7802690582959642,-1.7931334087768878,2.4533493959319372
436,0.9570104231711418,0.9420733782474318,0.11964246718546998,0.963302752293578,0.774869109947644,0.7094594594594594,0.9736842105263158,0.8171206225680934,-1.579494640457082,2.6145173012841747
437,0.960363568215892,0.9565477467455137,0.11177462131189667,0.9396551724137931,0.7989130434782609,0.7465753424657534,0.9545454545454546,0.8320610687022901,-1.3760956342982595,2.726159273056686
438,0.9547511312217194,0.9084220993886524,0.12355247372021666,0.9493670886075949,0.8235294117647058,0.6578947368421053,0.978494623655914,0.7772020725388601,-1.8732835889942145,2.522866876465372
439,0.9512774806892454,0.9313968775430593,0.12854022629836334,0.9607843137254902,0.7878787878787878,0.7,0.975,0.8099173553719008,-1.6218638623481525,2.5849997642506053
440,0.9700475108448667,0.943384086774799,0.11020104661389667,0.9787234042553191,0.8252427184466019,0.71875,0.9883720930232558,0.8288288288288288,-1.8216681952311409,2.9501517802875528
441,0.9365079365079365,0.9118165490815625,0.13275553594173334,0.954954954954955,0.7301587301587301,0.6751592356687898,0.965034965034965,0.7910447761194029,-1.3296786180118763,2.0581899711050093
442,0.9497974537037037,0.9239999457861509,0.12784343445117666,0.9537037037037037,0.7708333333333334,0.7006802721088435,0.9673202614379085,0.807843137254902,-1.5991646874461933,2.4264611871086337
443,0.9395662993245646,0.8969794105706277,0.13432086212281003,0.9484536082474226,0.7783251231527094,0.6715328467153284,0.9693251533742331,0.7863247863247863,-1.5970520305529259,2.2636487134934162
444,0.937737462006079,0.9170109222065692,0.12764018307182667,0.9375,0.7978723404255319,0.7342657342657343,0.9554140127388535,0.8235294117647058,-1.2412445765758655,2.0709086015999785
445,0.9494261816767166,0.9361143566196726,0.12348867303568667,0.9339622641509434,0.7731958762886598,0.6923076923076923,0.9554140127388535,0.7951807228915663,-1.5375802665631082,2.4189796718547383
446,0.9537382260596546,0.9309896954470028,0.12407371466441001,0.9519230769230769,0.7857142857142857,0.7021276595744681,0.9685534591194969,0.8081632653061225,-1.6985034786966742,2.387455109881209
447,0.9236280411960794,0.8811301750774349,0.13676571943940666,0.9207920792079208,0.7738693467336684,0.6739130434782609,0.9506172839506173,0.7782426778242678,-1.273866594179223,1.9568414838987689
448,0.9497878359264498,0.9139339115592876,0.13427215535790668,0.9693877551020408,0.7227722772277227,0.6291390728476821,0.9798657718120806,0.7630522088353414,-1.7292469298423285,2.4294603289833128
449,0.9097924297924298,0.8796863586079612,0.1551156647798167,0.9047619047619048,0.7128205128205128,0.6291390728476821,0.9328859060402684,0.7421875,-1.4210984243152434,1.7974231362403386
450,0.9377599524658348,0.8976707976024182,0.13511468145501002,0.9509803921568627,0.7575757575757576,0.6689655172413793,0.967741935483871,0.7854251012145749,-1.5717595703765777,2.081936638101947
451,0.9205246913580246,0.897232794313217,0.14278332072694666,0.9259259259259259,0.7291666666666666,0.6578947368421053,0.9459459459459459,0.7692307692307693,-1.2948603605029039,2.058687042210544
452,0.9583843954248367,0.9398701566668679,0.12800599532242002,0.96875,0.7549019607843137,0.6503496503496503,0.9808917197452229,0.7782426778242678,-1.954162506735505,2.939069475207065
453,0.9527869498792568,0.9228669123741121,0.12419581953118666,0.9611650485436893,0.8324873096446701,0.75,0.9761904761904762,0.8425531914893617,-1.4216686145157755,2.3785607265644297
454,0.9673273155416012,0.9450583098957452,0.12152315177602001,0.9807692307692307,0.7653061224489796,0.6891891891891891,0.9868421052631579,0.8095238095238095,-2.1035812149031465,3.0444093753204204
455,0.9680385949042666,0.9443905051177813,0.12530159359747997,0.98989898989899,0.7810945273631841,0.6901408450704225,0.9936708860759493,0.8132780082987552,-2.108476644238446,3.146839432507795
456,0.9178240740740741,0.8897765152578531,0.14412682410877667,0.9166666666666666,0.7552083333333334,0.678082191780822,0.9415584415584416,0.7795275590551181,-1.3701165749681536,1.799974099811318
457,0.9609025579174834,0.9493884474850496,0.12447702948291332,0.9595959595959596,0.7910447761194029,0.6934306569343066,0.9754601226993865,0.8050847457627118,-1.9750952065772895,2.7861283994293498
458,0.9579460847240051,0.9229673549442765,0.12121346466725334,0.968421052631579,0.8097560975609757,0.7022900763358778,0.9822485207100592,0.8141592920353983,-1.7974110165123791,2.596038128681409
459,0.9522138602890253,0.9413745341672767,0.12427444320275668,0.9586776859504132,0.7932960893854749,0.7581699346405228,0.9659863945578231,0.8467153284671532,-1.4545905848914311,2.5416211274604392
460,0.9525120069073444,0.9066017459529947,0.13261252570912332,0.9655172413793104,0.7605633802816901,0.6222222222222222,0.9818181818181818,0.7567567567567568,-1.9595374756228126,2.4702741524197958
461,0.9360752279635258,0.9098483840871413,0.13326407902718665,0.9464285714285714,0.7606382978723404,0.7019867549668874,0.959731543624161,0.8060836501901141,-1.3344967749256433,2.174900596708622
462,0.9483520390025901,0.9154095763644992,0.12095106735894001,0.9484536082474226,0.8177339901477833,0.7131782945736435,0.9707602339181286,0.8141592920353983,-1.399125309357285,2.2751793281165886
463,0.960923721340388,0.933801947746131,0.12865415416664333,0.9642857142857143,0.7731481481481481,0.6230769230769231,0.9823529411764705,0.7570093457943925,-2.1788971110706723,2.7922673961057654
464,0.9516246186625346,0.9326934263987965,0.13033298605357999,0.9626168224299065,0.772020725388601,0.7006802721088435,0.9738562091503268,0.8110236220472441,-1.6693679293257475,2.547565193699578
465,0.9662026862026862,0.9437143458930121,0.12355247577071334,0.9904761904761905,0.7743589743589744,0.7027027027027027,0.993421052631579,0.8221343873517787,-2.0661717519110727,2.875230493970489
466,0.9762148962148962,0.960142131700757,0.12023080942235331,0.9904761904761905,0.7948717948717948,0.7222222222222222,0.9935897435897436,0.8353413654618473,-2.2941765945934893,3.766213260060206
467,0.9283999999999999,0.8984190549546456,0.1399934160171933,0.92,0.74,0.6388888888888888,0.9487179487179487,0.7540983606557377,-1.5042961234149002,1.9515679542301718
468,0.9526143790849674,0.9246715613339338,0.12984583551183665,0.9583333333333334,0.7598039215686274,0.6524822695035462,0.9748427672955975,0.7763713080168776,-1.8642615283052812,2.4780193932817776
469,0.9413397129186603,0.916003212653367,0.12855798850062,0.9363636363636364,0.7578947368421053,0.6912751677852349,0.9536423841059603,0.7953667953667953,-1.3090839333265194,2.241166371466173
470,0.9521604938271605,0.9341463474804228,0.12431177054444,0.9444444444444444,0.7708333333333334,0.6986301369863014,0.961038961038961,0.8031496062992126,-1.5460852633711248,2.55437746099968
471,0.9577510562235945,0.9450222231882068,0.11491729162523666,0.9495798319327731,0.7900552486187845,0.7483443708609272,0.959731543624161,0.837037037037037,-1.3925480154468715,2.4981059356423416
472,0.9581043956043956,0.932472978408323,0.12399712664993,0.9807692307692307,0.7653061224489796,0.6891891891891891,0.9868421052631579,0.8095238095238095,-1.696767046401005,2.6524367604218853
473,0.9434432234432234,0.9274234656000687,0.13387427676719998,0.9428571428571428,0.7435897435897436,0.6644295302013423,0.9602649006622517,0.7795275590551181,-1.6640784080399345,2.262076566354967
474,0.9616952341137124,0.9261093034664339,0.13141895788663,0.9782608695652174,0.7692307692307693,0.6521739130434783,0.9876543209876543,0.782608695652174,-2.0748191304807655,2.6213976166262434
475,0.9602467784466889,0.9266423477756198,0.12359458796245666,0.9900990099009901,0.7889447236180904,0.704225352112676,0.9936708860759493,0.823045267489712,-1.771244306230104,2.9851670151520664
476,0.9559259259259258,0.9243761034620785,0.13037718121147,0.9555555555555556,0.7761904761904762,0.6466165413533834,0.9760479041916168,0.7713004484304933,-1.980892687411405,2.812587285196472
477,0.9634676434676435,0.9508759853273581,0.11396025203151666,0.9523809523809523,0.7948717948717948,0.7142857142857143,0.96875,0.8163265306122449,-1.7116711991656384,2.7631575390302583
478,0.9504473837774752,0.9373973258119155,0.12183646712862334,0.9339622641509434,0.7577319587628866,0.678082191780822,0.9545454545454546,0.7857142857142857,-1.4792942536150484,2.357520916317658
479,0.9596964671591537,0.9352232021670571,0.12212679529180333,0.9595959595959596,0.8109452736318408,0.7142857142857143,0.9760479041916168,0.8189655172413793,-1.777576880521473,2.7413954843960555
480,0.9532226042322406,0.9340579700833013,0.12238523960455999,0.9439252336448598,0.8031088082901554,0.7266187050359713,0.9627329192546584,0.8211382113821138,-1.541601257961258,2.596586743332614
481,0.9380708180708182,0.9113129365797407,0.13321353946962,0.9428571428571428,0.7846153846153846,0.7021276595744681,0.9622641509433962,0.8048780487804879,-1.4298624577133294,2.2470072699861223
482,0.9733872160070968,0.9611209115104236,0.12211741869261,0.9805825242718447,0.7461928934010152,0.6688741721854304,0.9865771812080537,0.7952755905511811,-2.488011144617465,3.3661385821015126
483,0.9465757456828885,0.911166122366699,0.12446396373371334,0.9519230769230769,0.7806122448979592,0.6971830985915493,0.9683544303797469,0.8048780487804879,-1.4633406083620573,2.3167620261473374
484,0.9615277777777779,0.9473519821535287,0.12473809062548666,0.9833333333333333,0.7555555555555555,0.7283950617283951,0.9855072463768116,0.8368794326241135,-1.777079377120301,2.8156746936510673
485,0.9449888866437665,0.9122336315610564,0.12584325500237667,0.9387755102040817,0.7821782178217822,0.6764705882352942,0.9634146341463414,0.7863247863247863,-1.4932532867748063,2.23852044462109
486,0.9457465277777778,0.9323044611262998,0.12309540085032665,0.9351851851851852,0.7864583333333334,0.7112676056338029,0.9556962025316456,0.808,-1.3912831392555556,2.222402321939392
487,0.9474103189213394,0.9170090908896744,0.1207317652671,0.9405940594059405,0.7989949748743719,0.7037037037037037,0.9636363636363636,0.8050847457627118,-1.2404686575108033,2.4400393007890337
488,0.9482075658546247,0.9156604712022925,0.12857217018077335,0.9607843137254902,0.7777777777777778,0.6901408450704225,0.9746835443037974,0.8032786885245902,-1.5652069660271857,2.3751080836766296
489,0.9494736842105264,0.9281580235605289,0.12588389630755667,0.9545454545454546,0.7894736842105263,0.7241379310344828,0.967741935483871,0.8235294117647058,-1.5693315523516393,2.262215032903851
490,0.9451043490606218,0.927117777124772,0.14205249895813668,0.9557522123893806,0.7219251336898396,0.675,0.9642857142857143,0.7912087912087912,-1.8669514500366682,2.5627158225693876
491,0.9299043062200957,0.9019443498920919,0.13486341707875668,0.9363636363636364,0.7894736842105263,0.7202797202797203,0.9554140127388535,0.8142292490118577,-1.2798325916386155,2.0366668248832025
492,0.9401212360159676,0.9166186982566968,0.12482465452305,0.9320388349514563,0.8020304568527918,0.7111111111111111,0.9575757575757575,0.8067226890756303,-1.240874692229611,2.2111374490972597
493,0.9553772995821125,0.9397950022712926,0.12128240941524669,0.944954128440367,0.7958115183246073,0.7253521126760564,0.9620253164556962,0.8207171314741036,-1.5839614343204143,2.665115426941898
494,0.9625195210827694,0.9521680212737391,0.11093505114801668,0.9646017699115044,0.8128342245989305,0.7569444444444444,0.9743589743589743,0.8482490272373541,-1.4163302402181106,2.652064683804528
495,0.9513538088502728,0.9024819166969218,0.12952723819355,0.9795918367346939,0.806930693069307,0.7111111111111111,0.9878787878787879,0.8240343347639485,-1.596844574700591,2.7379197137324365
496,0.9309010503040354,0.8854169800469249,0.13491556952175998,0.9292929292929293,0.7711442786069652,0.6666666666666666,0.9567901234567902,0.7763713080168776,-1.3126528073023043,2.1257349619624253
497,0.9483061350960547,0.9094922268397128,0.12976834522192,0.9574468085106383,0.7912621359223301,0.6766917293233082,0.9760479041916168,0.7929515418502202,-1.658332942511911,2.349495009162729
498,0.9553496624119068,0.9309973654600239,0.13177753754648666,0.970873786407767,0.7461928934010152,0.6666666666666666,0.98,0.7905138339920948,-1.8558155616142087,2.6035169394412696
499,0.9411764705882353,0.9265980741779931,0.13229603096318332,0.9469026548672567,0.7219251336898396,0.6729559748427673,0.9574468085106383,0.7867647058823529,-1.5276215562869482,2.2233005179287986
500,0.9569512372282213,0.9284859829824099,0.12133035651407,0.9719626168224299,0.7512953367875648,0.6842105263157895,0.9797297297297297,0.803088803088803,-1.7172502901162894,2.567772024686853
501,0.9446713525835866,0.9198041187892585,0.13655298912792332,0.9732142857142857,0.7180851063829787,0.6728395061728395,0.9782608695652174,0.7956204379562044,-1.6824804545588516,2.4880308258058927
502,0.9296322489391796,0.8698532426772106,0.13730527572009335,0.9387755102040817,0.7524752475247525,0.647887323943662,0.9620253164556962,0.7666666666666667,-1.447145406845439,2.0683395615344167
503,0.9396224602526538,0.9153470608559567,0.12230442686012334,0.9174311926605505,0.7958115183246073,0.7194244604316546,0.9440993788819876,0.8064516129032258,-1.1349634076379982,2.0941002525703185
504,0.9297854825432182,0.9054942457079149,0.14276308441618998,0.9345794392523364,0.7150259067357513,0.6451612903225806,0.9517241379310345,0.7633587786259542,-1.56563300024599,2.1966681803874684
505,0.9513680659670165,0.9329693540036537,0.11563193140333666,0.9568965517241379,0.8152173913043478,0.7655172413793103,0.967741935483871,0.8505747126436781,-1.227351952224701,2.2403061983448724
506,0.9709821428571429,0.9523574425571082,0.10775895388183665,0.9821428571428571,0.8085106382978723,0.7534246575342466,0.987012987012987,0.8527131782945736,-1.7241824028648796,2.9502127572044508
507,0.9530629679883412,0.9177418386427426,0.12540492613596665,0.9797979797979798,0.7810945273631841,0.6879432624113475,0.9874213836477987,0.8083333333333333,-1.6399312337704481,2.422486064817693
508,0.917583798180813,0.8890162788166872,0.13556850973355666,0.8787878787878788,0.8208955223880597,0.7073170731707317,0.9322033898305084,0.7837837837837838,-1.2066341870467296,1.9524204428484033
509,0.9370244455237171,0.8936585582404422,0.13456072791253332,0.9425287356321839,0.7652582159624414,0.6212121212121212,0.9702380952380952,0.7488584474885844,-1.5885365178967965,2.2456675824143995
510,0.9426601080246914,0.9253276520859667,0.13048409663059668,0.9444444444444444,0.7604166666666666,0.6891891891891891,0.9605263157894737,0.796875,-1.5669945924276225,2.421542741931222
511,0.9498792568133656,0.9259349717235471,0.13104374618693332,0.9611650485436893,0.7614213197969543,0.678082191780822,0.974025974025974,0.7951807228915663,-1.7138564294730583,2.5509616065750684
512,0.947,0.9202628540493774,0.12760934894654336,0.95,0.775,0.6785714285714286,0.96875,0.7916666666666666,-1.6388354904886335,2.2101056159067953
513,0.9435036640918995,0.921551496363483,0.13299608358873333,0.9411764705882353,0.7828282828282829,0.6906474820143885,0.9627329192546584,0.7966804979253111,-1.5952106910207022,2.361676314551222
514,0.9505298471697109,0.9242909714914814,0.13198651184305002,0.9325842696629213,0.7488151658767772,0.6102941176470589,0.9634146341463414,0.7377777777777778,-2.0218255669312786,2.405160405167856
515,0.9152771032324213,0.868122414918765,0.14625785403908,0.896551724137931,0.7370892018779343,0.582089552238806,0.9457831325301205,0.7058823529411765,-1.4987440469025004,2.020022524583189
516,0.9486541618986019,0.9099760185957906,0.12667182412397998,0.9603960396039604,0.7738693467336684,0.6830985915492958,0.9746835443037974,0.7983539094650206,-1.6834076472466424,2.5134888838833347
517,0.9579681371362162,0.9333117957453582,0.12282864871882003,0.9719626168224299,0.7357512953367875,0.6709677419354839,0.9793103448275862,0.7938931297709924,-1.8097979410476255,2.4985692258616754
518,0.9490999999999999,0.9320930526695831,0.12558367293201667,0.94,0.81,0.7121212121212122,0.9642857142857143,0.8103448275862069,-1.6095779953036318,2.414147105601919
519,0.9448784722222222,0.9175245545452034,0.12345374969697331,0.9537037037037037,0.796875,0.7253521126760564,0.9683544303797469,0.824,-1.301530467814269,2.3061929729763664
520,0.9849550706033375,0.9727846734945546,0.11616006364039336,1.0,0.7853658536585366,0.6834532374100719,1.0,0.811965811965812,-2.801633932715695,3.8620100064520955
521,0.9347368421052631,0.8855340503943527,0.14009775698176669,0.9473684210526315,0.7560975609756098,0.6428571428571429,0.96875,0.7659574468085106,-1.7164367601665582,2.2148545879803687
522,0.9341633654027542,0.9217254591363707,0.12862465890678335,0.9385964912280702,0.7956989247311828,0.7379310344827587,0.9548387096774194,0.8262548262548263,-1.2356951745849487,2.1202154335363894
523,0.9539153439153439,0.9311072051174039,0.13113716329525668,0.9444444444444444,0.7761904761904762,0.6439393939393939,0.9702380952380952,0.7657657657657657,-2.1481682130276245,2.6017619109053647
524,0.9695234489612417,0.9511044487601525,0.12147117506844668,0.9823008849557522,0.7807486631016043,0.7302631578947368,0.9864864864864865,0.8377358490566038,-2.256685309824406,3.1525171000493777
525,0.9472180523945571,0.9254506981743049,0.12146159829562668,0.9345794392523364,0.7979274611398963,0.7194244604316546,0.9565217391304348,0.8130081300813008,-1.4096376536003927,2.2132894020519345
526,0.9540652707036409,0.933817652459935,0.11821320653589,0.9649122807017544,0.7741935483870968,0.7236842105263158,0.972972972972973,0.8270676691729323,-1.5604534954484308,2.343355103349497
527,0.9517329910141206,0.9263569808866563,0.13396603852808,0.9578947368421052,0.751219512195122,0.6408450704225352,0.9746835443037974,0.7679324894514767,-1.9305458584264341,2.6203594649412767
528,0.9517989417989418,0.9147617786736649,0.12702894446776333,0.9444444444444444,0.8047619047619048,0.6746031746031746,0.9712643678160919,0.7870370370370371,-1.7526030580793757,2.5329888620471945
529,0.9454474097331239,0.9200811034802834,0.12700717989721666,0.9423076923076923,0.8163265306122449,0.7313432835820896,0.963855421686747,0.8235294117647058,-1.4792625925437375,2.2341458721708993
530,0.9363507779349364,0.8888825272115783,0.13687599624721,0.9591836734693877,0.7623762376237624,0.6619718309859155,0.9746835443037974,0.7833333333333333,-1.4867016914818088,2.301756690557174
531,0.9419531765781323,0.9138373022656838,0.13729920872230333,0.9587628865979382,0.7832512315270936,0.6788321167883211,0.9754601226993865,0.7948717948717948,-1.671536944125408,2.63061825395594
532,0.9385,0.9163947540346439,0.1290150529848567,0.93,0.78,0.6788321167883211,0.9570552147239264,0.7848101265822784,-1.3775332465397014,2.313263625046494
533,0.9452014652014652,0.9174741013350401,0.12686705354712666,0.9523809523809523,0.7897435897435897,0.7092198581560284,0.9685534591194969,0.8130081300813008,-1.4164379061104422,2.31161427145089
534,0.9399467309915072,0.901547489595273,0.13898590400340666,0.9595959595959596,0.7412935323383084,0.6462585034013606,0.9738562091503268,0.7723577235772358,-1.7159380772711161,2.249985007500162
535,0.928090649363227,0.8979487634579013,0.1315518086048167,0.9158878504672897,0.7772020725388601,0.6950354609929078,0.9433962264150944,0.7903225806451613,-1.1975834426112815,1.9867827432758718
536,0.9786604898723572,0.966191028837431,0.12226657751805665,0.9902912621359223,0.7868020304568528,0.7083333333333334,0.9935897435897436,0.8259109311740891,-2.705837821310831,3.130276992179551
537,0.9127383535712636,0.8984340401376805,0.14039371806224332,0.9090909090909091,0.7374301675977654,0.7006369426751592,0.9230769230769231,0.7913669064748201,-1.000731676510407,1.8674805460609292
538,0.9229202401372213,0.8723523595762698,0.14260320899929335,0.9090909090909091,0.7688679245283019,0.6201550387596899,0.9532163742690059,0.7373271889400922,-1.5024886591425113,1.9484830776744404
539,0.9453,0.9280344805556531,0.13040958329171332,0.93,0.745,0.6458333333333334,0.9551282051282052,0.7622950819672131,-1.6674423974920067,2.3497323475467886
540,0.9615270350564468,0.9406741724303149,0.12587798518562668,0.9705882352941176,0.7676767676767676,0.6827586206896552,0.9806451612903225,0.8016194331983806,-1.9760095621867784,2.7205741448913052
541,0.9589120370370371,0.9460311780085434,0.12241764800262998,0.9629629629629629,0.78125,0.7123287671232876,0.974025974025974,0.8188976377952756,-1.744570108289512,2.659259047700743
542,0.9700754118833758,0.9495205955583932,0.12563925704445997,1.0,0.7539267015706806,0.6987179487179487,1.0,0.8226415094339623,-2.253331377494484,3.133158910209516
543,0.9584371184371184,0.9362121905273716,0.12710237187245998,0.9714285714285714,0.7435897435897436,0.6710526315789473,0.9797297297297297,0.7937743190661478,-1.9496957226977965,2.6664447690355124
544,0.9695839874411304,0.9527291537409117,0.11578359969019,0.9807692307692307,0.8163265306122449,0.7391304347826086,0.9876543209876543,0.8429752066115702,-2.0403086716672165,3.2068023747266774
545,0.9518834332833583,0.9358342192484886,0.13114037681208668,0.9655172413793104,0.75,0.7088607594936709,0.971830985915493,0.8175182481751825,-1.710544216696753,2.6150663231364755
546,0.9528181344943448,0.9376808247410837,0.12278471321475666,0.9557522123893806,0.786096256684492,0.7297297297297297,0.9671052631578947,0.8275862068965517,-1.515006969096261,2.3623441613583362
547,0.9513543394140409,0.9249955753962981,0.13182079531695667,0.9494949494949495,0.7412935323383084,0.6438356164383562,0.9675324675324676,0.7673469387755102,-1.9347922436636014,2.4915245344994377
548,0.9322222222222222,0.8959764378907391,0.14480596711199667,0.9333333333333333,0.7476190476190476,0.6131386861313869,0.9631901840490797,0.7400881057268722,-1.7649513815161095,2.127443117782073
549,0.9345794392523364,0.9134519246139626,0.12657931729525668,0.897196261682243,0.8031088082901554,0.7164179104477612,0.9337349397590361,0.7966804979253111,-1.2440194403930014,1.841149287116035
550,0.9440861307196181,0.9200602861676562,0.13538107334529334,0.9484536082474226,0.7438423645320197,0.6388888888888888,0.967948717948718,0.7634854771784232,-1.7860074465504456,2.31445615714114
551,0.9657083987441131,0.945237824346833,0.11684053135063334,0.9711538461538461,0.8112244897959183,0.7318840579710145,0.9814814814814815,0.8347107438016529,-1.7483340104978127,2.7345296899867293
552,0.9628899512098961,0.9332384448685695,0.11697614437550001,0.9902912621359223,0.7918781725888325,0.7132867132867133,0.9936305732484076,0.8292682926829268,-1.7250847206506343,2.4896537521818116
553,0.9439160218816225,0.9291734881964455,0.12927591435295,0.9320388349514563,0.7969543147208121,0.7058823529411765,0.9573170731707317,0.803347280334728,-1.5995901028645514,2.4867980122944875
554,0.9503349282296651,0.9387314505341242,0.12886422663939,0.9545454545454546,0.7526315789473684,0.6907894736842105,0.9662162162162162,0.8015267175572519,-1.6812888250230895,2.4969460644023727
555,0.935782967032967,0.8944257727962176,0.14280558439087335,0.9711538461538461,0.75,0.6733333333333333,0.98,0.7952755905511811,-1.5924984812503893,2.2475644538152912
556,0.9458989424206815,0.9348256970706545,0.12864895821906666,0.9565217391304348,0.7351351351351352,0.6918238993710691,0.9645390070921985,0.8029197080291971,-1.4968422582515448,2.409192782984632
557,0.9368239297140826,0.9048047583484973,0.13480334815265665,0.9381443298969072,0.7339901477832512,0.6275862068965518,0.9612903225806452,0.7520661157024794,-1.5262084104435718,2.1707509797706943
558,0.9557773919753088,0.9338659473678075,0.12623051414129668,0.9722222222222222,0.765625,0.7,0.98,0.813953488372093,-1.7410522756618698,2.602271209463243
559,0.9478021978021979,0.93855745736802,0.12997151662594003,0.9326923076923077,0.7653061224489796,0.6783216783216783,0.9554140127388535,0.7854251012145749,-1.749213380749938,2.502263601138495
560,0.9494223363286264,0.923199861142013,0.12751279123801665,0.9473684210526315,0.7707317073170732,0.656934306569343,0.9693251533742331,0.7758620689655172,-1.68187911710718,2.304561236803807
561,0.96875,0.9462021815218555,0.12076218793200333,0.9907407407407407,0.7760416666666666,0.7133333333333334,0.9933333333333333,0.8294573643410853,-2.2098078745008336,3.0443647093491095
562,0.9511,0.915468678675253,0.13164046056693002,0.96,0.75,0.6575342465753424,0.974025974025974,0.7804878048780488,-1.6538396851886332,2.5719051403757534
563,0.9552149222032412,0.9434378912769165,0.11538690840338334,0.9586776859504132,0.7988826815642458,0.7631578947368421,0.9662162162162162,0.8498168498168498,-1.2291092242633443,2.505574475943345
564,0.9426766717325228,0.9072906866774384,0.13331792448393334,0.9910714285714286,0.7340425531914894,0.6894409937888198,0.9928057553956835,0.8131868131868132,-1.677299726679911,2.3567718218038998
565,0.9555357496533967,0.9308268347476261,0.12544648237751335,0.9607843137254902,0.7626262626262627,0.6758620689655173,0.9741935483870968,0.7935222672064778,-1.7202118827417672,2.458128787405484
566,0.9596372776107633,0.939912229339705,0.12092183839526333,0.970873786407767,0.7918781725888325,0.7092198581560284,0.9811320754716981,0.819672131147541,-1.7933471703387045,2.6376539411954933
567,0.9611000000000001,0.932628770768503,0.12448042062604,0.97,0.79,0.697841726618705,0.9813664596273292,0.8117154811715481,-1.9165752081883105,2.7277586276590724
568,0.9504519426435095,0.9346185238197839,0.13002652689588998,0.9646017699115044,0.7540106951871658,0.7032258064516129,0.9724137931034482,0.8134328358208955,-1.5707357940125743,2.509356181348905
569,0.936643757680579,0.9301044829697933,0.13349895171637333,0.9448818897637795,0.7167630057803468,0.7100591715976331,0.9465648854961832,0.8108108108108109,-1.3399983161374127,2.251838552107668
570,0.9403414450103753,0.9293222392496701,0.12864435820800332,0.9298245614035088,0.7741935483870968,0.7162162162162162,0.9473684210526315,0.8091603053435115,-1.4388090190758687,2.0432669564326087
571,0.9447755634196313,0.9227567869597758,0.12686905111652,0.9576271186440678,0.7307692307692307,0.6975308641975309,0.9637681159420289,0.8071428571428572,-1.4090388517662662,2.2503123469067514
572,0.9504243827160493,0.927979232081438,0.12674502447126335,0.9629629629629629,0.7760416666666666,0.7074829931972789,0.9738562091503268,0.8156862745098039,-1.6121962117744806,2.4075972534217875
573,0.9551674836601307,0.919171261409634,0.12997842667487333,0.9583333333333334,0.7794117647058824,0.6715328467153284,0.9754601226993865,0.7896995708154506,-1.7593880158379935,2.4169062365870557
574,0.9420117781155015,0.9295310616081294,0.12279628625709334,0.9285714285714286,0.7925531914893617,0.7272727272727273,0.9490445859872612,0.8156862745098039,-1.3594505765691451,2.160325642630804
575,0.9374525075987841,0.9161936754295069,0.13212642812088668,0.9464285714285714,0.7340425531914894,0.6794871794871795,0.9583333333333334,0.7910447761194029,-1.4125259078901893,2.258374269423976
576,0.9540832907748734,0.9402971978659882,0.12854127267500667,0.9663865546218487,0.7403314917127072,0.7098765432098766,0.9710144927536232,0.8185053380782918,-1.7686710169447155,2.486084239806974
577,0.9579317322541137,0.931018565395655,0.13434753367616,0.9662921348314607,0.7772511848341233,0.6466165413533834,0.9820359281437125,0.7747747747747747,-2.129387526689546,2.628519361845773
578,0.9417914802567594,0.9098804343896326,0.1264516053569,0.9433962264150944,0.8041237113402062,0.7246376811594203,0.9629629629629629,0.819672131147541,-1.3141094196135918,2.1606857756555913
579,0.93997557997558,0.9032603136060854,0.13200468208629668,0.9523809523809523,0.7692307692307693,0.6896551724137931,0.967741935483871,0.8,-1.4296601049117659,2.2131826016080165
580,0.962037912333947,0.9407277531290963,0.11935051293185,0.9702970297029703,0.7989949748743719,0.7101449275362319,0.9814814814814815,0.8200836820083682,-1.6221882047719258,2.924733068558748
581,0.9416746411483254,0.9307556993497177,0.12235094947513668,0.9181818181818182,0.7842105263157895,0.7112676056338029,0.9430379746835443,0.8015873015873016,-1.2264390837806078,2.248009472599934
582,0.945982905982906,0.9290757499133958,0.12874931008923,0.9428571428571428,0.7948717948717948,0.7122302158273381,0.9627329192546584,0.8114754098360656,-1.6029799397432614,2.46357384863763
583,0.9439728353140916,0.9222989062179329,0.12593910521052,0.9473684210526315,0.8064516129032258,0.75,0.9615384615384616,0.8372093023255814,-1.282930356373642,2.163119804187618
584,0.9465689865689866,0.9170288625143894,0.12790326097475668,0.9523809523809523,0.7897435897435897,0.7092198581560284,0.9685534591194969,0.8130081300813008,-1.5178247519065589,2.235961598635847
585,0.9475999999999999,0.9236889615505817,0.12569302273078667,0.94,0.78,0.6811594202898551,0.9629629629629629,0.7899159663865546,-1.5933759910934835,2.252170211751538
586,0.9601648351648352,0.9317710270742366,0.12456268049069331,0.9807692307692307,0.7755102040816326,0.6986301369863014,0.987012987012987,0.816,-1.985424389116959,2.6459039143198417
587,0.9377858183828334,0.9092365726426641,0.13564565871140002,0.9292929292929293,0.7562189054726368,0.6524822695035462,0.9559748427672956,0.7666666666666667,-1.6280611358386683,2.2100004297708082
588,0.9162841323174482,0.8950386469124878,0.14258869583411332,0.8938053097345132,0.732620320855615,0.6688741721854304,0.9194630872483222,0.7651515151515151,-1.1735573427694128,1.8826300347949387
589,0.9602013677811551,0.9530546087043628,0.11644794119973331,0.9553571428571429,0.8085106382978723,0.7482517482517482,0.9681528662420382,0.8392156862745098,-1.5495058758221385,2.8118444833822553
590,0.9592817896389325,0.9383271851342906,0.12355226016626332,0.9807692307692307,0.7857142857142857,0.7083333333333334,0.9871794871794872,0.8225806451612904,-1.753676078932968,2.723161087931082
591,0.9520521299358101,0.9314909207208651,0.13095577946334666,0.9622641509433962,0.7422680412371134,0.6710526315789473,0.972972972972973,0.7906976744186046,-1.8270271080032454,2.507267279827827
592,0.9525550911854103,0.9303735458573604,0.12424271251415002,0.9642857142857143,0.7659574468085106,0.7105263157894737,0.972972972972973,0.8181818181818182,-1.432250340592035,2.540007389998074
593,0.9463762713669525,0.905668983672537,0.12321659443693,0.9101123595505618,0.8056872037914692,0.6639344262295082,0.9550561797752809,0.7677725118483413,-1.4872776700578416,2.2223359961345035
594,0.9697802197802198,0.9528705247252691,0.11441065933821998,0.9711538461538461,0.8010204081632653,0.7214285714285714,0.98125,0.8278688524590164,-1.8111516347679477,3.1423721916894896
595,0.9673273155416012,0.9450943824817988,0.11643123009578332,0.9807692307692307,0.7857142857142857,0.7083333333333334,0.9871794871794872,0.8225806451612904,-1.8680890142350468,2.7114976257569676
596,0.9460443381873507,0.9177960970867571,0.13608133791642002,0.9302325581395349,0.780373831775701,0.6299212598425197,0.9653179190751445,0.7511737089201878,-1.9253655822389113,2.5258446856822525
597,0.9669696401799099,0.9567962573447526,0.10725568932920335,0.9655172413793104,0.8152173913043478,0.7671232876712328,0.974025974025974,0.8549618320610687,-1.3852375129563705,2.8586891013713025
598,0.9651580963056372,0.9622681368728017,0.11662616945386332,0.9572649572649573,0.7759562841530054,0.7320261437908496,0.9659863945578231,0.8296296296296296,-1.889931308605996,2.8560160592035033
599,0.9562341956817739,0.9336204598582012,0.13605891531291,0.9811320754716981,0.7164948453608248,0.6540880503144654,0.9858156028368794,0.7849056603773585,-2.08410932566036,2.6439011560865997
600,0.9426908333727699,0.9255100832536652,0.12923946905960998,0.9469026548672567,0.7700534759358288,0.7133333333333334,0.96,0.8136882129277566,-1.497397282911582,2.184663272149539
601,0.9546246081894623,0.9302481745374349,0.12214674414958665,0.9702970297029703,0.7738693467336684,0.6853146853146853,0.9808917197452229,0.8032786885245902,-1.7053075596056173,2.3841982394366497
602,0.9551165288870207,0.9450148499657677,0.12110432739454334,0.9572649572649573,0.7868852459016393,0.7417218543046358,0.9664429530201343,0.835820895522388,-1.6156624109175572,2.617407290966351
603,0.9270505287896593,0.9154679180062975,0.13942897220227002,0.9217391304347826,0.745945945945946,0.6928104575163399,0.9387755102040817,0.7910447761194029,-1.3381059510151518,2.026111749317884
604,0.9565176778291532,0.9429606598849385,0.12456906355794667,0.9743589743589743,0.7595628415300546,0.7215189873417721,0.9788732394366197,0.8290909090909091,-1.6415145522625296,2.6366065780068153
605,0.9596650717703349,0.935467024730323,0.11409769947128334,0.9636363636363636,0.7947368421052632,0.7310344827586207,0.9741935483870968,0.8313725490196079,-1.5099909185812932,2.4620146649677705
606,0.9347527472527473,0.9101814469383233,0.12679330372782,0.9326923076923077,0.7959183673469388,0.708029197080292,0.9570552147239264,0.8049792531120332,-1.2431561166479825,2.131769926479503
607,0.9554062009419153,0.9301646020954836,0.13362639738893334,0.9711538461538461,0.7755102040816326,0.696551724137931,0.9806451612903225,0.8112449799196787,-1.9249974858620282,2.8137611920710364
608,0.956043956043956,0.9337369380477819,0.11696667620851668,0.9519230769230769,0.7959183673469388,0.7122302158273381,0.968944099378882,0.8148148148148148,-1.478332830247485,2.496740621028489
609,0.9324003680209191,0.8966090131432212,0.13643267228196,0.9532710280373832,0.7668393782383419,0.6938775510204082,0.9673202614379085,0.8031496062992126,-1.4274038239230824,1.9900606378410002
610,0.9396487387432211,0.9125685444477432,0.13962736183683,0.9504950495049505,0.7336683417085427,0.6442953020134228,0.9668874172185431,0.768,-1.7249490137232615,2.234868763499003
611,0.9684887123745819,0.9477124543497936,0.12852765407171332,0.9782608695652174,0.7596153846153846,0.6428571428571429,0.9875,0.7758620689655172,-2.4653119022157948,2.9631718301656793
612,0.9510920941340365,0.9175940991169499,0.12689225664957,0.9603960396039604,0.7939698492462312,0.7028985507246377,0.9753086419753086,0.8117154811715481,-1.6054594237204163,2.4586969743301563
613,0.9444444444444445,0.9267196006520262,0.13642268792294998,0.9537037037037037,0.75,0.6821192052980133,0.9664429530201343,0.7953667953667953,-1.7511514369355263,2.532188826104834
614,0.9765550239234451,0.9600584869184632,0.10605374834704666,1.0,0.8157894736842105,0.7586206896551724,1.0,0.8627450980392157,-1.9282811266038438,3.2850288859031123
615,0.9379919760296582,0.9116739506511015,0.13444983880774666,0.9381443298969072,0.7684729064039408,0.6594202898550725,0.9629629629629629,0.774468085106383,-1.6405077389208351,2.0659638479923763
616,0.9515055936129317,0.9268898881831243,0.12150962157025333,0.941747572815534,0.8121827411167513,0.7238805970149254,0.963855421686747,0.8185654008438819,-1.4836631635632453,2.4057249751044822
617,0.9507935718194935,0.922138707004781,0.1314404088275,0.9603960396039604,0.7839195979899497,0.6928571428571428,0.975,0.8049792531120332,-1.668546713737755,2.579966697589488
618,0.956098956098956,0.9353764705604851,0.12585048422172998,0.972972972972973,0.7619047619047619,0.7058823529411765,0.9795918367346939,0.8181818181818182,-1.8730618241286707,2.5058732773973635
619,0.9747023809523809,0.9417833068698267,0.12376559778354335,1.0,0.7592592592592593,0.6176470588235294,1.0,0.7636363636363637,-2.5147898929280568,3.2271741686124757
620,0.9654140502354788,0.9547762516624638,0.11594445773685334,0.9615384615384616,0.7908163265306123,0.7092198581560284,0.9748427672955975,0.8163265306122449,-1.8690244678474237,2.834391311018415
621,0.9605345988087745,0.945146096789803,0.12442021928953001,0.9719626168224299,0.7616580310880829,0.6933333333333334,0.98,0.8093385214007782,-1.7218767437203537,2.7481801077879284
622,0.9563383045525903,0.9331645478090469,0.13045579705577,0.9711538461538461,0.7704081632653061,0.6917808219178082,0.9805194805194806,0.808,-1.9287447037754712,2.946786919105601
623,0.9457653382402789,0.9188855744907506,0.12991909364606333,0.9626168224299065,0.7875647668393783,0.7152777777777778,0.9743589743589743,0.8207171314741036,-1.567889543695409,2.3708173506948187
624,0.9452736318407959,0.9215247150360335,0.12377072211809001,0.9191919191919192,0.8059701492537313,0.7,0.9529411764705882,0.7947598253275109,-1.4963887566348835,2.180145407552973
625,0.9372135429500764,0.9180357707951627,0.13007726477737333,0.9320388349514563,0.8020304568527918,0.7111111111111111,0.9575757575757575,0.8067226890756303,-1.3879159158519734,2.2335228788165313
626,0.9559056630962102,0.9489337813339662,0.12152007588512333,0.944954128440367,0.806282722513089,0.7357142857142858,0.9625,0.8273092369477911,-1.6894847986309725,2.687693058462669
627,0.9377175211677314,0.8941854350141532,0.1295831345630033,0.9354838709677419,0.8115942028985508,0.6904761904761905,0.9655172413793104,0.7945205479452054,-1.5088420576043597,2.115699939000007
628,0.9627061469265368,0.9542708860718756,0.11505442120331001,0.9568965517241379,0.7663043478260869,0.7207792207792207,0.9657534246575342,0.8222222222222222,-1.4992709993746476,2.909659435429278
629,0.9514762516046213,0.9199526654192364,0.12849132292166002,0.9473684210526315,0.7804878048780488,0.6666666666666666,0.9696969696969697,0.782608695652174,-1.7712160597074653,2.5190961247946597
630,0.9598930481283422,0.9327290594247025,0.11744628472881334,0.9607843137254902,0.8181818181818182,0.7313432835820896,0.9759036144578314,0.8305084745762712,-1.6148201872624268,2.6719614929030695
631,0.939423672794877,0.8943764706012811,0.13104767306737333,0.9468085106382979,0.7912621359223301,0.6742424242424242,0.9702380952380952,0.7876106194690266,-1.4213396214256628,2.217187109904891
632,0.9542938398253009,0.9288733063824657,0.12485598820496,0.9381443298969072,0.7980295566502463,0.6893939393939394,0.9642857142857143,0.7947598253275109,-1.7250721453653048,2.5015042390136437
633,0.9580532913866248,0.9382512545885803,0.11712202117709665,0.954954954954955,0.8095238095238095,0.7464788732394366,0.9683544303797469,0.8379446640316206,-1.475727705628878,2.504816434268397
634,0.9661935602406871,0.9581073056623594,0.10535641091914001,0.959349593495935,0.847457627118644,0.8137931034482758,0.967741935483871,0.8805970149253731,-1.308568030922392,2.6853575950239112
635,0.9356308179837591,0.909711766888158,0.13875535300473668,0.9313725490196079,0.7323232323232324,0.6418918918918919,0.9539473684210527,0.76,-1.5253107748587742,2.3287247886781937
636,0.951415273556231,0.938594457433908,0.12113474177718667,0.9553571428571429,0.8191489361702128,0.7588652482269503,0.9685534591194969,0.8458498023715415,-1.2966434120103807,2.5683960598845488
637,0.9442610024148638,0.9263645467100494,0.12949968318841,0.941747572815534,0.7614213197969543,0.6736111111111112,0.9615384615384616,0.7854251012145749,-1.53066280155987,2.419257302428988
638,0.9518229166666666,0.9316777403192568,0.12726331538418334,0.9537037037037037,0.75,0.6821192052980133,0.9664429530201343,0.7953667953667953,-1.659804195710265,2.4379055164532115
639,0.9588995215311005,0.9458830877724114,0.11755126728551,0.9636363636363636,0.8105263157894737,0.7464788732394366,0.9746835443037974,0.8412698412698413,-1.633142043592488,2.707118246049374
640,0.956975999211473,0.940564203445788,0.12897959063487335,0.9611650485436893,0.7411167512690355,0.66,0.9733333333333334,0.782608695652174,-1.8877363107753455,2.7193976391358565
641,0.9325316642846583,0.9059123767231114,0.13372896098983666,0.9223300970873787,0.7411167512690355,0.6506849315068494,0.948051948051948,0.7630522088353414,-1.4319181805984416,1.9558245003193704
642,0.9592185592185593,0.9292636573368647,0.13155607731455332,0.9904761904761905,0.7384615384615385,0.6709677419354839,0.993103448275862,0.8,-2.10296916679154,2.8957593352306765
643,0.9258643617021276,0.9003454833433794,0.13940431610641332,0.9464285714285714,0.7287234042553191,0.6751592356687898,0.958041958041958,0.7881040892193308,-1.2998347492850917,2.07301675865465
644,0.956179441473559,0.9407043771761566,0.11578058161910666,0.9411764705882353,0.8080808080808081,0.7164179104477612,0.963855421686747,0.8135593220338984,-1.5400786425443673,2.4341998857226277
645,0.9702970297029703,0.948351279161902,0.109978308187,0.9801980198019802,0.8241206030150754,0.7388059701492538,0.9879518072289156,0.8425531914893617,-1.6231989728721246,3.26296692746274
646,0.9428613110289826,0.9133110873330536,0.12698692353330665,0.9433962264150944,0.7938144329896907,0.7142857142857143,0.9625,0.8130081300813008,-1.3551072238783242,2.447461347069761
647,0.9320023148148149,0.8964789544809274,0.13363782439029667,0.9351851851851852,0.7760416666666666,0.7013888888888888,0.9551282051282052,0.8015873015873016,-1.1488040181249102,2.200917510816941
648,0.9490493166963756,0.9189730402088763,0.12486233216441667,0.9509803921568627,0.797979797979798,0.708029197080292,0.9693251533742331,0.8117154811715481,-1.551876338873918,2.2226236514844286
649,0.9532781862745099,0.9263381507770482,0.12864913340184667,0.9375,0.7941176470588235,0.6818181818181818,0.9642857142857143,0.7894736842105263,-1.8958685741145682,2.628192863792678
650,0.9762148962148961,0.9593264805368557,0.11718806881660332,0.9904761904761905,0.8102564102564103,0.7375886524822695,0.9937106918238994,0.8455284552845529,-2.171903030581434,3.1229336677408543
651,0.9632499999999999,0.9416068893482398,0.13595898413689,0.98,0.73,0.6447368421052632,0.9864864864864865,0.7777777777777778,-2.3580412461410347,2.977937233294682
652,0.9495192307692308,0.9062439072056044,0.12398479095643333,0.9565217391304348,0.8221153846153846,0.704,0.9771428571428571,0.8110599078341014,-1.5829698803180383,2.3408976308681995
653,0.9285239361702127,0.9113307014397214,0.13784393909159334,0.9196428571428571,0.7553191489361702,0.6912751677852349,0.9403973509933775,0.789272030651341,-1.333505325920691,2.0136485823745893
654,0.947211557890483,0.9236047399058044,0.12598358139725335,0.9387755102040817,0.801980198019802,0.696969696969697,0.9642857142857143,0.8,-1.6158529517414537,2.3941537715164287
655,0.9593950593269792,0.9465511402881451,0.11748594334316333,0.9528301886792453,0.788659793814433,0.7112676056338029,0.9683544303797469,0.8145161290322581,-1.6010206650574572,2.696350210431211
656,0.9603190040848085,0.9522272633262652,0.12144296645299998,0.9528301886792453,0.7525773195876289,0.6778523489932886,0.9668874172185431,0.792156862745098,-1.942602245290751,2.9135508547476596
657,0.9443610478911433,0.914990146525961,0.13175569220974,0.9626168224299065,0.7461139896373057,0.6776315789473685,0.972972972972973,0.7953667953667953,-1.5703096846114537,2.377654529403516
658,0.9349213528318007,0.9028065216109584,0.13370407350117333,0.9393939393939394,0.7313432835820896,0.6326530612244898,0.9607843137254902,0.7560975609756098,-1.4708076305410598,2.054469665283643
659,0.9590168097100198,0.9432536447236927,0.12131607704259001,0.9381443298969072,0.7832512315270936,0.674074074074074,0.9636363636363636,0.7844827586206896,-1.8931522442659017,2.6723578742897
660,0.9483065953654188,0.920229594848151,0.13478169856402003,0.9705882352941176,0.7727272727272727,0.6875,0.9807692307692307,0.8048780487804879,-1.6798081853443863,2.4120445344546004
661,0.9474648445236681,0.9066930035289529,0.13021177783725668,0.9607843137254902,0.7828282828282829,0.6950354609929078,0.9748427672955975,0.8065843621399177,-1.6579681273222913,2.4124862929877255
662,0.968208826367376,0.9403418002630235,0.12858042989453,1.0,0.7684729064039408,0.6736111111111112,1.0,0.8049792531120332,-2.355693727140159,3.1192815459545042
663,0.923076923076923,0.8980458827139757,0.13336595106980667,0.8952380952380953,0.7794871794871795,0.6861313868613139,0.9325153374233128,0.7768595041322314,-1.1915713578842142,2.039285511739339
664,0.9390196459832717,0.9005123037201569,0.13741323108228334,0.9716981132075472,0.7628865979381443,0.6912751677852349,0.9801324503311258,0.807843137254902,-1.5361127821988099,2.464154881012962
665,0.9470003858024691,0.9298245066800115,0.12076060351412,0.9351851851851852,0.78125,0.7062937062937062,0.9554140127388535,0.8047808764940239,-1.435605618402349,2.244683069694089
666,0.9388782489740083,0.897788494911408,0.14152388349169,0.9411764705882353,0.7767441860465116,0.625,0.9709302325581395,0.7511737089201878,-1.8819068529074798,2.53931770211169
667,0.9475970295642427,0.9328965521781543,0.12707194668103,0.9572649572649573,0.7595628415300546,0.717948717948718,0.9652777777777778,0.8205128205128205,-1.5035391070779645,2.343708026621762
668,0.9590935380409065,0.9327874851737804,0.12795449381410665,0.967032967032967,0.784688995215311,0.6616541353383458,0.9820359281437125,0.7857142857142857,-2.0296257021528348,2.776151007597933
669,0.9718630026267934,0.9652512030912419,0.11214696323017,0.9489795918367347,0.7772277227722773,0.6739130434782609,0.9691358024691358,0.788135593220339,-2.0270718162125094,3.3576406334681845
670,0.9306589128184909,0.8858693979084235,0.14414536022172,0.9514563106796117,0.7411167512690355,0.6577181208053692,0.9668874172185431,0.7777777777777778,-1.5644101782620266,2.2464791233008805
671,0.9627272727272728,0.9578717221389726,0.12140261219791,0.9545454545454546,0.7736842105263158,0.7094594594594594,0.9671052631578947,0.813953488372093,-2.0415534002751925,2.8390660492476143
672,0.9513410318495064,0.9383388243440929,0.12439673255350665,0.9576271186440678,0.7857142857142857,0.743421052631579,0.9662162162162162,0.837037037037037,-1.631426316031874,2.346281666129619
673,0.9697145061728395,0.9505401736371415,0.11774590623301333,0.9907407407407407,0.78125,0.7181208053691275,0.9933774834437086,0.8326848249027238,-2.086423947459758,2.915748819223997
674,0.9438997821350763,0.9315639070155897,0.12646092011444335,0.9313725490196079,0.8232323232323232,0.7307692307692307,0.9588235294117647,0.8189655172413793,-1.6122456543270305,2.3092666291499424
675,0.9377,0.9186026949374013,0.12306277247988,0.91,0.815,0.7109375,0.9476744186046512,0.7982456140350878,-1.2200647651906347,2.2693053273121033
676,0.9413587719723016,0.9166865350683295,0.13080210489424335,0.9345794392523364,0.7823834196891192,0.704225352112676,0.9556962025316456,0.8032128514056225,-1.5865780594821568,2.287763148423224
677,0.9544782878116211,0.9363189745163101,0.12171047102336999,0.963963963963964,0.783068783068783,0.722972972972973,0.9736842105263158,0.8262548262548263,-1.5387198804291353,2.4450832629185584
678,0.9549728842230958,0.9254170921667914,0.1360567826947467,0.9702970297029703,0.7386934673366834,0.6533333333333333,0.98,0.7808764940239044,-1.9602483716666332,3.0579577989825037
679,0.9578848413631023,0.9447949391244582,0.11757118060803667,0.9478260869565217,0.7891891891891892,0.7364864864864865,0.9605263157894737,0.8288973384030418,-1.5582055430301538,2.4143235341617895
680,0.9564569961489089,0.9325289973877107,0.12875792010028334,0.968421052631579,0.7853658536585366,0.6764705882352942,0.9817073170731707,0.7965367965367965,-1.9948752273254702,2.5502650830540365
681,0.9551456218122886,0.9335591052933379,0.11718472562302665,0.963963963963964,0.7724867724867724,0.7133333333333334,0.9733333333333334,0.8199233716475096,-1.4774541897568298,2.2193871696734493
682,0.9679168104085555,0.9546198057773941,0.11710506775473001,0.970873786407767,0.8071065989847716,0.7246376811594203,0.9814814814814815,0.8298755186721992,-1.8814007942273179,2.7118937939149728
683,0.9300233417623031,0.9093771201080038,0.13914021708005,0.9245283018867925,0.7577319587628866,0.6758620689655173,0.9483870967741935,0.7808764940239044,-1.4710236999143371,1.9890305687641558
684,0.953510990079751,0.9339488010456268,0.12539800572585,0.9528301886792453,0.7680412371134021,0.6917808219178082,0.9675324675324676,0.8015873015873016,-1.739439584606582,2.4337269480491437
685,0.9502840909090909,0.9436553893114361,0.12403386363855333,0.9516129032258065,0.7727272727272727,0.7468354430379747,0.9577464788732394,0.8368794326241135,-1.3395430284482779,2.628677762392611
686,0.9612166907663706,0.9188857391329252,0.13133213961826667,0.9787234042553191,0.7621359223300971,0.6524822695035462,0.9874213836477987,0.7829787234042553,-2.452728757546085,2.861793576813639
687,0.9436740121580548,0.9252506647202843,0.13321853249430002,0.9553571428571429,0.7553191489361702,0.6993464052287581,0.9659863945578231,0.8075471698113208,-1.5321921926236963,2.562886918161138
688,0.9609528116990803,0.9294600590913573,0.13027701754280666,0.9797979797979798,0.7661691542288557,0.6736111111111112,0.9871794871794872,0.7983539094650206,-2.128549007841118,2.662536708070735
689,0.9400073610599927,0.9052116658702376,0.13572710382294667,0.9340659340659341,0.7751196172248804,0.6439393939393939,0.9642857142857143,0.7623318385650224,-1.6277074969220116,2.339900325522752
690,0.9344081576408982,0.9262616457774241,0.12543073485779,0.9186991869918699,0.768361581920904,0.7337662337662337,0.9315068493150684,0.8158844765342961,-1.122726512918615,2.1162599253845213
691,0.9388987918399683,0.9071720054443637,0.13908058391665667,0.9411764705882353,0.7373737373737373,0.6486486486486487,0.9605263157894737,0.768,-1.7415310699624216,2.276881044062293
692,0.9477863209206492,0.9206503935007129,0.1378885003361,0.9595959595959596,0.736318407960199,0.6418918918918919,0.9736842105263158,0.7692307692307693,-1.8751761446515498,2.4118242740982967
693,0.9498509964611659,0.9406130266563945,0.12245523352765667,0.9491525423728814,0.7692307692307693,0.7272727272727273,0.958904109589041,0.8235294117647058,-1.3290844476074783,2.3809310487075273
694,0.9646031746031746,0.9236310683227855,0.12452812613568,0.9888888888888889,0.780952380952381,0.6592592592592592,0.9939393939393939,0.7911111111111111,-2.078474114606533,2.619306058960715
695,0.9464294688175285,0.9232425000649885,0.13003418104938003,0.9292929292929293,0.7860696517412935,0.6814814814814815,0.9575757575757575,0.7863247863247863,-1.674204623586336,2.458728091563718
696,0.9460807230793207,0.9120345847367483,0.13130002193346332,0.946236559139785,0.7584541062801933,0.6376811594202898,0.9691358024691358,0.7619047619047619,-1.7161264919348758,2.299514611866021
697,0.9638036523282424,0.957902845471118,0.11135453804780666,0.9572649572649573,0.819672131147541,0.7724137931034483,0.967741935483871,0.8549618320610687,-1.555011049346159,2.668006721984443
698,0.9223113487819371,0.8667378962825458,0.1412945345890433,0.9411764705882353,0.7626262626262627,0.6713286713286714,0.9617834394904459,0.7836734693877551,-1.4177890538856939,1.984602810132246
699,0.9497924297924297,0.9220902828802745,0.13129979775769668,0.9523809523809523,0.7794871794871795,0.6993006993006993,0.9681528662420382,0.8064516129032258,-1.69678814835994,2.4818065585338287
700,0.9776443109776443,0.9702731227596312,0.10561299837128,0.972972972972973,0.8148148148148148,0.7552447552447552,0.9808917197452229,0.8503937007874016,-1.9160958498808411,3.5432510172019205
701,0.9231934125218871,0.901895850025978,0.14280036326360332,0.9292035398230089,0.7379679144385026,0.6818181818181818,0.9452054794520548,0.7865168539325843,-1.3143764085166407,1.9524009831969862
702,0.9426601080246914,0.9158106742364258,0.13294289394693,0.9629629629629629,0.7291666666666666,0.6666666666666666,0.9722222222222222,0.7878787878787878,-1.6522596706459958,2.1954513296557105
703,0.9607443156375939,0.9384637408018134,0.11540127072125,0.9603960396039604,0.8241206030150754,0.7348484848484849,0.9761904761904762,0.8326180257510729,-1.707115938495912,2.4197655909934173
704,0.9186535764375877,0.8789774036451165,0.14827493195269,0.9139784946236559,0.748792270531401,0.6204379562043796,0.950920245398773,0.7391304347826086,-1.5474024694372166,2.013911825581024
705,0.9370873420109413,0.9170808417392095,0.12625883892864667,0.9298245614035088,0.8010752688172043,0.7412587412587412,0.9490445859872612,0.8249027237354085,-1.1413486062807692,2.0851284600166666
706,0.9689865689865689,0.9527866709649921,0.11228034195740667,0.9714285714285714,0.8153846153846154,0.7391304347826086,0.9814814814814815,0.8395061728395061,-1.7830817123918845,3.0365716017390625
707,0.9427,0.9164384530779878,0.12857537840608002,0.95,0.765,0.6690140845070423,0.9683544303797469,0.7851239669421488,-1.4912089550271495,2.2958058571153233
708,0.9611233211233211,0.9415834178942903,0.12297386744845668,0.9714285714285714,0.7897435897435897,0.7132867132867133,0.9808917197452229,0.8225806451612904,-1.7739233941983992,2.732793637267318
709,0.9627620938453344,0.9544608556567327,0.11548424866122665,0.9532710280373832,0.7979274611398963,0.723404255319149,0.9685534591194969,0.8225806451612904,-1.7005552014544942,2.676689966995043
710,0.9675358478065401,0.9495767356882029,0.11404342557655667,0.9734513274336283,0.7914438502673797,0.738255033557047,0.9801324503311258,0.8396946564885496,-1.9470962742698192,2.7764422165462004
711,0.9605813069908815,0.9522524588642745,0.11460418378563667,0.9553571428571429,0.7978723404255319,0.7379310344827587,0.967741935483871,0.8326848249027238,-1.452424644279449,2.643618246664304
712,0.9620583948942157,0.9267896186817681,0.12006657980787001,0.9797979797979798,0.8059701492537313,0.7132352941176471,0.9878048780487805,0.825531914893617,-1.8340240450144711,2.382432150545256
713,0.9527925531914894,0.9292828628275256,0.1226975900699267,0.9642857142857143,0.776595744680851,0.72,0.9733333333333334,0.8244274809160306,-1.5097436755714655,2.493242170715211
714,0.9567418981481481,0.9414391682386483,0.11981433022601,0.9537037037037037,0.8177083333333334,0.7463768115942029,0.9691358024691358,0.8373983739837398,-1.3880370616371815,2.6792641434110402
715,0.9387406402331776,0.9132062010979075,0.1417938118808,0.9393939393939394,0.736318407960199,0.636986301369863,0.961038961038961,0.7591836734693878,-1.8116871870141853,2.270385119560663
716,0.9450874049682824,0.9221944145901779,0.12734843770662335,0.9532710280373832,0.772020725388601,0.6986301369863014,0.9675324675324676,0.8063241106719368,-1.5055747871737455,2.259975871548461
717,0.9604895637600934,0.9346746030071352,0.12781878410399666,0.979381443298969,0.7783251231527094,0.6785714285714286,0.9875,0.8016877637130801,-1.9452098606067705,2.9285374348169024
718,0.9340305711987128,0.9236924007262909,0.12965608461196335,0.911504424778761,0.7700534759358288,0.7054794520547946,0.935064935064935,0.7953667953667953,-1.2143228529706616,2.0855777885455105
719,0.9596157818632514,0.9150741870672155,0.12196103359732,0.9893617021276596,0.7912621359223301,0.6838235294117647,0.9939024390243902,0.808695652173913,-1.9236353462282065,2.6392378262095253
720,0.9522677757971876,0.933973435848469,0.13009023645258,0.9607843137254902,0.7575757575757576,0.6712328767123288,0.974025974025974,0.7903225806451613,-1.6882918809373164,2.811863602108691
721,0.9444926697530864,0.9274120892101634,0.12921382684640334,0.9351851851851852,0.7552083333333334,0.6824324324324325,0.9539473684210527,0.7890625,-1.5120366277261268,2.2427478436631003
722,0.9198334200937012,0.8978052593975939,0.1328025795757,0.911504424778761,0.7807486631016043,0.7152777777777778,0.9358974358974359,0.8015564202334631,-0.9703577839153962,1.9336020067198196
723,0.8956117021276595,0.8777655406753397,0.15790432729125337,0.8928571428571429,0.6861702127659575,0.6289308176100629,0.9148936170212766,0.7380073800738007,-1.2411472346526442,1.6796282629356962
724,0.9186938195114519,0.8676094932797401,0.15046543437323331,0.9278350515463918,0.729064039408867,0.6206896551724138,0.9548387096774194,0.743801652892562,-1.5697745668052552,1.9418698918572617
725,0.9653260030864198,0.9504591947376166,0.11523853163317668,0.9629629629629629,0.8333333333333334,0.7647058823529411,0.975609756097561,0.8524590163934426,-1.731946581186465,2.7082128249953916
726,0.9235885167464114,0.8919658829563173,0.13929600331454003,0.9363636363636364,0.7684210526315789,0.7006802721088435,0.954248366013072,0.8015564202334631,-1.306339820439471,1.9872854077587603
727,0.9543791806020068,0.9252845033574348,0.12374668247453334,0.9456521739130435,0.7836538461538461,0.6590909090909091,0.9702380952380952,0.7767857142857143,-1.6823079279030657,2.680787127556673
728,0.9512573443008226,0.9458954150327804,0.12058937625396998,0.9304347826086956,0.8108108108108109,0.7535211267605634,0.9493670886075949,0.8326848249027238,-1.3984379565743716,2.4417151743783356
729,0.9502735202799272,0.928353505744741,0.12060728853124668,0.941747572815534,0.8071065989847716,0.7185185185185186,0.9636363636363636,0.8151260504201681,-1.5348179694545567,2.206529008199758
730,0.9444444444444444,0.9328226369442112,0.12613246017586335,0.95,0.7611111111111111,0.7261146496815286,0.958041958041958,0.8231046931407943,-1.3875902542889114,2.15693045727328
731,0.9624856958057615,0.9466863539407617,0.12294329537313,0.9603960396039604,0.7587939698492462,0.6689655172413793,0.9741935483870968,0.7886178861788617,-1.9682571030855616,2.8190055116538573
732,0.9555283557731539,0.9509713455503015,0.11522073598512667,0.9457364341085271,0.7894736842105263,0.7721518987341772,0.9507042253521126,0.8501742160278746,-1.1682021925724633,2.50592166633541
733,0.9457887733477898,0.9246443343231365,0.12558209326176667,0.9320388349514563,0.7715736040609137,0.6808510638297872,0.9559748427672956,0.7868852459016393,-1.4956393699358925,2.2344290183687323
734,0.9402070668693009,0.9328423100008307,0.12796574973604666,0.9285714285714286,0.7659574468085106,0.7027027027027027,0.9473684210526315,0.8,-1.4208930653390932,2.130485081081787
735,0.9479444094716963,0.92632157706744,0.13350100319581665,0.9719626168224299,0.7772020725388601,0.7074829931972789,0.9803921568627451,0.8188976377952756,-1.7237004831696878,2.4990334665841067
736,0.9505604103343466,0.9282963376687782,0.11772840604686668,0.9553571428571429,0.8297872340425532,0.7697841726618705,0.968944099378882,0.852589641434263,-1.0819127668484219,2.483165633983464
737,0.9141745807233784,0.8829235582499019,0.13769711093808,0.8877551020408163,0.7772277227722773,0.6590909090909091,0.9345238095238095,0.7565217391304347,-1.2095366460424766,1.7834410623181922
738,0.9699764521193093,0.953497995446465,0.11553439986206333,0.9711538461538461,0.7908163265306123,0.7112676056338029,0.9810126582278481,0.8211382113821138,-1.9454474471945347,3.112132032123947
739,0.9266863590140914,0.9008591254479096,0.13821104689111666,0.9252336448598131,0.7461139896373057,0.668918918918919,0.9473684210526315,0.7764705882352941,-1.3346080658333208,2.208139809545295
740,0.9502929884825216,0.9303159804857268,0.13069017313256334,0.9489795918367347,0.7475247524752475,0.6458333333333334,0.967948717948718,0.768595041322314,-1.779515078906993,2.664081375233794
741,0.95144037016767,0.9307408727313918,0.12519537769108666,0.9504950495049505,0.7788944723618091,0.6857142857142857,0.96875,0.7966804979253111,-1.5813566940192,2.320086136820236
742,0.9518471813553782,0.9377362704472672,0.12387567683819668,0.9743589743589743,0.7704918032786885,0.7307692307692307,0.9791666666666666,0.8351648351648352,-1.3335006450259559,2.5354010063263415
743,0.9421296296296295,0.9271282850419355,0.13357011880682998,0.9444444444444444,0.7760416666666666,0.7034482758620689,0.9612903225806452,0.8063241106719368,-1.5249785876616957,2.443473248871279
744,0.979948741142771,0.961346429428909,0.11496448767244002,1.0,0.8059701492537313,0.717391304347826,1.0,0.8354430379746836,-2.338859168584593,3.6821845952456154
745,0.9363450690527134,0.9159230701214038,0.13432041844923664,0.9339622641509434,0.7422680412371134,0.6644295302013423,0.9536423841059603,0.7764705882352941,-1.495486691072068,2.1488130407283093
746,0.9426211693110194,0.900413935185495,0.1345349870498933,0.9418604651162791,0.7850467289719626,0.6377952755905512,0.9710982658959537,0.7605633802816901,-1.7912825084417876,2.2547666949655087
747,0.9448160535117056,0.8992168882895551,0.14360563060394332,0.9782608695652174,0.7211538461538461,0.6081081081081081,0.9868421052631579,0.75,-1.9730330138129464,2.607846654755833
748,0.9374609731495268,0.9016792517866182,0.12856154013992002,0.9541284403669725,0.7958115183246073,0.7272727272727273,0.9681528662420382,0.8253968253968254,-1.3353749087436404,2.062305284940073
749,0.9589255852842808,0.9264998961228025,0.12762718597446002,0.967391304347826,0.7788461538461539,0.6592592592592592,0.9818181818181818,0.7841409691629956,-1.9480989003511426,2.8648521469273702
750,0.958048780487805,0.923420008481071,0.12440320926511002,0.9789473684210527,0.7902439024390244,0.6838235294117647,0.9878048780487805,0.8051948051948052,-1.7857987071929218,2.5162268205337823
751,0.9105738705738706,0.8690799914002078,0.15072472969510334,0.9333333333333333,0.6923076923076923,0.620253164556962,0.9507042253521126,0.7452471482889734,-1.313681579186671,1.8726406364893007
752,0.9262212402132667,0.8998919989453065,0.13431497946887,0.9357798165137615,0.7539267015706806,0.6845637583892618,0.9536423841059603,0.7906976744186046,-1.2638226508040113,1.9039460256295557
753,0.9570707070707071,0.9427684673918636,0.13539938590448666,0.9607843137254902,0.7121212121212122,0.632258064516129,0.9724137931034482,0.7626459143968871,-2.102695204983891,2.828508010201588
754,0.9338773073287228,0.9138332850901304,0.1334466369222133,0.9207920792079208,0.7688442211055276,0.6690647482014388,0.9503105590062112,0.775,-1.4340479608923153,2.091646239139342
755,0.9455337690631809,0.928997009563149,0.12040115377961333,0.9313725490196079,0.8282828282828283,0.7364341085271318,0.9590643274853801,0.8225108225108225,-1.3515744302715424,2.2606987617817893
756,0.952200956937799,0.9382735800364401,0.12347565753512332,0.9454545454545454,0.8,0.7323943661971831,0.9620253164556962,0.8253968253968254,-1.5407171408399412,2.4070719927332145
757,0.9584741394123375,0.9150267925591272,0.12141250138355,0.9620253164556962,0.8235294117647058,0.6608695652173913,0.9837837837837838,0.7835051546391752,-1.8482768130835763,2.5931985622410383
758,0.9636381172839505,0.949715614827727,0.12105593201583666,0.9629629629629629,0.78125,0.7123287671232876,0.974025974025974,0.8188976377952756,-1.9153795901236816,2.8481847346378495
759,0.9712744309308599,0.9604884231710566,0.10584119949589668,0.9734513274336283,0.8342245989304813,0.7801418439716312,0.9811320754716981,0.8661417322834646,-1.5977669184699461,2.8781325820101524
760,0.9290716803760282,0.9093093017660261,0.12922236607856333,0.9304347826086956,0.7837837837837838,0.7278911564625851,0.9477124183006536,0.816793893129771,-1.1419577666129312,1.9454589632425912
761,0.9553376906318083,0.9393450484986067,0.12188164194086333,0.9509803921568627,0.803030303030303,0.7132352941176471,0.9695121951219512,0.8151260504201681,-1.699986085771368,2.703028443656593
762,0.9648253532182104,0.9484435734366012,0.12348960607832997,0.9711538461538461,0.7448979591836735,0.6688741721854304,0.9798657718120806,0.792156862745098,-2.0435781289719865,2.944771929666398
763,0.931146493423505,0.8841312861545847,0.14313907476122334,0.9438202247191011,0.7345971563981043,0.6,0.96875,0.7336244541484717,-1.6803913341480612,2.2720653539573545
764,0.9469034954407295,0.9322142492523433,0.13124641592122666,0.9464285714285714,0.7659574468085106,0.7066666666666667,0.96,0.8091603053435115,-1.6097969993944898,2.402621911497987
765,0.9212111928104575,0.8834085548332323,0.14083105687304334,0.9270833333333334,0.7598039215686274,0.644927536231884,0.9567901234567902,0.7606837606837606,-1.371299980755139,1.9524138440566643
766,0.9324547753355379,0.9175309935813956,0.13709181030366333,0.9150943396226415,0.7577319587628866,0.6736111111111112,0.9423076923076923,0.776,-1.410802513234692,2.12259316289417
767,0.95405,0.9341206562554308,0.12372506914957668,0.95,0.78,0.6834532374100719,0.968944099378882,0.7949790794979079,-1.6759036733558705,2.4794125737742574
768,0.9512527783390584,0.9278530035887554,0.12898429644437,0.9489795918367347,0.7772277227722773,0.6739130434782609,0.9691358024691358,0.788135593220339,-1.8003149822512896,2.3513284937163292
769,0.9426336375488918,0.9309917998225765,0.13263167267300666,0.9576271186440678,0.7472527472527473,0.710691823899371,0.9645390070921985,0.8158844765342961,-1.477862763790957,2.312025111954234
770,0.9254394827237826,0.8953520169167698,0.13442280974383,0.9081632653061225,0.7821782178217822,0.6691729323308271,0.9461077844311377,0.7705627705627706,-1.2515607192900604,2.1159246184505403
771,0.9656699338275536,0.9446885900773206,0.11765596448646003,0.9603960396039604,0.7889447236180904,0.697841726618705,0.9751552795031055,0.8083333333333333,-1.8973635341564081,2.896364327523194
772,0.9540998217468806,0.9390535852768138,0.11074175065084332,0.9313725490196079,0.8686868686868687,0.7851239669421488,0.9608938547486033,0.852017937219731,-1.4316538387707007,2.4975118440403152
773,0.9483514858804396,0.9178326438223563,0.13062565519410335,0.970873786407767,0.7715736040609137,0.6896551724137931,0.9806451612903225,0.8064516129032258,-1.6274948491753958,2.3827091531808797
774,0.959947736067139,0.9324613793280369,0.12380594985125663,0.9696969696969697,0.7910447761194029,0.6956521739130435,0.9814814814814815,0.810126582278481,-1.8952956556199576,2.710312714693802
775,0.9560279411025681,0.9307533881294038,0.12827468745177,0.9595959595959596,0.7761194029850746,0.6785714285714286,0.975,0.7949790794979079,-1.9617313755872325,2.348062531343862
776,0.9595871913580246,0.9463394433761287,0.12538206955984998,0.9722222222222222,0.7604166666666666,0.695364238410596,0.9798657718120806,0.8108108108108109,-1.9891467380264454,2.492879683945984
777,0.9639020863457963,0.9453717955033379,0.12031684382523002,0.9468085106382979,0.7961165048543689,0.6793893129770993,0.9704142011834319,0.7911111111111111,-1.9959808825985939,2.816836641270223
778,0.9692606209150327,0.9464651985014588,0.11679941080932667,0.96875,0.8137254901960784,0.7099236641221374,0.9822485207100592,0.8193832599118943,-2.023509709447165,2.8817586380522946
779,0.9603376721373326,0.949565606475906,0.11688612220453,0.9649122807017544,0.8225806451612904,0.7692307692307693,0.9745222929936306,0.8560311284046692,-1.5936829104945405,2.558950969730389
780,0.9590643274853801,0.9575542469872268,0.11443786095374667,0.9612403100775194,0.7953216374269005,0.779874213836478,0.9645390070921985,0.8611111111111112,-1.313282106248461,2.7727523435330474
781,0.9422359321359272,0.9037000086115561,0.13189316905082335,0.9504950495049505,0.7537688442211056,0.6620689655172414,0.967741935483871,0.7804878048780488,-1.5675718181445486,2.2452044481532876
782,0.9454456654456654,0.924479721064878,0.13131693149648332,0.9428571428571428,0.7589743589743589,0.678082191780822,0.961038961038961,0.7888446215139442,-1.5384097042814775,2.3802273538450933
783,0.9558451663100564,0.9315296152162785,0.12067386641116333,0.9622641509433962,0.8092783505154639,0.7338129496402878,0.9751552795031055,0.8326530612244898,-1.5980828451999631,2.385378975763056
784,0.922810191466908,0.8884142297445441,0.13710414514439997,0.9191919191919192,0.7860696517412935,0.6791044776119403,0.9518072289156626,0.7811158798283262,-1.3177529728977826,2.0268952759130046
785,0.9335813697120022,0.9223444672388434,0.1259772269624667,0.926829268292683,0.7909604519774012,0.7549668874172185,0.9395973154362416,0.8321167883211679,-1.0366452275864482,2.0120667274945148
786,0.943624614197531,0.9285368876072433,0.12730232249672,0.9351851851851852,0.7708333333333334,0.696551724137931,0.9548387096774194,0.7984189723320159,-1.4615484333188586,2.358716273597361
787,0.9632040895061729,0.9530019936952326,0.11196259529008666,0.9537037037037037,0.8072916666666666,0.7357142857142858,0.96875,0.8306451612903226,-1.7266626668891534,2.574721080712267
788,0.9593015001656334,0.9512648463994958,0.11925768894776667,0.9469026548672567,0.7593582887700535,0.7039473684210527,0.9594594594594594,0.8075471698113208,-1.7275185946905323,2.5985370194671678
789,0.9459259259259258,0.9108943660709099,0.13909889973322667,0.9666666666666667,0.7571428571428571,0.6304347826086957,0.9814814814814815,0.7631578947368421,-1.9472975347619612,2.375907455618997
790,0.9692405808477237,0.9485226612252399,0.11663888638595334,0.9807692307692307,0.7806122448979592,0.7034482758620689,0.9870967741935484,0.8192771084337349,-1.9593886970529544,3.0359357330065793
791,0.9632746350838918,0.9203436879961777,0.11358550812280001,0.978494623655914,0.855072463768116,0.7520661157024794,0.9888268156424581,0.8504672897196262,-1.6292832867669222,2.4732490416894057
792,0.9510346989966555,0.9281530588059608,0.12216810625498332,0.9456521739130435,0.8221153846153846,0.7016129032258065,0.9715909090909091,0.8055555555555556,-1.5282688208559096,2.6385072757952726
793,0.9593162393162393,0.9424239400300443,0.12625794607814,0.9714285714285714,0.764102564102564,0.6891891891891891,0.9802631578947368,0.8063241106719368,-1.8128168083883718,2.710321919572086
794,0.9508498377802528,0.9271777794556378,0.12402556145278666,0.9532710280373832,0.7772020725388601,0.7034482758620689,0.967741935483871,0.8095238095238095,-1.7112823298521511,2.2949997221571787
795,0.9589580209895052,0.9499152418110416,0.10760424216457667,0.9396551724137931,0.842391304347826,0.7898550724637681,0.9567901234567902,0.8582677165354331,-1.2770903261038296,2.44306217411929
796,0.9636795312184281,0.9422244708018124,0.12086480729881001,0.9693877551020408,0.8118811881188119,0.7142857142857143,0.9820359281437125,0.8225108225108225,-1.7193118712098066,2.8730670552086166
797,0.9610030654806775,0.9365687360671298,0.11613927455201667,0.9595959595959596,0.8308457711442786,0.7364341085271318,0.9766081871345029,0.8333333333333334,-1.6526087203534663,2.5590656735315407
798,0.93535,0.9022133219812248,0.13399676372180666,0.95,0.79,0.6934306569343066,0.9693251533742331,0.8016877637130801,-1.4398535460894495,2.1670923154464368
799,0.9548016860494641,0.9159240251435603,0.11573622696676333,0.9587628865979382,0.8275862068965517,0.7265625,0.9767441860465116,0.8266666666666667,-1.4907667266789026,2.309095295380107
800,0.9645544460744877,0.9388367055904425,0.11599252072385333,0.9911504424778761,0.8074866310160428,0.7567567567567568,0.993421052631579,0.8582375478927203,-1.5650823509282523,2.623206916619483
801,0.9532019704433498,0.9458392735163474,0.11215373778380335,0.9444444444444444,0.8218390804597702,0.7933333333333333,0.9533333333333334,0.8623188405797102,-1.05067374668587,2.3244419069942355
802,0.95243544454948,0.9236156098701097,0.12798814381101,0.9702970297029703,0.7788944723618091,0.6901408450704225,0.9810126582278481,0.8065843621399177,-1.5943625753380664,2.5988405604469738
803,0.9320472873900294,0.9135479393420848,0.13197587453816667,0.9274193548387096,0.7670454545454546,0.7371794871794872,0.9375,0.8214285714285714,-1.143491648337282,2.073371501956882
804,0.9438767650834403,0.9036432909778614,0.14191931598628665,0.968421052631579,0.7268292682926829,0.6216216216216216,0.9802631578947368,0.757201646090535,-1.8115359484940745,2.5271279706991923
805,0.9521426188092855,0.9452938928226631,0.11624083442156667,0.9279279279279279,0.8148148148148148,0.7463768115942029,0.9506172839506173,0.8273092369477911,-1.3766437337808457,2.3582527380733636
806,0.9130903298350825,0.895966368037955,0.14336973322374003,0.9137931034482759,0.7228260869565217,0.6751592356687898,0.9300699300699301,0.7765567765567766,-1.0371224653581759,1.9828377370016337
807,0.948853176774964,0.9220138565944306,0.12880050888385,0.9504950495049505,0.7638190954773869,0.6713286713286714,0.9681528662420382,0.7868852459016393,-1.6721888418868454,2.352640926809879
808,0.9408359497645212,0.9197853925886692,0.13400387209683998,0.9326923076923077,0.7755102040816326,0.6879432624113475,0.9559748427672956,0.7918367346938775,-1.6213478429577504,2.261942030888998
809,0.9377949377949377,0.9238476746825854,0.12794154909242667,0.918918918918919,0.8148148148148148,0.7445255474452555,0.9447852760736196,0.8225806451612904,-1.2938189206094952,2.183973381825025
810,0.933125,0.8820532260730046,0.13856119147563664,0.9375,0.759090909090909,0.5859375,0.9709302325581395,0.7211538461538461,-1.7153354219586372,2.2433720262004213
811,0.9504950495049506,0.9397169994004606,0.13049353113152332,0.9405940594059405,0.7437185929648241,0.6506849315068494,0.961038961038961,0.7692307692307693,-1.9122740433479204,2.499931892181144
812,0.968058608058608,0.9467969945717674,0.12041878056210668,0.9809523809523809,0.764102564102564,0.6912751677852349,0.9867549668874173,0.8110236220472441,-2.119794239522712,3.0135391698604908
813,0.9438316993464053,0.9092035494996181,0.13094501395747335,0.9583333333333334,0.7843137254901961,0.6764705882352942,0.975609756097561,0.7931034482758621,-1.6043109739352484,2.1132956077612604
814,0.9592441831247802,0.9375218303450016,0.13236143052257998,0.9696969696969697,0.7562189054726368,0.6620689655172414,0.9806451612903225,0.7868852459016393,-2.092437472191246,2.8518001122806287
815,0.93050962847695,0.9062539989743237,0.13809829825376,0.9339622641509434,0.7731958762886598,0.6923076923076923,0.9554140127388535,0.7951807228915663,-1.4128776384180106,2.156094061603555
816,0.9455229142185664,0.9301554338224379,0.12541233757766668,0.9391304347826087,0.7891891891891892,0.7346938775510204,0.954248366013072,0.8244274809160306,-1.3290742845902959,2.220762623031532
817,0.943590695946887,0.9364877511854183,0.13105797164090333,0.9327731092436975,0.7624309392265194,0.7207792207792207,0.9452054794520548,0.8131868131868132,-1.4463351096143218,2.4702317170992503
818,0.9412284144427002,0.9270612824226573,0.13548153173466668,0.9423076923076923,0.7397959183673469,0.6577181208053692,0.9602649006622517,0.7747035573122529,-1.6322526463573805,2.317584076380494
819,0.9570193768996961,0.9502851366771264,0.11790501811592999,0.9553571428571429,0.7925531914893617,0.7328767123287672,0.9675324675324676,0.8294573643410853,-1.591744564300662,2.5764859611583693
820,0.9685082056083978,0.9513922739089534,0.11136104973511332,0.9805825242718447,0.8324873096446701,0.753731343283582,0.9879518072289156,0.8523206751054853,-1.690685733467109,2.7438779828196735
821,0.9274095776924631,0.894676924361044,0.13844671887616333,0.9183673469387755,0.7425742574257426,0.6338028169014085,0.9493670886075949,0.75,-1.3837128249032857,2.3269161597697017
822,0.9538848784194529,0.9383234507060275,0.12433959011384668,0.9553571428571429,0.7446808510638298,0.6903225806451613,0.9655172413793104,0.8014981273408239,-1.642582610103744,2.5857040290952846
823,0.9425837320574163,0.9101374688365629,0.13218397584029667,0.945054945054945,0.7799043062200957,0.6515151515151515,0.9702380952380952,0.7713004484304933,-1.6621158095474853,2.328844865455777
824,0.9594289638932496,0.9362387899605825,0.12069730013708664,0.9615384615384616,0.8112244897959183,0.7299270072992701,0.9754601226993865,0.8298755186721992,-1.4594117353990659,2.866578789648263
825,0.9468085106382977,0.938394552001333,0.1261009006930333,0.9464285714285714,0.7978723404255319,0.7361111111111112,0.9615384615384616,0.828125,-1.5468757653215996,2.324197428260624
826,0.9504563233376793,0.9429567032597449,0.11590300804088334,0.9322033898305084,0.8021978021978022,0.7534246575342466,0.948051948051948,0.8333333333333334,-1.1702909279028726,2.430591144980135
827,0.9393382352941176,0.8883454593657008,0.12926891452832667,0.9479166666666666,0.7843137254901961,0.674074074074074,0.9696969696969697,0.7878787878787878,-1.3922957361220156,2.2978897977043795
828,0.9784852374839538,0.9617156075017403,0.11049714876241,0.9894736842105263,0.8048780487804879,0.7014925373134329,0.9939759036144579,0.8209606986899564,-2.4391449476414473,3.5104166218333175
829,0.932627436281859,0.9228359828781147,0.13873422534218666,0.9482758620689655,0.7282608695652174,0.6875,0.9571428571428572,0.7971014492753623,-1.426792695822844,2.195838562228788
830,0.953757225433526,0.947015080416014,0.11638408492805667,0.9448818897637795,0.8265895953757225,0.8,0.9533333333333334,0.8664259927797834,-1.1957788658255906,2.538568452564335
831,0.9565740740740741,0.9474176471580874,0.11434719858661666,0.9416666666666667,0.8222222222222222,0.7793103448275862,0.9548387096774194,0.8528301886792453,-1.266566002734723,2.5536260420347343
832,0.9377580974177819,0.9104493531755733,0.14149420023091666,0.9603960396039604,0.7587939698492462,0.6689655172413793,0.9741935483870968,0.7886178861788617,-1.5872687625641964,2.4270387192982996
833,0.946523556231003,0.9259187428816834,0.12907173431984334,0.9553571428571429,0.7659574468085106,0.7086092715231788,0.9664429530201343,0.8136882129277566,-1.5338212021804127,2.496929611294166
834,0.9486152819486153,0.9315144853426623,0.13035947712809,0.963963963963964,0.7142857142857143,0.6645962732919255,0.9712230215827338,0.7867647058823529,-1.6966953655068455,2.480149311331598
835,0.9529825227963525,0.9405235752771665,0.11391683725831332,0.9285714285714286,0.824468085106383,0.7591240875912408,0.950920245398773,0.8353413654618473,-1.3340739765784682,2.4709189635938116
836,0.945223378059199,0.9229910405186551,0.12309783162609333,0.9191919191919192,0.7860696517412935,0.6791044776119403,0.9518072289156626,0.7811158798283262,-1.4649008420749088,2.315980407876561
837,0.9469808541973491,0.9095895079948275,0.13009773021256998,0.9484536082474226,0.7733990147783252,0.6666666666666666,0.9691358024691358,0.7829787234042553,-1.6344840091123145,2.411085844210559
838,0.9593961478396668,0.936451665473679,0.12216762624528998,0.9734513274336283,0.7647058823529411,0.7142857142857143,0.9794520547945206,0.8239700374531835,-1.6900551650239588,2.808929391139895
839,0.9610728254796052,0.9552461771897205,0.12092307095093333,0.9661016949152542,0.7747252747252747,0.7354838709677419,0.9724137931034482,0.8351648351648352,-1.7590698036983567,2.858346066846063
840,0.9490777080062793,0.9306603284372087,0.12186117503055667,0.9326923076923077,0.8061224489795918,0.7185185185185186,0.9575757575757575,0.8117154811715481,-1.3960439744362403,2.26577705759034
841,0.942180509628477,0.9122762276286771,0.13429707351824666,0.9528301886792453,0.7319587628865979,0.6601307189542484,0.9659863945578231,0.7799227799227799,-1.5396809338776585,2.391463074126602
842,0.9560713016098725,0.9340998506820569,0.12648224370231667,0.9587628865979382,0.7684729064039408,0.6642857142857143,0.975,0.7848101265822784,-1.8287000272327227,2.602068425949926
843,0.9386712893553224,0.9254143592581151,0.12779700951638,0.9310344827586207,0.7663043478260869,0.7152317880794702,0.9463087248322147,0.8089887640449438,-1.2418552031738064,2.165867827103355
844,0.9536545240893067,0.9281319509272201,0.13464909248474,0.9826086956521739,0.7405405405405405,0.7018633540372671,0.9856115107913669,0.8188405797101449,-1.9479962396278718,2.7571324393929597
845,0.9278005026859198,0.8943207033682449,0.14857187620853332,0.941747572815534,0.7157360406091371,0.6339869281045751,0.9591836734693877,0.7578125,-1.700007999767221,2.257579250940211
846,0.9512087912087911,0.9360933711696349,0.12700003049844,0.9428571428571428,0.7794871794871795,0.6971830985915493,0.9620253164556962,0.8016194331983806,-1.5620575814770927,2.6859540076520085
847,0.9391848602828841,0.9103181459144081,0.13152499256225336,0.941747572815534,0.766497461928934,0.6783216783216783,0.9617834394904459,0.7886178861788617,-1.377472916189825,2.2079033675468778
848,0.9395332390381895,0.9095534044277768,0.1335753461688,0.9387755102040817,0.7475247524752475,0.6433566433566433,0.9617834394904459,0.7634854771784232,-1.5636801328779815,2.1849445998402857
849,0.9532314923619272,0.9351024134578914,0.11734904831290331,0.9478260869565217,0.8162162162162162,0.7622377622377622,0.9617834394904459,0.8449612403100775,-1.1524721575076622,2.385105225847533
850,0.9687,0.9597835173898585,0.11275941860955332,0.96,0.795,0.7007299270072993,0.9754601226993865,0.810126582278481,-2.0106043303111236,2.9163564202023986
851,0.9540773172794667,0.9244948774890432,0.12625954205200665,0.9702970297029703,0.7738693467336684,0.6853146853146853,0.9808917197452229,0.8032786885245902,-1.7156763067691327,2.545134603797702
852,0.9651136363636365,0.9236445027391257,0.14293995184022,1.0,0.7545454545454545,0.5970149253731343,1.0,0.7476635514018691,-2.734303412410601,3.1660002252149417
853,0.9556694362903627,0.9355837654024104,0.1278220280747,0.9504950495049505,0.7939698492462312,0.7007299270072993,0.9693251533742331,0.8067226890756303,-1.8103976876189456,2.6973237110301955
854,0.9444250957759093,0.9128380804207888,0.13447711664989,0.9702970297029703,0.7587939698492462,0.6712328767123288,0.9805194805194806,0.7935222672064778,-1.6643231669236374,2.329880617659323
855,0.916144675692059,0.8930195560716666,0.13721754744085002,0.8673469387755102,0.806930693069307,0.6854838709677419,0.9261363636363636,0.7657657657657657,-1.2911550967258518,1.9942891401321683
856,0.9487583159819206,0.9134690830803025,0.12965313759507335,0.9690721649484536,0.7389162561576355,0.6394557823129252,0.9803921568627451,0.7704918032786885,-1.6510194660929656,2.4654541789251527
857,0.9405355672848772,0.9210204015274085,0.13633036146224,0.9439252336448598,0.7202072538860104,0.6516129032258065,0.9586206896551724,0.7709923664122137,-1.6388887611919665,2.4628824436381507
858,0.9457813428401664,0.925429979964833,0.11956858881800665,0.9215686274509803,0.8232323232323232,0.7286821705426356,0.9532163742690059,0.8138528138528138,-1.279606999321215,2.346591367500281
859,0.9441968706674589,0.9123565571322738,0.12099206169074335,0.9411764705882353,0.8333333333333334,0.7441860465116279,0.9649122807017544,0.8311688311688312,-1.3219033237468925,2.239245164895291
860,0.9436385836385837,0.9299713704160512,0.12786333695451332,0.9333333333333333,0.7897435897435897,0.7050359712230215,0.9565217391304348,0.8032786885245902,-1.5288066307373964,2.254495401923663
861,0.9446153846153846,0.9236614904628361,0.1264289199462,0.9523809523809523,0.8051282051282052,0.7246376811594203,0.9691358024691358,0.823045267489712,-1.3688112724317378,2.3603647221271706
862,0.9619585866261399,0.9403523916504354,0.12071630400120331,0.9821428571428571,0.776595744680851,0.7236842105263158,0.9864864864864865,0.8333333333333334,-1.7484540640282602,2.821808755235448
863,0.9655502392344497,0.9446421656195808,0.11750929273190666,0.990909090909091,0.7894736842105263,0.7315436241610739,0.9933774834437086,0.8416988416988417,-1.7643693160773626,3.0636766937065025
864,0.9390914351851851,0.911473720865808,0.13112207744367665,0.9537037037037037,0.75,0.6821192052980133,0.9664429530201343,0.7953667953667953,-1.4843409455212178,2.13109628481172
865,0.9295348066821257,0.9177480429963204,0.13014683696708,0.9026548672566371,0.7700534759358288,0.7034482758620689,0.9290322580645162,0.7906976744186046,-1.1815378560315142,2.083678303714442
866,0.9602492587567215,0.9388311101554591,0.12200829902387333,0.9696969696969697,0.7860696517412935,0.6906474820143885,0.9813664596273292,0.8067226890756303,-1.8145647062144539,2.781458824456091
867,0.9621014242767729,0.9467983432278021,0.11630447945685334,0.9514563106796117,0.8071065989847716,0.7205882352941176,0.9695121951219512,0.8200836820083682,-1.7535565235339974,2.649424772616208
868,0.9760119940029985,0.9658652829349227,0.09963128346944666,0.9741379310344828,0.8206521739130435,0.773972602739726,0.9805194805194806,0.8625954198473282,-1.7396326228853571,2.9354989880643996
869,0.9414246467817897,0.9203590904454599,0.12861336661283,0.9423076923076923,0.7908163265306123,0.7050359712230215,0.9627329192546584,0.8065843621399177,-1.3789155787705718,2.299429926439686
870,0.9674335943128873,0.9533126734726187,0.11496701528494001,0.9724770642201835,0.8167539267015707,0.75177304964539,0.9811320754716981,0.848,-1.80191324551028,2.898954300078349
871,0.94457726581178,0.8989619421817607,0.12779811465912,0.9302325581395349,0.7897196261682243,0.64,0.9657142857142857,0.7582938388625592,-1.6120873626715309,2.399463662299594
872,0.9398000000000001,0.9111508108893126,0.12311148623937669,0.93,0.815,0.7153846153846154,0.9588235294117647,0.808695652173913,-1.3009417739049247,2.15101257191676
873,0.9494949494949495,0.9344367112363667,0.1321029363042,0.9393939393939394,0.7611940298507462,0.6595744680851063,0.9622641509433962,0.775,-1.7551734772414143,2.5692211871323654
874,0.9531100478468899,0.937898999953802,0.11866680824345001,0.9454545454545454,0.8105263157894737,0.7428571428571429,0.9625,0.832,-1.2507215652636339,2.6530335367488775
875,0.944583786853438,0.9339940033995566,0.12755567057336,0.9292035398230089,0.786096256684492,0.7241379310344828,0.9483870967741935,0.813953488372093,-1.317645363447715,2.616277546376483
876,0.9535845588235294,0.9244938834898692,0.12291833949338002,0.9479166666666666,0.8137254901960784,0.7054263565891473,0.9707602339181286,0.8088888888888889,-1.6486619057219192,2.4647069662023235
877,0.9509726542550722,0.9409368775054587,0.12536353661983998,0.9495798319327731,0.7513812154696132,0.7151898734177216,0.9577464788732394,0.8158844765342961,-1.4773055455777078,2.6523165610211934
878,0.9587876459003793,0.9440992703076078,0.12030711748120666,0.963302752293578,0.7905759162303665,0.7241379310344828,0.9741935483870968,0.8267716535433071,-1.5060318950270741,2.5841657052997298
879,0.9566310186782317,0.9300097283728895,0.12572432185904,0.970873786407767,0.7868020304568528,0.704225352112676,0.9810126582278481,0.8163265306122449,-1.862075086629527,2.506990031906073
880,0.9308507965224383,0.8820452153467712,0.13499260121183332,0.9292929292929293,0.7860696517412935,0.6814814814814815,0.9575757575757575,0.7863247863247863,-1.2631618338525106,2.1760949092933424
881,0.9486967516047461,0.9286706113311226,0.12684126984476998,0.9528301886792453,0.7989690721649485,0.7214285714285714,0.96875,0.8211382113821138,-1.4901410165490558,2.559683611178983
882,0.960226236088305,0.9534866415223093,0.11543069280955999,0.9682539682539683,0.7701149425287356,0.7530864197530864,0.9710144927536232,0.8472222222222222,-1.5450368659918812,2.627392695885241
883,0.9731746031746032,0.9454473017283823,0.11132969043498667,0.9888888888888889,0.8285714285714286,0.712,0.9942857142857143,0.827906976744186,-2.026383124630918,2.95436649604277
884,0.948464341488808,0.931031569993737,0.12615649793121,0.9380530973451328,0.7914438502673797,0.7310344827586207,0.9548387096774194,0.8217054263565892,-1.5114614163218898,2.292869484102794
885,0.953207671957672,0.8911818467775342,0.13073902200265,0.9761904761904762,0.75,0.6029411764705882,0.9878048780487805,0.7454545454545455,-2.0797826558434926,2.49057770006289
886,0.964992927864215,0.9445099966182616,0.12019623730988667,0.9591836734693877,0.7970297029702971,0.6962962962962963,0.9757575757575757,0.8068669527896996,-1.900380467045798,2.990032263387216
887,0.9480909480909481,0.9264091358802172,0.12372560777225332,0.9459459459459459,0.7883597883597884,0.7241379310344828,0.9612903225806452,0.8203125,-1.5399037147267962,2.4096790519397366
888,0.945462962962963,0.936485244246601,0.11984048073961667,0.9333333333333333,0.8166666666666667,0.7724137931034483,0.9483870967741935,0.8452830188679246,-1.049856694823528,2.397297954981051
889,0.961355829460497,0.9362400362777866,0.12829781476177335,0.9795918367346939,0.7623762376237624,0.6666666666666666,0.9871794871794872,0.7933884297520661,-2.166023845024292,2.876684246559572
890,0.9325941915227629,0.9170010052140353,0.13267467910390665,0.9230769230769231,0.7653061224489796,0.676056338028169,0.9493670886075949,0.7804878048780488,-1.3888061860123753,2.1718695487274284
891,0.9546058006535948,0.9328119546207104,0.1255110120312633,0.9479166666666666,0.7598039215686274,0.65,0.96875,0.7711864406779662,-1.7984879809568763,2.558943131090286
892,0.9680861928104575,0.9441349206070679,0.1260255212461,0.96875,0.7647058823529411,0.6595744680851063,0.9811320754716981,0.7848101265822784,-2.2785801067219564,3.236245694340185
893,0.9288400488400489,0.8991643840059382,0.13914899449804333,0.9333333333333333,0.7538461538461538,0.6712328767123288,0.9545454545454546,0.7808764940239044,-1.472448135043658,2.0638652589588147
894,0.9585597826086956,0.9240300488200799,0.12322034233277333,0.967391304347826,0.7932692307692307,0.6742424242424242,0.9821428571428571,0.7946428571428571,-1.8846634526640718,2.4532073594532386
895,0.9427522760856094,0.9250509941056059,0.13240833589189,0.9459459459459459,0.7936507936507936,0.7291666666666666,0.9615384615384616,0.8235294117647058,-1.553708310901335,2.224166372829829
896,0.9227732079905993,0.8952402895756506,0.14227190477939333,0.9391304347826087,0.7243243243243244,0.6792452830188679,0.950354609929078,0.7883211678832117,-1.262177802982614,2.057773056223541
897,0.9444677969268133,0.9131420812047137,0.12427595900584668,0.9658119658119658,0.7540983606557377,0.7151898734177216,0.971830985915493,0.8218181818181818,-1.380333373234557,2.3203711867143064
898,0.9789473684210527,0.9681110155778153,0.11893208011251331,0.9789473684210527,0.7902439024390244,0.6838235294117647,0.9878048780487805,0.8051948051948052,-2.6527007401130343,3.6359302353992744
899,0.976317229712921,0.9571174226740056,0.12575830385928333,1.0,0.7537688442211056,0.6733333333333333,1.0,0.8047808764940239,-2.77826790691256,3.6033433327374285
900,0.9555,0.9339286417153425,0.11506574397989666,0.95,0.835,0.7421875,0.9709302325581395,0.8333333333333334,-1.37827820825024,2.4896431119330327
901,0.9463694200536307,0.9123083468028159,0.15518603345473334,0.9560439560439561,0.6746411483253588,0.5612903225806452,0.9724137931034482,0.7073170731707317,-2.4270244100260743,2.3667281556931163
902,0.9443479938271604,0.9195517458905719,0.13852518442578335,0.9629629629629629,0.7135416666666666,0.6540880503144654,0.9716312056737588,0.7790262172284644,-1.7918804186899822,2.4336049686998615
903,0.9398547880690737,0.9204090376321631,0.13275340432705665,0.9326923076923077,0.7397959183673469,0.6554054054054054,0.9539473684210527,0.7698412698412699,-1.453312391455083,2.333338276435688
904,0.9468974907605524,0.9284335451661465,0.12038711656306667,0.9339622641509434,0.7938144329896907,0.7122302158273381,0.9565217391304348,0.8081632653061225,-1.3264956239678678,2.323334196783089
905,0.9537106446776612,0.938050571366714,0.11760886906276667,0.9568965517241379,0.7880434782608695,0.74,0.9666666666666667,0.8345864661654135,-1.2891617773537711,2.5607175313620996
906,0.94588733921443,0.9257532671540546,0.13090204552406334,0.941747572815534,0.7258883248730964,0.6423841059602649,0.959731543624161,0.7637795275590551,-1.6460240396051562,2.256156984623246
907,0.9336285387332703,0.9123620224482748,0.14208602008095667,0.9207920792079208,0.7135678391959799,0.62,0.9466666666666667,0.7410358565737052,-1.7214383369951576,2.242935195522751
908,0.9488061617458281,0.9277156667964042,0.13870761869324,0.9473684210526315,0.7317073170731707,0.6206896551724138,0.967741935483871,0.75,-2.0161863548337666,2.64488146181157
909,0.9562860381449902,0.9317999844121131,0.12331413625468333,0.9611650485436893,0.817258883248731,0.7333333333333333,0.9757575757575757,0.8319327731092437,-1.660724086728867,2.544979571149608
910,0.9555816686251469,0.9365002586034267,0.11975040220068665,0.9739130434782609,0.7783783783783784,0.7320261437908496,0.9795918367346939,0.835820895522388,-1.5326456342658703,2.5890383301195667
911,0.938061938061938,0.9092513532101247,0.13243189519536333,0.9120879120879121,0.7799043062200957,0.6434108527131783,0.9532163742690059,0.7545454545454545,-1.733947633053917,2.1189022910478212
912,0.9568635255485347,0.9287081472781212,0.12548834500810999,0.9603960396039604,0.7738693467336684,0.6830985915492958,0.9746835443037974,0.7983539094650206,-1.922011945119144,2.52136972612403
913,0.9618241235888295,0.9391871245778856,0.12800316014708668,0.9705882352941176,0.7474747474747475,0.6644295302013423,0.9801324503311258,0.7888446215139442,-2.223578870656085,2.634925411128123
914,0.936734098424431,0.9094753373744897,0.13231234532704667,0.9339622641509434,0.7835051546391752,0.7021276595744681,0.9559748427672956,0.8016194331983806,-1.3752004906609627,2.2241014106005426
915,0.9476619476619477,0.9413865082291969,0.12484689061099999,0.9369369369369369,0.7777777777777778,0.7123287671232876,0.9545454545454546,0.8093385214007782,-1.467035160156331,2.452239088413712
916,0.9358177023732523,0.9149289716063842,0.13627346152672332,0.9108910891089109,0.7587939698492462,0.6571428571428571,0.94375,0.7634854771784232,-1.5228993767913301,2.1954274985524176
917,0.9720099153067548,0.9485708146189261,0.11568912628631665,0.9893617021276596,0.8252427184466019,0.7209302325581395,0.9941520467836257,0.8340807174887892,-1.8170089334454436,3.116175373444877
918,0.9663003663003663,0.9523272009994984,0.11576054381734001,0.9619047619047619,0.7794871794871795,0.7013888888888888,0.9743589743589743,0.8112449799196787,-1.9382899780819483,2.7374026165939638
919,0.9572403547054181,0.9396549610823468,0.12335046548436665,0.9831932773109243,0.7734806629834254,0.740506329113924,0.9859154929577465,0.8447653429602888,-1.6808211976674832,2.7916131024949236
920,0.9607215021438076,0.9400564071549906,0.11723729615937332,0.9514563106796117,0.7969543147208121,0.7101449275362319,0.9691358024691358,0.8132780082987552,-1.7156844438455108,2.577977987452359
921,0.9375092405499975,0.9048990950444751,0.12787272514142334,0.9320388349514563,0.7817258883248731,0.6906474820143885,0.9565217391304348,0.7933884297520661,-1.2547686468879091,2.101147759128066
922,0.9425692929105344,0.9250063683242318,0.12444872903730667,0.9411764705882353,0.7734806629834254,0.7320261437908496,0.9523809523809523,0.8235294117647058,-1.3171679972579597,2.15082307351445
923,0.9561149691358024,0.9434518613651239,0.11873040164886334,0.9537037037037037,0.7916666666666666,0.7202797202797203,0.9681528662420382,0.8207171314741036,-1.4857565909172177,2.7499881068720153
924,0.9585841999635103,0.953698359621582,0.11853172048003667,0.9682539682539683,0.7816091954022989,0.7625,0.9714285714285714,0.8531468531468531,-1.5280852301537617,2.603494193258159
925,0.9633211233211233,0.9310715211864151,0.12799548512731002,0.9904761904761905,0.717948717948718,0.6540880503144654,0.9929078014184397,0.7878787878787878,-2.0476925399871564,2.9399473710271256
926,0.9411528217498367,0.9124821862229628,0.13587142130554666,0.9393939393939394,0.7910447761194029,0.6888888888888889,0.9636363636363636,0.7948717948717948,-1.550611379459233,2.465676957655801
927,0.9696214896214895,0.9505006084684143,0.11691605850852667,0.9809523809523809,0.8051282051282052,0.7304964539007093,0.9874213836477987,0.8373983739837398,-1.7793374624978346,3.0552438424675836
928,0.9475078492935637,0.9228370657514646,0.12746929363355666,0.9519230769230769,0.7602040816326531,0.678082191780822,0.9675324675324676,0.792,-1.4568995938723848,2.5205981143639185
929,0.9636797850639336,0.951324068025455,0.11744608046763334,0.9504950495049505,0.7989949748743719,0.7058823529411765,0.9695121951219512,0.810126582278481,-1.9714681962973515,2.7426942255170412
930,0.9726393059726393,0.9660127589685484,0.11364218963849666,0.972972972972973,0.7883597883597884,0.7297297297297297,0.9802631578947368,0.833976833976834,-2.1004173010507863,3.1679115334818535
931,0.9253363560199104,0.9033249844819377,0.13439514646862666,0.912621359223301,0.7766497461928934,0.6811594202898551,0.9444444444444444,0.7800829875518672,-1.2436323378383292,2.167952255364348
932,0.9701225122270108,0.9573200598537323,0.11728693925363999,0.9719626168224299,0.7772020725388601,0.7074829931972789,0.9803921568627451,0.8188976377952756,-2.1239943559682457,2.8997559248725864
933,0.9523051697530864,0.9376778342195666,0.12601994902264002,0.9537037037037037,0.7760416666666666,0.7054794520547946,0.9675324675324676,0.8110236220472441,-1.6031464324028988,2.5514234827610727
934,0.9468703148425787,0.9383582351718619,0.11374235300769332,0.9224137931034483,0.8369565217391305,0.781021897810219,0.9447852760736196,0.8458498023715415,-0.9403401034822549,2.340956396771464
935,0.9393278271258635,0.8921551953366976,0.14106456887142335,0.967741935483871,0.7342995169082126,0.6206896551724138,0.9806451612903225,0.7563025210084033,-1.7301930353615014,2.2128911232070263
936,0.9699113374834937,0.95658773281996,0.11946293032218668,0.9824561403508771,0.7849462365591398,0.7368421052631579,0.9864864864864865,0.8421052631578947,-2.087635578505577,3.3166599611971423
937,0.9660164512338426,0.95847569385718,0.11208084132866332,0.9652173913043478,0.7837837837837838,0.7350993377483444,0.9731543624161074,0.8345864661654135,-1.6166105890614242,2.701333557770495
938,0.9259277512197526,0.9063201908507412,0.13785434440477334,0.9029126213592233,0.7715736040609137,0.6739130434782609,0.9382716049382716,0.7717842323651453,-1.3546434076510083,1.9814483223053831
939,0.9532158124789856,0.937378697563121,0.12533754705797,0.963302752293578,0.7905759162303665,0.7241379310344828,0.9741935483870968,0.8267716535433071,-1.5775428293090876,2.5398511441446336
940,0.9730711186568571,0.9617900545875177,0.10919041049359,0.9736842105263158,0.8064516129032258,0.7551020408163265,0.9803921568627451,0.8505747126436781,-1.7412916905880451,3.281517339532451
941,0.9571719274998817,0.9439704219612747,0.11904835586204002,0.9557522123893806,0.7967914438502673,0.7397260273972602,0.9675324675324676,0.833976833976834,-1.5807593259914932,2.5107341017387586
942,0.9425152625152625,0.9130474085077125,0.13095114754308335,0.9619047619047619,0.7538461538461538,0.6778523489932886,0.9735099337748344,0.7952755905511811,-1.4832261441030994,2.285165699686609
943,0.9358664955070604,0.9133996630787091,0.13422155749961334,0.9157894736842105,0.7902439024390244,0.6692307692307692,0.9529411764705882,0.7733333333333333,-1.6209498275024692,2.288884421009796
944,0.9301660834852891,0.8931004498608578,0.13029139832273,0.9223300970873787,0.7715736040609137,0.6785714285714286,0.95,0.7818930041152263,-1.1956124437803217,2.0185842771693245
945,0.9549760765550239,0.9361364071887682,0.12090605614066999,0.9636363636363636,0.8052631578947368,0.7412587412587412,0.9745222929936306,0.8379446640316206,-1.4645283749669327,2.5121976028617508
946,0.9354916182333446,0.9177399169407889,0.13447233782416668,0.9357798165137615,0.743455497382199,0.6754966887417219,0.9530201342281879,0.7846153846153846,-1.437149717012941,2.235583970681688
947,0.9566745890275302,0.9418725012693817,0.12129106685745335,0.9411764705882353,0.7676767676767676,0.676056338028169,0.9620253164556962,0.7868852459016393,-1.6222205942799524,2.5587183499018766
948,0.9735,0.9581162308692338,0.12556711435022,0.99,0.77,0.6827586206896552,0.9935483870967742,0.8081632653061225,-2.5058088886066185,3.236713911716739
949,0.9286446886446885,0.9045784497337562,0.14020933482142667,0.9142857142857143,0.7487179487179487,0.6620689655172414,0.9419354838709677,0.768,-1.4471877347738897,2.076396233261807
950,0.961734693877551,0.949764393155361,0.12178518118037332,0.9615384615384616,0.7857142857142857,0.704225352112676,0.9746835443037974,0.8130081300813008,-1.7896083872072857,2.8691294936013665
951,0.9559469063545152,0.9336090011342627,0.1267738185551467,0.9565217391304348,0.7884615384615384,0.6666666666666666,0.9761904761904762,0.7857142857142857,-1.7573618557776098,2.816389538204152
952,0.96085391947092,0.9516097592856437,0.12588527934910335,0.9622641509433962,0.7525773195876289,0.68,0.9733333333333334,0.796875,-2.0163860543327883,2.660730231209541
953,0.9675318590704648,0.9607631189298571,0.11182235890459331,0.9655172413793104,0.8206521739130435,0.7724137931034483,0.9741935483870968,0.8582375478927203,-1.5008992542468327,3.1111233517759582
954,0.9298148148148149,0.9149641830815742,0.13615862791715,0.9416666666666667,0.7555555555555555,0.7197452229299363,0.951048951048951,0.8158844765342961,-1.243821373590475,2.044254173107993
955,0.9631,0.9442253251794321,0.12555077856582,0.97,0.79,0.697841726618705,0.9813664596273292,0.8117154811715481,-1.8371681899059882,2.9727853402009927
956,0.9295910493827161,0.8983902799576899,0.13265558756983,0.9351851851851852,0.7708333333333334,0.696551724137931,0.9548387096774194,0.7984189723320159,-1.2287026486071866,2.016112378267483
957,0.96069637345679,0.9399538906077941,0.12749228519176334,0.9814814814814815,0.765625,0.7019867549668874,0.9865771812080537,0.8185328185328186,-1.948641322445729,2.7177474764230807
958,0.9254486394376698,0.8978933509758821,0.14866845430095002,0.9101123595505618,0.7393364928909952,0.5955882352941176,0.9512195121951219,0.72,-1.8899895919336271,2.040364917898351
959,0.9580109408111972,0.9369546273168249,0.12134473722048332,0.9611650485436893,0.7614213197969543,0.678082191780822,0.974025974025974,0.7951807228915663,-1.8030993166515907,2.534444035742627
960,0.9599382267441859,0.956880749996108,0.11075752330401,0.953125,0.813953488372093,0.7922077922077922,0.958904109589041,0.8652482269503546,-1.142175409703834,2.739391525070931
961,0.9548717948717949,0.937636513207599,0.12521772760983998,0.9523809523809523,0.7846153846153846,0.704225352112676,0.9683544303797469,0.8097165991902834,-1.7016168436716002,2.610658470811589
962,0.9437689969604864,0.9289087883559205,0.12819371528110665,0.9375,0.7659574468085106,0.7046979865771812,0.9536423841059603,0.8045977011494253,-1.355941619596272,2.331647819577481
963,0.9337715855572998,0.9123989358962117,0.1415482472941867,0.9519230769230769,0.7397959183673469,0.66,0.9666666666666667,0.7795275590551181,-1.637982873769747,2.397711261446749
964,0.9282843445837974,0.9010116432713988,0.13944368309460334,0.9345794392523364,0.7409326424870466,0.6666666666666666,0.9533333333333334,0.7782101167315175,-1.3362057783833545,2.185666962153412
965,0.958729036168923,0.9344798373894361,0.12851048998643,0.9591836734693877,0.7871287128712872,0.6861313868613139,0.9754601226993865,0.8,-1.8452731435009244,3.0022079792222827
966,0.9369474969474969,0.9159154814574756,0.13484445020079666,0.9333333333333333,0.7692307692307693,0.6853146853146853,0.9554140127388535,0.7903225806451613,-1.5292613853330188,2.2256758482807113
967,0.9481803984667077,0.9342082373656695,0.12594321518352664,0.9469026548672567,0.7647058823529411,0.7086092715231788,0.959731543624161,0.8106060606060606,-1.4510692069057356,2.534613881764545
968,0.9582439582439582,0.9465552988584104,0.12226652334782334,0.963963963963964,0.7724867724867724,0.7133333333333334,0.9733333333333334,0.8199233716475096,-1.6590159337868189,2.671877589499799
969,0.9289641203703703,0.8918973324750353,0.14077412836486,0.9537037037037037,0.7447916666666666,0.6776315789473685,0.9662162162162162,0.7923076923076923,-1.4965338254401774,1.9535570372860878
970,0.9446153846153845,0.9181001252360353,0.12839185490426,0.9428571428571428,0.7948717948717948,0.7122302158273381,0.9627329192546584,0.8114754098360656,-1.459730975136763,2.3627899990305674
971,0.959366680678156,0.9499961463302868,0.12157749402056335,0.9572649572649573,0.7650273224043715,0.7225806451612903,0.9655172413793104,0.8235294117647058,-1.624404678391505,2.7087608794222477
972,0.9729629629629629,0.9415207256290006,0.12288384324457001,0.9888888888888889,0.8,0.6793893129770993,0.9940828402366864,0.8054298642533937,-2.39561324193459,3.0801429786218217
973,0.958448883666275,0.9491242285090058,0.11865264606696999,0.9652173913043478,0.827027027027027,0.7762237762237763,0.9745222929936306,0.8604651162790697,-1.611508548822769,2.563743239271946
974,0.9542490762877637,0.9045244726605302,0.13801977306358,0.9767441860465116,0.7616822429906542,0.6222222222222222,0.9878787878787879,0.7601809954751131,-2.0978180349537534,2.600090309898211
975,0.9604319939634032,0.9458349674096896,0.13156330187877335,0.9912280701754386,0.7258064516129032,0.6890243902439024,0.9926470588235294,0.8129496402877698,-1.998937352436945,2.9211139954972594
976,0.9169560185185185,0.9055250737443532,0.14278467116008334,0.8888888888888888,0.7239583333333334,0.6442953020134228,0.9205298013245033,0.7470817120622568,-1.3396544567295865,1.8813400563429157
977,0.9630378000098566,0.9380000053654833,0.11900254256116334,0.9805825242718447,0.8121827411167513,0.7318840579710145,0.9876543209876543,0.8381742738589212,-1.646685728479573,2.8445029218331035
978,0.9394434541493364,0.9107778037754697,0.1293857498751,0.9313725490196079,0.7626262626262627,0.6690140845070423,0.9556962025316456,0.7786885245901639,-1.43907993746824,2.132670790814758
979,0.9564,0.9358088370881125,0.12682128664813003,0.97,0.76,0.6689655172413793,0.9806451612903225,0.7918367346938775,-1.7780021442033664,2.7131556646628603
980,0.9539244714560283,0.921012430147253,0.13125839505762,0.946236559139785,0.782608695652174,0.6616541353383458,0.9700598802395209,0.7787610619469026,-1.9224141325909052,2.4838656189429957
981,0.9591784338896021,0.9248903178149807,0.12613700479599999,0.9789473684210527,0.775609756097561,0.6690647482014388,0.9875776397515528,0.7948717948717948,-1.8626223007279517,2.5807060469392695
982,0.9398477536195831,0.9110017443310411,0.13229411885204334,0.9405940594059405,0.7487437185929648,0.6551724137931034,0.9612903225806452,0.7723577235772358,-1.6254005913278258,2.128412897559071
983,0.9455921855921855,0.923791032490917,0.12774943439681335,0.9523809523809523,0.764102564102564,0.684931506849315,0.9675324675324676,0.796812749003984,-1.4703160464240508,2.4290586230361275
984,0.9506715506715507,0.925577463147651,0.12340693685693999,0.9619047619047619,0.7948717948717948,0.7163120567375887,0.9748427672955975,0.8211382113821138,-1.5146355025323193,2.4567455292977853
985,0.931542328982784,0.8963347438436442,0.13693362653252,0.9278350515463918,0.7783251231527094,0.6666666666666666,0.9575757575757575,0.7758620689655172,-1.4774147858300495,2.1202035215562147
986,0.9594907955137003,0.9529512768072755,0.12016191200893668,0.9469026548672567,0.7754010695187166,0.7181208053691275,0.9602649006622517,0.816793893129771,-1.6198549294344584,2.6914252867469446
987,0.9461805555555556,0.9088626380329702,0.13744524788201665,0.96875,0.7303921568627451,0.6283783783783784,0.9802631578947368,0.7622950819672131,-1.781657344524993,2.4507152484675108
988,0.9609105106242014,0.9423596808100866,0.11698345914645335,0.9734513274336283,0.7967914438502673,0.7432432432432432,0.9802631578947368,0.842911877394636,-1.5493023481472261,2.6003774147529684
989,0.957206769111068,0.9310837372076729,0.11940197981564334,0.9622641509433962,0.8092783505154639,0.7338129496402878,0.9751552795031055,0.8326530612244898,-1.4257966517310787,2.8117848935166587
990,0.9753568672839505,0.9616888662887648,0.10850062894958332,0.9907407407407407,0.8229166666666666,0.7588652482269503,0.9937106918238994,0.8594377510040161,-1.7685032104377991,3.365281544373175
991,0.9580952380952381,0.9353564943912626,0.12378055869461667,0.9555555555555556,0.8095238095238095,0.6825396825396826,0.9770114942528736,0.7962962962962963,-1.9317095872421952,2.7830948837162546
992,0.9647784280936454,0.9455466473279688,0.11631667599539,0.9456521739130435,0.7980769230769231,0.6744186046511628,0.9707602339181286,0.7873303167420814,-1.9663168312005896,2.6358975528920383
993,0.9294477085781435,0.9063305715177309,0.1280119179591233,0.9217391304347826,0.772972972972973,0.7162162162162162,0.9407894736842105,0.8060836501901141,-1.0744362261543272,1.9379826964704245
994,0.9602965321657794,0.9363845963670497,0.12344736544031998,0.9801980198019802,0.7839195979899497,0.6971830985915493,0.9873417721518988,0.8148148148148148,-1.903182348609594,2.4757474963111137
995,0.963076923076923,0.9391192973589564,0.12041382865519999,0.9714285714285714,0.8,0.723404255319149,0.9811320754716981,0.8292682926829268,-1.8144626494564309,2.694364988766916
996,0.9465569917743831,0.9279388695972255,0.12744809632918333,0.9652173913043478,0.8108108108108109,0.7602739726027398,0.974025974025974,0.8505747126436781,-1.3770142879347693,2.376229836822701
997,0.9444596443228455,0.8996468780358305,0.13381532877873667,0.9529411764705882,0.786046511627907,0.6377952755905512,0.976878612716763,0.7641509433962265,-1.776759523811853,2.40886865034074
998,0.952767902488573,0.9427294780657786,0.11619923756304668,0.9421487603305785,0.7988826815642458,0.76,0.9533333333333334,0.8413284132841329,-1.3575733435259858,2.4922654711263603
999,0.9526883840126165,0.9287600382973656,0.13676877255797334,0.9805825242718447,0.700507614213198,0.63125,0.9857142857142858,0.7680608365019012,-1.987209027028178,2.756366434022733
